1.247765662372125007e+04 1.334831022021999888e+04 1.427551446736749313e+04 1.526217906938152555e+04 1.631122081262007487e+04 1.742553156234509152e+04 1.860796639115687503e+04 1.986128375973202492e+04 2.118809372179581624e+04 2.259082302869413979e+04 2.407164938373256882e+04 2.563244096883646853e+04 2.727469130076745569e+04 2.899944586088715732e+04 3.080720758571939223e+04 3.269786420270257804e+04 3.467060739164410188e+04 3.672378895799311431e+04 3.885482277604921546e+04 4.106005767385420040e+04 4.333461676670520683e+04 4.567225117264734581e+04 4.806528658304439887e+04 5.050436950419482309e+04 5.297807425093209167e+04 5.547425026645830803e+04 5.797739063216486102e+04 6.046720269877250394e+04 6.292332486500020605e+04 6.532435641179391678e+04 6.764605882535665296e+04 6.985982615514787904e+04 7.193401702928736631e+04 7.383439801485385397e+04 7.552450832517768140e+04 7.696592892351196497e+04 7.811784335313652991e+04 7.893842787373195461e+04 7.938629222126271634e+04 7.942156276214311947e+04 7.900821769332927943e+04 7.811689748702142970e+04 7.672801119068393018e+04 7.483550133984901186e+04 7.245131307722094061e+04 6.960878771781962132e+04 6.636528184278699337e+04 6.280404728043187788e+04 5.903242440221675497e+04 5.517489401308193919e+04 5.136517052005540609e+04 4.774267836319956405e+04 4.440960297267699934e+04 4.143585295719195710e+04 3.890396004656312289e+04 3.674523390371374262e+04 3.482876035712065641e+04 3.302405684283115988e+04 3.117122451158463809e+04 2.908575708190057048e+04 2.667047137829389612e+04 2.401991953060411106e+04 2.137724335201759459e+04 1.899864722933367011e+04 1.707321049860664789e+04 1.564627108171082909e+04 1.454240884351150271e+04 1.347303684353142853e+04 1.225719852597428689e+04 1.095581384965453435e+04 9.767581359545874875e+03 8.846426303100497535e+03 8.108559569404002104e+03 7.395750536678299795e+03 6.671433605736563550e+03 6.029082060795861253e+03 5.494596169959188046e+03 5.008972835361379111e+03 4.554016982397429274e+03 4.155200808322078046e+03 3.801044520183535042e+03 3.477919410186033929e+03 3.192224913454382204e+03 2.934840926286658487e+03 2.703723665227691072e+03 2.496250826628248888e+03 2.308876705584389128e+03 2.139742063264403441e+03 1.986393160670373618e+03 1.846430573393901113e+03 1.718495551347821674e+03 1.600588736050599437e+03 1.491262503160012102e+03 1.389327814399833414e+03 1.293691736392581333e+03 1.203392182035820724e+03 1.117657982992926463e+03 1.035905929428197396e+03 9.577059809851219825e+02 8.827518226999625313e+02 8.109124229953771419e+02 7.421655965766065037e+02 6.765311731239522715e+02 6.141480856111464846e+02 5.551921079620203727e+02 4.997939900438250334e+02 4.480991722994130555e+02 4.002169146710883183e+02 3.561731849748177297e+02 3.159442454399901976e+02 2.794502582391099281e+02 2.465495380878292337e+02 2.170486619524462242e+02 1.907225068831215538e+02 1.673305067035402658e+02 1.466180444979351591e+02 1.283311982354091754e+02 1.122275450996311861e+02 9.807069944211924906e+01 8.563972377789794166e+01 7.473575580379539929e+01 6.517703168747026155e+01 5.680056603822788475e+01 4.946334014931996137e+01 4.304204094131487324e+01 3.742859661005682881e+01 3.252676836422248385e+01 2.825270542172965804e+01
1.217180952083807642e+04 1.302112887111054260e+04 1.392561263378386866e+04 1.488809708850224888e+04 1.591142882237446975e+04 1.699843672371728098e+04 1.815189667229378756e+04 1.937449929371073085e+04 2.066880139471819712e+04 2.203715915670322283e+04 2.348169787053503751e+04 2.500424682424985076e+04 2.660626253772061682e+04 2.828875542670675350e+04 3.005222358596323465e+04 3.189656557786182020e+04 3.382097950555826537e+04 3.582386242158228561e+04 3.790270065442105260e+04 4.005393374963791575e+04 4.227279577266923297e+04 4.455320113852313079e+04 4.688766954793851619e+04 4.926707011196424719e+04 5.168026184258439753e+04 5.411539892642576888e+04 5.655736744578897924e+04 5.898638704138083995e+04 6.138258276585887506e+04 6.372509464715159265e+04 6.599030530624465609e+04 6.815030844015647017e+04 7.017425794556467736e+04 7.202878553342746454e+04 7.367834742386393191e+04 7.508548946559730393e+04 7.621042337463765580e+04 7.701238921587941877e+04 7.745105226873958600e+04 7.748753215868677944e+04 7.708670913231630402e+04 7.621996534009135212e+04 7.486819590687019809e+04 7.302544418923815829e+04 7.070330599172451184e+04 6.793419627286749892e+04 6.477385737038107618e+04 6.130330086134796875e+04 5.762703427393862512e+04 5.386630226358377695e+04 5.015142507504436071e+04 4.661843318284532870e+04 4.336711765963963262e+04 4.046593541911757347e+04 3.799601155838029808e+04 3.589057192429473071e+04 3.402191380751902761e+04 3.226256666783481705e+04 3.045587160781409330e+04 2.842044545068886146e+04 2.606003764490013054e+04 2.346666957085564718e+04 2.087888632278570731e+04 1.854881863498838720e+04 1.666347104012634736e+04 1.526871226799708347e+04 1.419240355140509928e+04 1.314952115269197384e+04 1.196023817056800181e+04 1.068381102573049247e+04 9.517730521494799177e+03 8.616117104372468020e+03 7.896463099032882383e+03 7.200418125146125931e+03 6.490715243998964070e+03 5.861483835804584487e+03 5.339377343464773730e+03 4.864917098452626306e+03 4.419828117513735378e+03 4.030028520013532670e+03 3.684053155083656293e+03 3.368350520097473691e+03 3.089340188159506397e+03 2.838066202564973082e+03 2.612526842293614209e+03 2.410159238100546645e+03 2.227502383542167536e+03 2.062735104449551272e+03 1.913460755967898194e+03 1.777341459672833253e+03 1.653045340435872049e+03 1.538621482172809692e+03 1.432655265540043274e+03 1.333983575443168320e+03 1.241534576474781943e+03 1.154362679808154098e+03 1.071708059950669394e+03 9.929905952037324823e+02 9.177777287885074884e+02 8.457579041667823958e+02 7.767874924528422298e+02 7.108284111287675842e+02 6.478857349796625158e+02 5.880805601865845347e+02 5.315715124129001197e+02 4.784768100633871200e+02 4.289319652758072721e+02 3.830398663406107858e+02 3.408246592104121646e+02 3.022652319498952806e+02 2.672873613871548741e+02 2.357567140669498826e+02 2.074890338988576559e+02 1.822691859300522594e+02 1.598665731547066002e+02 1.400364076393406094e+02 1.225342946391581052e+02 1.071269514172259107e+02 9.358715215512283692e+01 8.170260755091139515e+01 7.128216875910888461e+01 6.215088734233668788e+01 5.415185834995533298e+01 4.714754740032911684e+01 4.101965750729653593e+01 3.566463053449430021e+01 3.099020924803839350e+01 2.691591583747600325e+01
1.187257470274443222e+04 1.270102088796435783e+04 1.358327662878744195e+04 1.452210645689697412e+04 1.552028648166272797e+04 1.658057885004197306e+04 1.770569043706423690e+04 1.889824300883668548e+04 2.016073025535985289e+04 2.149545772071924875e+04 2.290450140410803942e+04 2.438963887092961158e+04 2.595228106520558504e+04 2.759342739400541541e+04 2.931356186221887765e+04 3.111257970793018467e+04 3.298971236842830695e+04 3.494339539685381897e+04 3.697117019214227912e+04 3.906956203667358932e+04 4.123393142369114503e+04 4.345834344487718045e+04 4.573550146123320155e+04 4.805650350371666718e+04 5.041048914411705482e+04 5.278590512755685631e+04 5.516801312363976467e+04 5.753753028835287842e+04 5.987507356246165727e+04 6.216030577148449083e+04 6.437020558960532071e+04 6.647756694345865981e+04 6.845232440197365941e+04 7.026195326722560276e+04 7.187179678427158797e+04 7.324532252200186485e+04 7.434377398292014550e+04 7.512743281203787774e+04 7.555695855773174844e+04 7.559446389440706116e+04 7.520572680926810426e+04 7.436284785450821801e+04 7.304718546231526125e+04 7.125291127481457079e+04 6.899124426064567524e+04 6.629367810163075046e+04 6.321447476438896410e+04 5.983243641567524901e+04 5.624930332045398973e+04 5.258318409275088197e+04 4.896104345305656170e+04 4.551561223486006929e+04 4.234435218229197926e+04 3.951426711256519775e+04 3.710505224758553231e+04 3.505179831767683208e+04 3.322994435406457342e+04 3.151497849583828429e+04 2.975344802306905694e+04 2.776709254651003357e+04 2.546064167621227170e+04 2.292363225659109230e+04 2.039002165391111339e+04 1.810789558165569906e+04 1.626211459362230744e+04 1.489901802137734012e+04 1.384972958412843218e+04 1.283282588609983395e+04 1.166968240264521592e+04 1.041791978922413728e+04 9.273734273104406384e+03 8.391349918066271130e+03 7.689557407826206145e+03 7.009979575280151948e+03 6.314667373280908578e+03 5.698342184171136068e+03 5.188402325702934831e+03 4.724917904564671517e+03 4.289521449069985465e+03 3.908581548159645990e+03 3.570645841067241236e+03 3.262229623222193823e+03 2.989782581553033197e+03 2.744505113881129091e+03 2.524436201737833926e+03 2.327073397261264290e+03 2.149038835948340875e+03 1.988546248372577566e+03 1.843257132482511906e+03 1.710892428459391112e+03 1.590146210889261056e+03 1.479116679364952688e+03 1.376421031436195562e+03 1.280920871912892153e+03 1.191565009732518092e+03 1.107424345745908113e+03 1.027750464735032210e+03 9.519665520243243009e+02 8.796378795282180363e+02 8.104480875598974308e+02 7.442417303578189376e+02 6.809657606346529519e+02 6.206113551287257906e+02 5.632827211854229290e+02 5.091222487538526025e+02 4.582363542358623931e+02 4.107512422647721451e+02 3.667639177428920334e+02 3.262970134471439678e+02 2.893320760273412020e+02 2.558003950345669750e+02 2.255748754299809775e+02 1.984802848890488463e+02 1.743113099562635853e+02 1.528471482131398602e+02 1.338527081278929529e+02 1.170929775953590024e+02 1.023436111041123127e+02 8.938624400078448673e+01 7.801690864267673930e+01 6.805187189346267473e+01 5.932273672086564176e+01 5.167843717629911282e+01 4.498669495944934482e+01 3.913400502473341902e+01 3.402111322169572105e+01 2.955955691933734641e+01 2.567207293474005070e+01
1.158002685176947125e+04 1.238806529795521783e+04 1.324858763246679700e+04 1.416429026444043302e+04 1.513788102195551073e+04 1.617205527341895140e+04 1.726945340631158251e+04 1.843263120684062233e+04 1.966401956518426960e+04 2.096586908094405953e+04 2.234020290619664229e+04 2.378875519023026936e+04 2.531290735279428918e+04 2.691363342794280106e+04 2.859140521844156683e+04 3.034611908423826389e+04 3.217702136112365770e+04 3.408259423847793369e+04 3.606044187931444321e+04 3.810717261419013812e+04 4.021826796650096367e+04 4.238793089820328896e+04 4.460905005778325722e+04 4.687296140447449579e+04 4.916905497133640165e+04 5.148607822181108349e+04 5.380966546507032763e+04 5.612098628919740440e+04 5.840117111583221413e+04 6.063040135783247388e+04 6.278621935064917488e+04 6.484209645983352675e+04 6.676871476556189009e+04 6.853437801016042067e+04 7.010532028966295184e+04 7.144592178208539553e+04 7.251839954438777932e+04 7.328404019614902791e+04 7.370450824047827336e+04 7.374289808315930713e+04 7.336582243112007563e+04 7.254607047962896468e+04 7.126550361696144682e+04 6.951838327603973448e+04 6.731559306775018922e+04 6.468775965683622053e+04 6.168763424409458821e+04 5.839192290230902290e+04 5.489967296127070585e+04 5.132590307976528129e+04 4.779437154718857346e+04 4.443454806127765187e+04 4.134158207728607522e+04 3.858105987820199516e+04 3.623122901179034670e+04 3.422901824356469297e+04 3.245292496023134663e+04 3.078131994601787665e+04 2.906394352156349851e+04 2.712565044965040943e+04 2.487217744340837453e+04 2.239064779623970753e+04 1.991046713133387311e+04 1.767565650165388433e+04 1.586890297833704790e+04 1.453694185802264656e+04 1.351413304890137806e+04 1.252269666676740599e+04 1.138527923376512263e+04 1.015788887148158574e+04 9.035345499589353494e+03 8.171882778018025419e+03 7.487606206716805900e+03 6.824203677575544134e+03 6.143067492258956918e+03 5.539443849084966132e+03 5.041464245496536023e+03 4.588775272143914663e+03 4.162904740408411271e+03 3.790673508851690258e+03 3.460643621138920480e+03 3.159385487587840544e+03 2.893388114912196670e+03 2.654000202526219255e+03 2.439302023567375727e+03 2.246851268350724695e+03 2.073348530959430718e+03 1.917045358253686118e+03 1.775657741920198532e+03 1.646965818016730509e+03 1.529688409086137654e+03 1.421971285416803767e+03 1.322463005754281767e+03 1.230049689936934783e+03 1.143700526484706870e+03 1.062502649036199728e+03 9.857189083222290265e+02 9.127759669565981540e+02 8.432372908435605723e+02 7.767821223280906224e+02 7.132438103561859180e+02 6.525550464549525032e+02 5.946937556532524241e+02 5.397479230157733809e+02 4.878443469998530873e+02 4.390781879706204336e+02 3.935667145651707415e+02 3.514013395241946682e+02 3.126034720483479532e+02 2.771576239701532813e+02 2.450008768243684187e+02 2.160135948626799802e+02 1.900298486250819394e+02 1.668543585533591056e+02 1.462761532271808846e+02 1.280696335336263019e+02 1.120088616496880434e+02 9.787812551591420629e+01 8.546759129266565935e+01 7.458128818831431772e+01 6.504261693324201588e+01 5.668957587100013740e+01 4.937680810149829824e+01 4.297710079588761545e+01 3.738140877675250096e+01 3.249443340533787250e+01 2.823124106548558387e+01 2.451764394716652973e+01
1.129421610647443231e+04 1.208231587140678130e+04 1.292160455035816631e+04 1.381471336556665665e+04 1.476428231438630064e+04 1.577293899392799904e+04 1.684325846660316893e+04 1.797773470046002330e+04 1.917873999785618071e+04 2.044846819111539662e+04 2.178889213656735228e+04 2.320170488976867273e+04 2.468825570899823651e+04 2.624949033336665889e+04 2.788586859895174712e+04 2.959729585306120862e+04 3.138304383801993390e+04 3.324161598219285224e+04 3.517067659920211736e+04 3.716693341270376550e+04 3.922597467418498854e+04 4.134214997226089326e+04 4.350852305835121660e+04 4.571664054904563091e+04 4.795617380300003424e+04 5.021613947944934625e+04 5.248252683894186339e+04 5.473700164514665812e+04 5.696114316270520067e+04 5.913562408541707555e+04 6.123856351194953459e+04 6.324410202128664969e+04 6.512366525318094500e+04 6.684635276134862215e+04 6.837924388040541089e+04 6.968762464697155519e+04 7.073465697322669439e+04 7.148260670470842160e+04 7.189412341150385328e+04 7.193322846097442380e+04 7.156739378143708745e+04 7.077009964893720462e+04 6.952363215184383444e+04 6.782237641169087146e+04 6.567689461502122867e+04 6.311696152357312531e+04 6.019389494477015251e+04 5.698233858834380953e+04 5.357872223522730928e+04 5.009507684831714141e+04 4.665200778371850174e+04 4.337581681441884575e+04 4.035939304966269265e+04 3.766690183214151330e+04 3.537515852848063514e+04 3.342285395141971094e+04 3.169147758799251096e+04 3.006224386855423654e+04 2.838801899562993640e+04 2.649677181284746621e+04 2.429529300922694529e+04 2.186832860623625311e+04 1.944078314552442316e+04 1.725262124494131422e+04 1.548431058031435714e+04 1.418293158969642354e+04 1.318604618920479152e+04 1.221954617847957888e+04 1.110741088005825077e+04 9.904066542965661938e+03 8.802877509563966669e+03 7.958004519800715570e+03 7.290872868799856406e+03 6.643329001172797689e+03 5.976131445707347666e+03 5.384981938788741900e+03 4.898734306719733468e+03 4.456638619753396597e+03 4.040109199449394509e+03 3.676418339612774616e+03 3.354142844567065367e+03 3.059897580561617360e+03 2.800219933513254546e+03 2.566599170811547992e+03 2.357157811797262639e+03 2.169510640668918768e+03 2.000437381156359606e+03 1.848224895779915869e+03 1.710643357847070320e+03 1.585529768594585903e+03 1.471625887904053570e+03 1.367127353666631507e+03 1.270712738761633091e+03 1.181290942256734070e+03 1.097851024580699232e+03 1.019496540770275942e+03 9.455018494552491575e+02 8.752974428270917997e+02 8.084454262169404046e+02 7.446211596536422803e+02 6.836475953474384823e+02 6.254440855049500669e+02 5.699761348199135682e+02 5.173164476951488950e+02 4.675771197318068744e+02 4.208427113473048848e+02 3.772220416696224561e+02 3.368012497746016720e+02 2.996006566043649855e+02 2.656076242470940656e+02 2.347647901841350517e+02 2.069597260220457713e+02 1.820354707403159011e+02 1.598064302581076390e+02 1.400711691058733948e+02 1.226133966996121529e+02 1.072160921728143279e+02 9.367197737079662545e+01 8.177949012019321628e+01 7.135037913525425779e+01 6.221491483415175594e+01 5.421721553878652600e+01 4.721737339686234236e+01 4.109301945840533676e+01 3.573940134336268670e+01 3.106503387699415342e+01 2.698837150002156804e+01 2.343815145596351357e+01
1.101516244673935398e+04 1.178379866663450412e+04 1.260235713629311249e+04 1.347340520869010470e+04 1.439952293390802697e+04 1.538326442667331321e+04 1.642714343021528839e+04 1.753359719347756618e+04 1.870493975928461077e+04 1.994330747601418261e+04 2.125062490266070381e+04 2.262854347351545221e+04 2.407837777050737350e+04 2.560105692689702846e+04 2.719702430906180598e+04 2.886618246041719249e+04 3.060783298800328339e+04 3.242051768669510056e+04 3.430195429701179819e+04 3.624893059660612926e+04 3.825715121092130721e+04 4.032109976941462810e+04 4.243401464078918798e+04 4.458766411187947233e+04 4.677196280641631893e+04 4.897621183597703202e+04 5.118675943516456027e+04 5.338571362916056387e+04 5.555511570494592888e+04 5.767612576379374514e+04 5.972742068534807913e+04 6.168380687199903332e+04 6.351740227262304688e+04 6.519807321040017996e+04 6.669374658153393830e+04 6.797059842549043242e+04 6.899271997031438514e+04 6.972332366391281539e+04 7.012600064448587364e+04 7.016568992830187199e+04 6.981069383947191818e+04 6.903515613970211416e+04 6.782178932013521262e+04 6.616511936492183304e+04 6.407539424330346810e+04 6.158155188505788101e+04 5.873352559486548125e+04 5.560395686944387126e+04 5.228673086505409447e+04 4.889097519594669575e+04 4.553422944019323040e+04 4.233968524811893440e+04 3.939801557974702882e+04 3.677200176320169703e+04 3.453703309928809176e+04 3.263348485900941523e+04 3.094576589267139934e+04 2.935788804926517696e+04 2.772580376454406360e+04 2.588057419410963485e+04 2.373006964226829950e+04 2.135672050150433643e+04 1.898098178866921808e+04 1.683877603436761638e+04 1.510830430847253774e+04 1.383694538804389595e+04 1.286541981418844989e+04 1.192331856941721526e+04 1.083601322418867312e+04 9.656380626431542623e+03 8.576256261532495046e+03 7.749634080605869713e+03 7.099277983733648398e+03 6.467273812253618416e+03 5.813773932690834044e+03 5.234872359096432774e+03 4.760128166066502672e+03 4.328422228408933734e+03 3.921049759986537083e+03 3.565730636344567756e+03 3.251058174714328743e+03 2.963682254073401964e+03 2.710195114714074862e+03 2.482221178039220376e+03 2.277923828954722921e+03 2.094975400058989635e+03 1.930230546522947861e+03 1.782012443389648524e+03 1.648144198133537657e+03 1.526516885007265955e+03 1.415898629517757172e+03 1.314529165066546739e+03 1.221117354595219012e+03 1.134595841165698630e+03 1.053973500014160436e+03 9.783697623072208671e+02 9.070701491079604466e+02 8.395091900003396859e+02 7.752481442634407358e+02 7.139590057261904121e+02 6.554550069507873786e+02 5.996428833954519177e+02 5.464763410205987384e+02 4.960133766018171286e+02 4.483518868373496389e+02 4.035662242729239892e+02 3.617569830141693501e+02 3.230051705677510085e+02 2.873301449187887329e+02 2.547221816053421151e+02 2.251295107627468326e+02 1.984469625564458397e+02 1.745267386354147732e+02 1.531931075458174121e+02 1.342541948198592650e+02 1.175028704879820367e+02 1.027307924594274340e+02 8.973884785281933318e+01 7.833336954473658409e+01 6.833343974321434189e+01 5.957589523403762399e+01 5.191086266557018547e+01 4.520381612862216514e+01 3.933708343557511000e+01 3.420988252809156904e+01 2.973419339658492788e+01 2.583160400813000734e+01 2.243367709118145115e+01
1.074287780439714879e+04 1.149251804464953420e+04 1.229084681437279323e+04 1.314036931399219065e+04 1.404360002369621543e+04 1.500303295566597808e+04 1.602111646132766145e+04 1.710022669198665972e+04 1.824262411405171588e+04 1.945039121019811137e+04 2.072540391202457613e+04 2.206927373200051443e+04 2.348328392635374257e+04 2.496833595023705129e+04 2.652487227021768922e+04 2.815280044322293543e+04 2.985141525772679597e+04 3.161931774859671350e+04 3.345428637062897906e+04 3.535317025523683697e+04 3.731179066101767239e+04 3.932478198512651579e+04 4.138554225963082717e+04 4.348602657036940946e+04 4.561643124150898075e+04 4.776631825869979366e+04 4.992235906706962851e+04 5.206711708198311680e+04 5.418309742356171046e+04 5.625193260396221012e+04 5.825282343171957473e+04 6.016120241416696808e+04 6.194990222882478702e+04 6.358955069045573327e+04 6.504887312297058088e+04 6.629490093766279460e+04 6.729264045680435083e+04 6.800623629707106738e+04 6.840019591722237237e+04 6.844034912161222019e+04 6.809580152556760004e+04 6.734134880105454067e+04 6.616013519663811894e+04 6.454680928799638059e+04 6.251130079862190905e+04 6.008173994772033620e+04 5.730673675591693609e+04 5.425699313131329109e+04 5.102391796787829662e+04 4.771381178249201912e+04 4.444123077420948539e+04 4.132633882524346700e+04 3.845763927874575893e+04 3.589653822554984799e+04 3.371700138787135074e+04 3.186105139488982604e+04 3.021594198417729058e+04 2.866840216269967641e+04 2.707743084814226313e+04 2.527717345617482715e+04 2.317659884594882533e+04 2.085589067948338561e+04 1.853109972085475965e+04 1.643411916578171804e+04 1.474086621412467503e+04 1.349895080617921121e+04 1.255221682752152446e+04 1.163397386434364125e+04 1.057104308181221495e+04 9.414776827172483536e+03 8.355417028559708342e+03 7.546705878972078608e+03 6.912749652307465112e+03 6.295963505464694208e+03 5.655919510674105368e+03 5.089036182366363391e+03 4.625561765919233949e+03 4.204041280554772129e+03 3.805638842416943589e+03 3.458521459329394929e+03 3.151298479063276773e+03 2.870644946305817484e+03 2.623218523170056869e+03 2.400768233432522266e+03 2.201500150674599354e+03 2.023142377600326881e+03 1.862623008219671192e+03 1.718300421812058858e+03 1.588049534849388465e+03 1.469814484788532127e+03 1.362389077353010634e+03 1.264055722440640466e+03 1.173553025246373863e+03 1.089837079155004858e+03 1.011936384443156044e+03 9.389861657035637563e+02 8.702831474825831037e+02 8.052662156943540595e+02 7.434962806910341442e+02 6.846425259074873111e+02 6.285092844960196317e+02 5.749915866721629527e+02 5.240321519398484043e+02 4.756751911573526286e+02 4.300052576299682983e+02 3.870870980675121587e+02 3.470134900282724288e+02 3.098605338823106763e+02 2.756466632603816720e+02 2.443648755968625608e+02 2.159686890654138551e+02 1.903598667393983419e+02 1.673993478483438935e+02 1.469208303585956230e+02 1.287416420140962714e+02 1.126635627835737239e+02 9.848672086173064599e+01 8.601995226106784287e+01 7.507727483486399933e+01 6.548489414118493812e+01 5.708599348292174369e+01 4.973642978706906348e+01 4.330678539050502707e+01 3.768386806430082459e+01 3.277073818380259240e+01 2.848274575877374559e+01 2.474450451056295464e+01 2.149026031347867161e+01
1.047733753800539671e+04 1.120845377460893360e+04 1.198705758862100083e+04 1.281558986303684651e+04 1.369649899966466728e+04 1.463222421717490397e+04 1.562515342978209628e+04 1.667760002508285106e+04 1.779176687544293600e+04 1.896969109162263339e+04 2.021319898203177581e+04 2.152386030524861053e+04 2.290293310620566990e+04 2.435129412729273827e+04 2.586937325174760190e+04 2.745708324141464254e+04 2.911374035467285648e+04 3.083796959194086230e+04 3.262761086780951155e+04 3.447960565698788560e+04 3.638986321412298275e+04 3.835314635750156594e+04 4.036303022879472701e+04 4.241168198533325631e+04 4.448951418692203879e+04 4.658636254733859096e+04 4.868925020347053214e+04 5.078116063322321861e+04 5.284503021960364276e+04 5.486296014361252310e+04 5.681467693452836829e+04 5.867621422255093785e+04 6.042110528445178352e+04 6.202071556859880366e+04 6.344454255931909574e+04 6.466046992169131408e+04 6.563437410129127966e+04 6.633130071434844285e+04 6.671667230813100468e+04 6.675717137625765463e+04 6.642269108526731725e+04 6.568866958657225769e+04 6.453865959184863459e+04 6.296742564108452643e+04 6.098460653970933345e+04 5.861755811725914828e+04 5.591358324713531329e+04 5.294151557513994339e+04 4.979037181265182880e+04 4.656369795624716789e+04 4.337313208989861596e+04 4.033589952085592085e+04 3.753838248945884698e+04 3.504061752369137685e+04 3.291517585004283319e+04 3.110565608658759083e+04 2.950208740943793237e+04 2.799386530454318199e+04 2.644298326062170599e+04 2.468664482367895835e+04 2.263494834914250896e+04 2.036587630919144794e+04 1.809114698942035466e+04 1.603864025385223977e+04 1.438196763475964144e+04 1.316891015044069718e+04 1.224640000459618568e+04 1.135147108439644035e+04 1.031245126092518694e+04 9.179198286265960633e+03 8.140297488143924056e+03 7.349155736867813175e+03 6.731223591744314945e+03 6.129329922912531401e+03 5.502497520079792594e+03 4.947403232892340384e+03 4.494964807743877827e+03 4.083422173188613215e+03 3.693804577483264893e+03 3.354718295590944308e+03 3.054790870390486361e+03 2.780715063833027671e+03 2.539218595259131689e+03 2.322170602583100845e+03 2.127817742362374702e+03 1.953944502887416093e+03 1.797549347080829875e+03 1.657025937596123413e+03 1.530299106081575928e+03 1.415365433166752837e+03 1.311042730851514079e+03 1.215656544065086337e+03 1.127974318580046656e+03 1.046974747077992106e+03 9.717056266827545414e+02 9.013179619743955300e+02 8.351197488842403800e+02 7.725545587583337692e+02 7.131834298045318974e+02 6.566732195702639956e+02 6.028200355117256777e+02 5.515079267857668128e+02 5.026692347658765243e+02 4.563349520993026545e+02 4.125767721740725165e+02 3.714501722365788510e+02 3.330402407528869730e+02 2.974181919052592775e+02 2.646015315934827186e+02 2.345858767521731920e+02 2.073299102029551193e+02 1.827422589770817467e+02 1.606926890402086485e+02 1.410244296453797688e+02 1.235640072552063771e+02 1.081220301308937053e+02 9.450694995757352501e+01 8.253534025553274489e+01 7.202852741335128428e+01 6.281943833833804547e+01 5.475729802837793869e+01 4.770358791179022973e+01 4.153394435995414113e+01 3.613952997552942037e+01 3.142697295482690478e+01 2.731469544911971781e+01 2.373011701878975899e+01 2.061008050116399204e+01
1.021850793150875870e+04 1.093157091311649856e+04 1.169094789093918553e+04 1.249901906380454238e+04 1.335817497387257208e+04 1.427078959037406094e+04 1.523919577229138122e+04 1.626565263508171665e+04 1.735230574038834675e+04 1.850114005909682965e+04 1.971393861623125849e+04 2.099223585510361954e+04 2.233725918459089007e+04 2.374985511945274993e+04 2.523044641476181278e+04 2.677895443806484764e+04 2.839470712927209388e+04 3.007637002099633173e+04 3.182183739431598951e+04 3.362811928032474680e+04 3.549122511690212559e+04 3.740606406032187806e+04 3.936636674821792258e+04 4.136447416414245527e+04 4.339106598139957350e+04 4.543622764440294122e+04 4.748729138631012756e+04 4.952767263460688264e+04 5.154074213008972583e+04 5.350904480078109918e+04 5.541280758646984032e+04 5.722866844859448611e+04 5.893082792468963453e+04 6.049137776021104946e+04 6.188058342462817382e+04 6.306711684899476677e+04 6.401772507083260280e+04 6.469834510111239797e+04 6.507526412144703500e+04 6.511600596366585523e+04 6.479122480496289791e+04 6.407698314268310787e+04 6.295724919000115915e+04 6.142688012441031606e+04 5.949524312272366660e+04 5.718896448313652945e+04 5.455406650136520329e+04 5.165756032305416738e+04 4.858614371823662805e+04 4.544069817669880285e+04 4.233002769531237573e+04 3.936846331607610773e+04 3.664032495948388532e+04 3.420434142251453159e+04 3.213165682953169380e+04 3.036740484235474287e+04 2.880431917583456016e+04 2.733440450340680763e+04 2.582259304203786814e+04 2.410912048017543566e+04 2.210522858550088131e+04 1.988677723121945382e+04 1.766119794902077047e+04 1.565239810304821003e+04 1.403164334912871709e+04 1.284685334595002314e+04 1.194798979125844562e+04 1.107583017025509434e+04 1.006024778722599876e+04 8.949644228861609008e+03 7.930886679489134622e+03 7.156964159322620617e+03 6.554677328282737108e+03 5.967345783318933172e+03 5.353475922419902417e+03 4.809937757470263932e+03 4.368295826128544832e+03 3.966519515530779699e+03 3.585496705577411376e+03 3.254267013239916650e+03 2.961477492209345201e+03 2.693830119725258101e+03 2.458130284807201406e+03 2.246359021954586751e+03 2.056804719293121252e+03 1.887305696595620475e+03 1.734930664021635948e+03 1.598106739664325005e+03 1.474807453241240410e+03 1.363080881783295808e+03 1.261767668420179461e+03 1.169236063065734697e+03 1.084281709982640677e+03 1.005905289259807091e+03 9.331736267756948564e+02 8.652534721379611256e+02 8.014641734274399596e+02 7.412543300894943741e+02 6.841856156183540634e+02 6.299231184559846497e+02 5.782555207176270642e+02 5.290567675812209245e+02 4.822495930401567534e+02 4.378526112705225728e+02 3.959254134882820608e+02 3.565147296006683177e+02 3.196983338162802966e+02 2.855427591351233332e+02 2.540645893504539856e+02 2.252618321599474029e+02 1.990979891631112366e+02 1.754881804442355815e+02 1.543105261801932500e+02 1.354173108509036467e+02 1.186438645525786484e+02 1.038093226859422060e+02 9.073020843252756151e+01 7.923059851578912571e+01 6.913893936583913558e+01 6.029470442468761604e+01 5.255296899842784342e+01 4.578058225785971302e+01 3.985797848131809928e+01 3.468047400864407592e+01 3.015814557414562103e+01 2.621239984575552029e+01 2.277336589764551178e+01 1.978035935476426133e+01
9.966344361196337559e+03 1.066181668681657175e+04 1.140245911896911275e+04 1.219059486691788697e+04 1.302855660803145111e+04 1.391865897262363615e+04 1.486317607556505391e+04 1.586431047016841148e+04 1.692415528295467811e+04 1.804464918776011109e+04 1.922753186877276312e+04 2.047429692990710100e+04 2.178613886951883615e+04 2.316389350125961573e+04 2.460796759023980849e+04 2.611827874214970871e+04 2.769418672953709029e+04 2.933438127853514743e+04 3.103680298671111086e+04 3.279854296739778511e+04 3.461571764788431756e+04 3.648335265041577804e+04 3.839533444650664751e+04 4.034420828952587908e+04 4.232087534131625580e+04 4.431566772036097973e+04 4.631623892413549765e+04 4.830641627232926112e+04 5.026997600880647951e+04 5.218990538122616272e+04 5.404693710183181247e+04 5.581828775666462025e+04 5.747879384892744565e+04 5.900125137568302307e+04 6.035668226359527762e+04 6.151453543019497738e+04 6.244240416587056097e+04 6.310707877874263795e+04 6.347567704307696113e+04 6.351656894847490184e+04 6.320114788247033721e+04 6.250606376226599241e+04 6.141568160462949891e+04 5.992497323087691620e+04 5.804305130116726650e+04 5.579582692687569943e+04 5.322807584084204427e+04 5.040504379796035209e+04 4.741117708896211843e+04 4.434476727249439136e+04 4.131186980010641855e+04 3.842400653908432287e+04 3.576347657251915371e+04 3.338770668242789543e+04 3.136644000158087874e+04 2.964630096164103816e+04 2.812265625040352461e+04 2.669003845620120410e+04 2.521627745374387450e+04 2.354461591847659292e+04 2.158745929597074064e+04 1.941859323909016894e+04 1.724123817387762028e+04 1.527534917426183711e+04 1.368984607433770543e+04 1.253271932465527971e+04 1.165693243973992321e+04 1.080699689158453475e+04 9.814377721983266383e+03 8.726052458929629211e+03 7.727115535562385048e+03 6.970061939817411258e+03 6.383041186472382833e+03 5.809942451979051839e+03 5.208783485158316580e+03 4.676567009169225457e+03 4.245482889168461043e+03 3.853259432157157789e+03 3.480643353163342454e+03 3.157095674324470565e+03 2.871287023348343610e+03 2.609920125687093332e+03 2.379883748888412811e+03 2.173265090646927547e+03 1.988393495999589732e+03 1.823161276043626685e+03 1.674703687610368434e+03 1.541481535714682423e+03 1.421516210236189863e+03 1.312905186375464609e+03 1.214511764974709195e+03 1.124746184210961019e+03 1.042431595445073071e+03 9.665900939037559283e+02 8.963072843602210469e+02 8.307656181893319172e+02 7.692958390989936106e+02 7.113518753793134692e+02 6.564964834795719071e+02 6.043934455817243361e+02 5.548246905518302583e+02 5.076547866129902786e+02 4.627974634629223374e+02 4.202595323884067398e+02 3.800889646622246687e+02 3.423240495380052835e+02 3.070353194541037283e+02 2.742845713597716326e+02 2.440873724709857697e+02 2.164438953157880974e+02 1.913222119700065207e+02 1.686437642870339744e+02 1.482950025808856935e+02 1.301372755767003468e+02 1.140146700298981557e+02 9.975480543316432147e+01 8.718219499028508324e+01 7.612825510884120206e+01 6.642821204112756561e+01 5.792771113378665149e+01 5.048738894121451182e+01 4.397932269276239481e+01 3.828865189712399086e+01 3.331471879850688111e+01 2.897085299105240352e+01 2.518124075120197247e+01 2.187855302094057919e+01 1.900447162153142600e+01
9.720777609216705969e+03 1.039911996391507819e+04 1.112151865684651239e+04 1.189024104082309350e+04 1.270756409187911595e+04 1.357574182780422780e+04 1.449699279675412981e+04 1.547346765473428241e+04 1.650720867135941808e+04 1.760010335281747393e+04 1.875384849778949501e+04 1.996990543610416353e+04 2.124944276573814204e+04 2.259326424187664816e+04 2.400177143816791067e+04 2.547489114634852376e+04 2.701198734497800979e+04 2.861179246128156956e+04 3.027230122591129839e+04 3.199066900650621756e+04 3.376310947583799862e+04 3.558477573169272364e+04 3.744970538129156193e+04 3.935062499237075826e+04 4.127866751648647187e+04 4.322440106096507952e+04 4.517578607645176817e+04 4.711706472797533206e+04 4.903241021254327643e+04 5.090522759216227860e+04 5.271673082147847163e+04 5.444471066927975335e+04 5.606464230102508009e+04 5.754998858742389712e+04 5.887248053439131036e+04 6.000236305830627680e+04 6.090803493200719822e+04 6.155711287405511393e+04 6.191755224501249904e+04 6.195850924420739466e+04 6.165209671675247955e+04 6.097555871252038196e+04 5.991365172100350901e+04 5.846144474329405057e+04 5.662779164368384954e+04 5.443791358198136732e+04 5.193539745444197615e+04 4.918378535358420049e+04 4.626533259350187291e+04 4.327580346945647034e+04 4.031857877844865288e+04 3.750246483606743277e+04 3.490778452122642193e+04 3.259066476701093416e+04 3.061949181716771636e+04 2.894232029683204746e+04 2.745707058810055969e+04 2.606075361876588431e+04 2.462404085308194044e+04 2.299314016112894024e+04 2.108164294893800616e+04 1.896131793378973452e+04 1.683124135088458206e+04 1.490745884614500937e+04 1.335652189358160285e+04 1.222645687865593209e+04 1.137317337147168655e+04 1.054491316302859923e+04 9.574782465901669639e+03 8.508355880060560594e+03 7.528913619247464339e+03 6.788378861169971970e+03 6.216244591675551419e+03 5.657045431331119289e+03 5.068346206094577610e+03 4.547216886896358119e+03 4.126449579813040145e+03 3.743564935144771425e+03 3.379165575596536200e+03 3.063124950100714614e+03 2.784138140159258910e+03 2.528902503540422458e+03 2.304395522641641946e+03 2.102804346260296825e+03 1.922498618307637798e+03 1.761424189761890602e+03 1.616780156750295419e+03 1.487061144441057650e+03 1.370334662630797993e+03 1.264746335758626628e+03 1.169182153200928724e+03 1.082092465240862339e+03 1.002327506117385269e+03 9.289306059517272161e+02 8.610059653029337596e+02 7.977516045574774353e+02 7.385096633655907681e+02 6.827397005155997931e+02 6.300060407838655010e+02 5.799716900182655763e+02 5.324125730066249389e+02 4.871846967028186555e+02 4.441935024101174463e+02 4.034347730670073133e+02 3.649455525610231348e+02 3.287561606247434725e+02 2.949302299627410093e+02 2.635250020119111127e+02 2.345550116731656090e+02 2.080223690666959726e+02 1.838993767923752500e+02 1.621134220506346537e+02 1.425588006445414919e+02 1.251054352617437928e+02 1.096057588913551939e+02 9.589554348103018810e+01 8.380701191098886227e+01 7.317867352210856779e+01 6.385234960165553275e+01 5.567969512477069571e+01 4.852673341134416063e+01 4.227054656212403216e+01 3.680075817247985981e+01 3.202055792670856960e+01 2.784640370942122445e+01 2.420516276080785545e+01 2.103195319495803872e+01 1.827072595253655152e+01
9.481732021982448714e+03 1.014339911062275678e+04 1.084804010655970342e+04 1.159786431502411506e+04 1.239509012600161805e+04 1.324192668799435341e+04 1.414053407944472565e+04 1.509300333454043357e+04 1.610132769403426391e+04 1.716735770243483057e+04 1.829274499586436286e+04 1.947890783391418154e+04 2.072698778702720301e+04 2.203777894375647884e+04 2.341166914878922398e+04 2.484858123438982511e+04 2.634790399666178564e+04 2.790839378202279840e+04 2.952809397923397410e+04 3.120423797993218977e+04 3.293313238750628807e+04 3.471004708875281358e+04 3.652916956191897771e+04 3.838341119149577571e+04 4.026411611736971099e+04 4.216209263127766462e+04 4.406560373607523070e+04 4.595927100757824519e+04 4.782766587020817678e+04 4.965460862850085687e+04 5.142178034269024647e+04 5.310752774733294791e+04 5.468793147582692472e+04 5.613711991754337214e+04 5.742753681851045985e+04 5.853015757550026319e+04 5.941416915624982357e+04 6.004800573928566155e+04 6.040043102707068465e+04 6.044136855165725137e+04 6.014364156559981348e+04 5.948506468824495096e+04 5.845075123432379769e+04 5.703589960685305414e+04 5.524911209377485648e+04 5.311492160094142309e+04 5.067577357675514213e+04 4.799354769437945652e+04 4.514838546991622570e+04 4.223361921670815354e+04 3.935001300696242106e+04 3.660370924751397251e+04 3.407312002857722837e+04 3.181312561298301807e+04 2.989072478607441371e+04 2.825537485357384503e+04 2.680748421181110461e+04 2.544647893632894557e+04 2.404581724148473950e+04 2.245463254998010598e+04 2.058771309191775799e+04 1.851487701211316744e+04 1.643112583781492503e+04 1.454862935362412463e+04 1.303156957673811303e+04 1.192796148343970344e+04 1.109661083167141260e+04 1.028948784199550028e+04 9.341363876993942540e+03 8.296456017439810239e+03 7.336177988401955190e+03 6.611811226952171637e+03 6.054188617287708439e+03 5.508559345189904889e+03 4.932068260743326391e+03 4.421793447075749100e+03 4.011102635177815046e+03 3.637344599967802878e+03 3.280974453054903734e+03 2.972267222653778390e+03 2.699945338610873932e+03 2.450693684082728851e+03 2.231584753338715018e+03 2.034898028707336834e+03 1.859043860752606861e+03 1.702020389530049897e+03 1.561089410507361890e+03 1.434777675021768573e+03 1.321198291450240276e+03 1.218543533207886867e+03 1.125721012646901727e+03 1.041221290017964520e+03 9.639208842042723973e+02 8.928836473777735137e+02 8.272320851016269216e+02 7.661797545834782568e+02 7.090802431980685014e+02 6.553990358883868339e+02 6.047024602074243376e+02 5.566531945512294897e+02 5.110218056728207330e+02 4.676564348553603736e+02 4.264548127103392972e+02 3.874022644257976822e+02 3.505253865107735010e+02 3.158468232925645225e+02 2.834233844788640795e+02 2.533076978659699705e+02 2.255131385215179876e+02 2.000434543600070185e+02 1.768748424875722947e+02 1.559403829290050396e+02 1.371420781841096073e+02 1.203583305758827890e+02 1.054498190894400835e+02 9.226043943800523550e+01 8.063008457961852571e+01 7.040423313148227180e+01 6.143102463302842864e+01 5.356781025123711260e+01 4.668574381430221365e+01 4.066672932590379475e+01 3.540472608149254796e+01 3.080662994124680765e+01 2.679190907852844461e+01 2.329000170071411802e+01 2.023835738180611088e+01 1.758305920642574804e+01
9.249115653869108428e+03 9.894555516619493574e+03 1.058191447210199112e+04 1.131334897477776394e+04 1.209102498054492753e+04 1.291709320292013763e+04 1.379366127894064448e+04 1.472277235647940142e+04 1.570637141395785329e+04 1.674625597730122172e+04 1.784404222722518534e+04 1.900111874644147247e+04 2.021859344926690392e+04 2.149723885631953090e+04 2.283743824089139889e+04 2.423911949138390992e+04 2.570167988555716875e+04 2.722390895659865419e+04 2.880390122544414044e+04 3.043895815075585415e+04 3.212547675311404601e+04 3.385884180111548631e+04 3.563338856436442438e+04 3.744220872122969013e+04 3.927684579714606662e+04 4.112834216006405768e+04 4.298525852502153430e+04 4.483258604577065853e+04 4.665528288709149638e+04 4.843757627353407588e+04 5.016160066692689725e+04 5.180623299342725659e+04 5.334815197860776971e+04 5.476213240368601691e+04 5.602130194669467164e+04 5.709735742362645396e+04 5.796025587134044326e+04 5.857921762640614907e+04 5.892378399473150057e+04 5.896464122325675271e+04 5.867528173024486750e+04 5.803406674692001252e+04 5.702649428977322532e+04 5.564787697375342395e+04 5.390655545405880548e+04 5.182640196851094515e+04 4.944878745589363098e+04 4.683397147775477788e+04 4.406001965918191127e+04 4.121789718884095782e+04 3.840586118409332266e+04 3.572746140626013948e+04 3.325922418947022379e+04 3.105479848870606293e+04 2.917985351423165775e+04 2.758518359509399670e+04 2.617361173322357354e+04 2.484692566437592905e+04 2.348131281655839848e+04 2.192879422746988348e+04 2.010537230367091979e+04 1.807896052600235271e+04 1.604057025276136847e+04 1.419853492185020332e+04 1.271465781207537293e+04 1.163690236767777424e+04 1.082692197165894322e+04 1.004040054940633127e+04 9.113817501050325518e+03 8.090055161085026157e+03 7.148621214178648188e+03 6.440083094132350197e+03 5.896606763838739425e+03 5.364229285713611716e+03 4.799705940399312567e+03 4.300064082683762535e+03 3.899219620892893545e+03 3.534383573857470310e+03 3.185866029197830358e+03 2.884326718013417121e+03 2.618520539437692150e+03 2.375114157732070908e+03 2.161277984995790121e+03 1.969379302308913111e+03 1.797869018790028804e+03 1.644795394331473517e+03 1.507482134687377993e+03 1.384486992207868525e+03 1.273967584471565488e+03 1.174161110496460424e+03 1.083997918628497700e+03 1.002005815418388920e+03 9.270874238978479980e+02 8.583272710647356689e+02 7.948660248858686828e+02 7.359325366934833710e+02 6.808917546169209345e+02 6.292153606868306497e+02 5.804721662018019970e+02 5.343250385660559232e+02 4.905398936736481232e+02 4.489577695140068272e+02 4.094693563683750313e+02 3.720502432763299794e+02 3.367172225298109538e+02 3.034857005602669915e+02 2.724059815143593255e+02 2.435262440506435553e+02 2.168586832632390440e+02 1.924084812115102636e+02 1.701554208525301704e+02 1.500379213435475663e+02 1.319652344015915446e+02 1.158237762473097376e+02 1.014820747644408527e+02 8.879180524878564995e+01 7.760023355440858950e+01 6.775955653841475623e+01 5.912405275735468280e+01 5.155661946532610074e+01 4.493338446919131002e+01 3.914088875426647718e+01 3.407724621820914734e+01 2.965290608846528286e+01 2.579021875553308618e+01 2.242108442562997794e+01 1.948519060382524515e+01 1.693067969314263621e+01
9.022832798725701650e+03 9.652486661339422426e+03 1.032303535082013877e+04 1.103658221740726367e+04 1.179523721917992407e+04 1.260110350422464398e+04 1.345623554634697030e+04 1.436262344757585561e+04 1.532216522468003495e+04 1.633661894872825542e+04 1.740755841662332750e+04 1.853633583134117725e+04 1.972403641531297399e+04 2.097141593483890392e+04 2.227884224290746351e+04 2.364624344165492948e+04 2.507304456581292470e+04 2.655805724358517182e+04 2.809942133705244851e+04 2.969451043477397980e+04 3.133980383020430236e+04 3.303080312732316816e+04 3.476198559248874517e+04 3.652661051825011964e+04 3.831643329156692926e+04 4.012271708394752932e+04 4.193430344863971550e+04 4.373655386911397363e+04 4.551479372778151446e+04 4.725363823933222739e+04 4.893567123989133688e+04 5.054030676386500272e+04 5.204478372802616650e+04 5.342448839659548685e+04 5.465322223518239480e+04 5.570340322971432033e+04 5.654572689538385021e+04 5.715017582259162009e+04 5.748705859401637281e+04 5.752777445336122764e+04 5.724648923591221683e+04 5.662210915217456204e+04 5.564046307536911627e+04 5.429697391299484298e+04 5.259977557844710827e+04 5.057211471161389636e+04 4.825425189356994088e+04 4.570491082684398134e+04 4.300016642888994102e+04 4.022866803504861309e+04 3.748622922029250913e+04 3.487388333003869775e+04 3.246633228331039936e+04 3.031602353724848581e+04 2.848729031954173843e+04 2.693223453354165395e+04 2.555603250521123482e+04 2.426275714085457730e+04 2.293126806689359728e+04 2.141643872011836356e+04 1.963547426896209799e+04 1.765445277541705582e+04 1.566045292630617405e+04 1.385803731162602526e+04 1.240663245423206718e+04 1.135411358985194238e+04 1.056493069822181315e+04 9.798466512178732955e+03 8.892919110903916589e+03 7.889877445000278385e+03 6.966914383540904964e+03 6.273828274167534801e+03 5.744102237227736623e+03 5.224620936643203095e+03 4.671783814603867540e+03 4.182513571375312495e+03 3.791250960421806212e+03 3.435099286837990803e+03 3.094222751656920082e+03 2.799655679178335504e+03 2.540186835443612836e+03 2.302458576562633880e+03 2.093744151727717963e+03 1.906492857906388736e+03 1.739195495514999493e+03 1.589949988303511873e+03 1.456139456331443625e+03 1.336352547865264341e+03 1.228789403648562256e+03 1.131731815246688029e+03 1.044131134743833172e+03 9.645525282440182764e+02 8.919238858453370540e+02 8.253496407349717856e+02 7.639883068036847362e+02 7.070839852770236575e+02 6.540130147516375700e+02 6.042534938464360721e+02 5.573770530068441076e+02 5.130471157734223198e+02 4.710255332831421811e+02 4.311468891152319429e+02 3.932953690984717241e+02 3.574373520454876711e+02 3.235802592076096289e+02 2.917325119937141267e+02 2.619379880644183913e+02 2.342403653225065625e+02 2.086505062951488583e+02 1.851746721531195305e+02 1.637958234006566727e+02 1.444573857726054200e+02 1.270755998363011372e+02 1.115446837208615278e+02 9.774083752526438218e+01 8.552345279387985499e+01 7.474711893731293344e+01 6.527063231331518978e+01 5.695418557362395262e+01 4.966596707689723189e+01 4.328685080284395781e+01 3.770778951792841127e+01 3.283084803908219129e+01 2.856986760761807886e+01 2.485001278756769949e+01 2.160560083547792942e+01 1.877847681115627410e+01 1.631868144089712303e+01
8.802773242950401254e+03 9.417076497378538988e+03 1.007127685830778682e+04 1.076742776989549930e+04 1.150758940995662670e+04 1.229380583638871030e+04 1.312808817382625602e+04 1.401238106614950266e+04 1.494852931698420616e+04 1.593824740705644399e+04 1.698307805111800553e+04 1.808434095965134111e+04 1.924308459787457468e+04 2.046005400350958371e+04 2.173561274630386106e+04 2.306968548622902017e+04 2.446170277278421054e+04 2.591051930381629791e+04 2.741432217338448754e+04 2.897053903017463745e+04 3.057574145675211184e+04 3.222554328410842572e+04 3.391455163467065722e+04 3.563618786583685142e+04 3.738242768577714742e+04 3.914473904701262654e+04 4.091222901857389661e+04 4.267063610019551561e+04 4.440564311969021946e+04 4.610223327857601544e+04 4.774341768899199815e+04 4.930913109636841546e+04 5.077716659411434375e+04 5.212352028182675713e+04 5.332264905291409377e+04 5.434763743680823973e+04 5.516991427113373356e+04 5.576020940665886883e+04 5.608955701043448789e+04 5.613007426492733066e+04 5.585656264934914361e+04 5.524845320757171430e+04 5.429194174616292730e+04 5.298253207126669440e+04 5.132812876678042812e+04 4.935138026663373603e+04 4.709151033052946150e+04 4.460573058882603073e+04 4.196817740707809571e+04 3.926527191914049035e+04 3.659045751341212599e+04 3.404231035699669155e+04 3.169374816342310078e+04 2.959604814271375653e+04 2.781224469416236388e+04 2.629568519008560907e+04 2.495383887938452608e+04 2.369301356309363837e+04 2.239467238341032862e+04 2.091650199296441497e+04 1.917692232731440527e+04 1.724023109789385489e+04 1.528965516141839908e+04 1.352601976030698825e+04 1.210638726826714446e+04 1.107850607504566688e+04 1.030957146104549793e+04 9.562638742864115557e+03 8.677663202741126952e+03 7.694968416772330784e+03 6.790155086223719081e+03 6.112185103406058261e+03 5.595855998275110323e+03 5.088958707632657024e+03 4.547570698263865779e+03 4.068455741369802126e+03 3.686549409046263463e+03 3.338881874309896830e+03 3.005473838694716051e+03 2.717718115613716236e+03 2.464440523699090591e+03 2.232255409527062511e+03 2.028541598309239589e+03 1.845825184549790038e+03 1.682636028392152411e+03 1.537122162061855533e+03 1.406722644393290011e+03 1.290057077795617715e+03 1.185367381875989167e+03 1.090977737137901386e+03 1.005861222902359941e+03 9.286184422433061627e+02 8.582021916171941029e+02 7.937366412999441536e+02 7.343979283986387827e+02 6.794452041864404919e+02 6.282661352112326085e+02 5.803454938464830093e+02 5.352581734990808400e+02 4.926686250770915763e+02 4.523352482666604715e+02 4.140868263805133438e+02 3.778016308295456156e+02 3.434375198853313123e+02 3.109931815693437329e+02 2.804704849159761579e+02 2.519071653370590695e+02 2.253425258470854260e+02 2.007860585438109808e+02 1.782449223347708767e+02 1.577049822382550985e+02 1.391143438628290028e+02 1.223958090363683056e+02 1.074509582073494016e+02 9.416328201801159992e+01 8.239954282538434427e+01 7.202135091592640492e+01 6.289384990971834810e+01 5.488296111878498351e+01 4.786201038749147330e+01 4.171646823617521704e+01 3.634154597528571173e+01 3.164311415127675531e+01 2.753827618084206108e+01 2.395488218351205489e+01 2.082955072378083727e+01 1.810619185005613829e+01 1.573668800773047316e+01
8.588824877060780636e+03 9.188204611243721956e+03 9.826510782240744447e+03 1.050574711468540772e+04 1.122792614119212158e+04 1.199504392623553576e+04 1.280905660466486916e+04 1.367186162092085760e+04 1.458526632035495277e+04 1.555094077425262731e+04 1.657038672554090954e+04 1.764489371631827089e+04 1.877549025927672847e+04 1.996289666451035737e+04 2.120746632128541751e+04 2.250913127727989922e+04 2.386734000268110685e+04 2.528096507879513229e+04 2.674823824758097544e+04 2.826666014810782872e+04 2.983288523029071075e+04 3.144263323922891141e+04 3.309064170444829506e+04 3.477049092782494699e+04 3.647435222818544571e+04 3.819390278758654313e+04 3.991851930543570052e+04 4.163429341228009434e+04 4.332725452167756157e+04 4.498275742214018101e+04 4.658423009621640813e+04 4.811208510723221116e+04 4.954467886783493304e+04 5.085859808498626080e+04 5.202891239120293176e+04 5.302938206184963929e+04 5.383213908560289565e+04 5.440862652751710993e+04 5.473059314135470049e+04 5.477086451333715377e+04 5.450485815690881282e+04 5.391249701972455659e+04 5.298031732263239974e+04 5.170394491319990630e+04 5.009106271087456116e+04 4.816371409692246380e+04 4.596012351869056874e+04 4.353604182996794407e+04 4.096373526881414000e+04 3.832746242062036617e+04 3.571833633440863196e+04 3.323256837160426949e+04 3.094135588838548210e+04 2.889481529597592453e+04 2.715469272671361614e+04 2.567555634934012051e+04 2.436709510109348776e+04 2.313779185273659459e+04 2.187166946539325727e+04 2.042916991103722103e+04 1.872993043414828571e+04 1.683652295386291007e+04 1.492839687195907209e+04 1.320270516759159364e+04 1.181413748219227818e+04 1.081029210895081815e+04 1.006105462824500864e+04 9.333134737133290400e+03 8.468255822041845022e+03 7.505512628741962544e+03 6.618508488690207741e+03 5.955311549240735076e+03 5.452016050318784437e+03 4.957379942932936501e+03 4.427191892419395117e+03 3.958003263779481131e+03 3.585217083240563170e+03 3.245822730875594971e+03 2.919700749557728614e+03 2.638586283311295574e+03 2.391344561713201529e+03 2.164559649662632637e+03 1.965717487875631377e+03 1.787416178076342476e+03 1.628224685481274719e+03 1.486339309272937044e+03 1.359253750361754101e+03 1.245618264727755104e+03 1.143714718653614000e+03 1.051909003239190270e+03 9.691959921395556421e+02 8.942094133069518875e+02 8.259266860993578803e+02 7.634917826455105114e+02 7.060982913745617680e+02 6.530201618838076456e+02 6.036562623419936244e+02 5.574982180288201334e+02 5.141245396954451508e+02 4.732010865075600350e+02 4.344833914249506392e+02 3.977950800016079711e+02 3.630090445196228757e+02 3.300751461489458620e+02 2.989837733915117610e+02 2.697305072165469255e+02 2.423470627364056895e+02 2.168683657144082986e+02 1.933024202347356493e+02 1.716569716840437820e+02 1.519204164229127230e+02 1.340452151878478162e+02 1.179604143063652657e+02 1.035746769332485115e+02 9.077857197839560399e+01 7.944615763203898950e+01 6.944602294300513279e+01 6.064956512047851334e+01 5.292828097162701795e+01 4.616045726071548927e+01 4.023598441921691915e+01 3.505410962685226650e+01 3.052429442697305717e+01 2.656674645437084692e+01 2.311196102430225352e+01 2.009884670432608544e+01 1.747332317260113754e+01 1.518896282849719270e+01
8.380867504903233566e+03 8.965740996707159866e+03 9.588598377911555872e+03 1.025139497674421182e+04 1.095609459734653137e+04 1.170464481601536136e+04 1.249895698528721914e+04 1.334088117371187218e+04 1.423217659896046825e+04 1.517447701233795851e+04 1.616925020553105787e+04 1.721775287038606257e+04 1.832098530788928110e+04 1.947965303310105810e+04 2.069410475972103086e+04 2.196427244348559179e+04 2.328961026589202447e+04 2.466903108729359519e+04 2.610080938903312563e+04 2.758249478182065286e+04 2.911082907933774550e+04 3.068163818489498226e+04 3.228978948312210923e+04 3.392902092362672556e+04 3.559168631047818781e+04 3.726967723666551319e+04 3.895263034246060852e+04 4.062695211694946192e+04 4.227903146224738884e+04 4.389458732016093563e+04 4.545744654027095385e+04 4.694850302911236940e+04 4.834663062571675982e+04 4.962899676601899409e+04 5.077129539895826019e+04 5.174790374824236642e+04 5.253164853933269478e+04 5.309468556814919430e+04 5.340944764321731782e+04 5.344942635539149342e+04 5.319064900182795827e+04 5.261353325494089222e+04 5.170493839020320593e+04 5.046059640536001098e+04 4.888797187022760045e+04 4.700853326830604055e+04 4.485955601222026598e+04 4.249535952004870342e+04 3.998638393980421097e+04 3.741480137089297932e+04 3.486949063062269852e+04 3.244433589576110899e+04 3.020885036624771965e+04 2.821204032438079958e+04 2.651437171192129972e+04 2.507160053055275785e+04 2.379557307752543784e+04 2.259688670560650644e+04 2.136206206680736432e+04 1.995426048735898075e+04 1.829432279045176620e+04 1.644316509804514135e+04 1.457652358615737649e+04 1.288793029413454860e+04 1.152972883718350386e+04 1.054932013816757899e+04 9.819235917218051327e+03 9.109813048349162273e+03 8.264562812032296279e+03 7.321377895011587498e+03 6.451843667496905255e+03 5.803079339540754518e+03 5.312461739882269285e+03 4.829769243162014391e+03 4.310534718693730611e+03 3.851047257934620120e+03 3.487148014235508526e+03 3.155819192997428217e+03 2.836803839415812945e+03 2.562162667140281883e+03 2.320804561269406804e+03 2.099279026114599219e+03 1.905180881319849732e+03 1.731176958400763169e+03 1.575874015768671825e+03 1.437516032557425433e+03 1.313649344327609924e+03 1.202953894314198806e+03 1.103751074903668041e+03 1.014447182388269084e+03 9.340565406562327553e+02 8.612478571306825188e+02 7.950220472194694139e+02 7.345416032816993948e+02 6.790171448991716261e+02 6.277374830430724160e+02 5.801128053043341879e+02 5.356418120609122298e+02 4.939069327441816881e+02 4.545757872585659243e+02 4.174015891862442800e+02 3.822034229210967169e+02 3.488493508011983977e+02 3.172818386834863986e+02 2.874835158161096160e+02 2.594440433571689937e+02 2.331893880363826383e+02 2.087502366514392236e+02 1.861330776995132226e+02 1.653460608778086396e+02 1.463798357862908688e+02 1.291908918786867559e+02 1.137141170751675503e+02 9.986484688858328695e+01 8.754036290174674662e+01 7.662167245002930827e+01 6.698403375554025274e+01 5.850484098011839507e+01 5.106097296015713027e+01 4.453551769625475742e+01 3.882263688432716009e+01 3.382547448622784003e+01 2.945695513252079678e+01 2.564027325669836799e+01 2.230844635501038198e+01 1.940256033556673287e+01 1.687045583316659503e+01 1.466734414732775882e+01
8.178776319641402551e+03 8.749551199597801315e+03 9.357395932765512043e+03 1.000421748521048903e+04 1.069192899925016900e+04 1.142243612951089199e+04 1.219760181385289252e+04 1.301923115461714042e+04 1.388904433737074396e+04 1.480863208186779775e+04 1.577942741337812913e+04 1.680265796778861113e+04 1.787929890783160226e+04 1.901004248950477631e+04 2.019522530534789257e+04 2.143477888631352835e+04 2.272817968589080920e+04 2.407435722058685496e+04 2.547163230752884920e+04 2.691762508266166333e+04 2.840913882507419839e+04 2.994210373658996468e+04 3.151151942572400367e+04 3.311127501993781334e+04 3.473390757882018806e+04 3.637150288365807501e+04 3.801395117766628391e+04 3.964799556629075232e+04 4.126035125946544576e+04 4.283707775698666956e+04 4.436239571357602108e+04 4.581767535754797427e+04 4.718230770533727627e+04 4.843400065337130218e+04 4.954903009964124067e+04 5.050243056377171160e+04 5.126768248202529503e+04 5.181761230327739759e+04 5.212533701972232666e+04 5.216498465057718568e+04 5.191317592701149260e+04 5.135081402425181295e+04 5.046506543593513197e+04 4.925175708716589725e+04 4.771816852014842152e+04 4.588522132130304090e+04 4.378922132598473399e+04 4.148313060727583797e+04 3.903563741302186099e+04 3.652687021914939396e+04 3.404352177453519107e+04 3.167724498948891778e+04 2.949591192473982665e+04 2.754741287778783953e+04 2.589100120022613555e+04 2.448355950040783500e+04 2.323903279313452731e+04 2.207007874024059129e+04 2.086565186478111355e+04 1.949158903254025427e+04 1.786993982705864255e+04 1.606000002409367153e+04 1.423388322888990842e+04 1.258155211102200519e+04 1.125301272468474963e+04 1.029545097391065974e+04 9.583987768984792638e+03 8.892554353086823539e+03 8.066465863178861582e+03 7.142449561044918482e+03 6.290046679112872880e+03 5.655377350541421947e+03 5.177087654896565255e+03 4.706025706711500789e+03 4.197500720236604138e+03 3.747492501479565362e+03 3.392250879542808889e+03 3.068782162848082407e+03 2.756697175097689978e+03 2.488364300637754695e+03 2.252739520112220816e+03 2.036334982968928671e+03 1.846856637437174641e+03 1.677034887975542688e+03 1.525513573578246678e+03 1.390584022362395672e+03 1.269843684401733981e+03 1.162001270688501108e+03 1.065416356478418265e+03 9.785343308266192253e+02 9.003900991213595262e+02 8.296843545550076442e+02 7.654413365122278492e+02 7.068422349346062674e+02 6.531145301481275283e+02 6.035615871809674218e+02 5.576047385921755222e+02 5.147499011170692711e+02 4.745837444341800619e+02 4.367759949195267950e+02 4.010780577255857224e+02 3.673050356831502654e+02 3.353206415530954132e+02 3.050604672517835638e+02 2.764998407650991794e+02 2.496227900521699041e+02 2.244496736984911536e+02 2.010069494040346285e+02 1.792994817448876574e+02 1.593355506497113367e+02 1.411077212959874885e+02 1.245761931155829956e+02 1.096813341005650813e+02 9.634481469283892352e+01 8.447037554252960945e+01 7.394585517657553453e+01 6.465310814358591074e+01 5.647542653710744531e+01 4.929495917119883330e+01 4.299947150315946942e+01 3.748725665547419794e+01 3.266515027906321933e+01 2.844933444345119966e+01 2.476583979032460192e+01 2.155015943438040082e+01 1.874553870909650755e+01 1.630168846650113679e+01 1.417533725947022205e+01
7.982421010355527869e+03 8.539498323531694041e+03 9.132755415337607701e+03 9.764054261334073090e+03 1.043526230062092691e+04 1.114823828472427522e+04 1.190480151379122617e+04 1.270671315425346984e+04 1.355565073228361325e+04 1.445317125866288552e+04 1.540066981759324335e+04 1.639934302622655741e+04 1.745014866155111667e+04 1.855375816675130409e+04 1.971050184954791985e+04 2.092031521045022237e+04 2.218268152255034147e+04 2.349656405574510427e+04 2.486032071765144792e+04 2.627162091519989553e+04 2.772735958722955911e+04 2.922355957758611839e+04 3.075533583064587583e+04 3.231673106049515263e+04 3.390046344336903712e+04 3.549881152955895959e+04 3.710190817939777480e+04 3.869681064956537011e+04 4.027055795299224701e+04 4.180955425498394470e+04 4.329840299041484104e+04 4.471891158130122494e+04 4.605096517174626933e+04 4.727283335833880847e+04 4.836138474516874703e+04 4.929221906810560904e+04 5.003946359443766414e+04 5.057662128032684268e+04 5.087746512555811933e+04 5.091675342105387972e+04 5.067166976554789289e+04 5.012357895586494124e+04 4.925996371651297522e+04 4.807674300901821698e+04 4.658100441883946769e+04 4.479313949978225719e+04 4.274853811943973415e+04 4.049882742574685835e+04 3.811099201915598678e+04 3.566319572076974873e+04 3.324001561843419040e+04 3.093091807088821224e+04 2.880218185568744957e+04 2.690062798186108557e+04 2.528429338897839989e+04 2.391116424891202041e+04 2.269722291654793662e+04 2.155712864546441415e+04 2.038222232141914355e+04 1.904095745379344953e+04 1.745659540131610265e+04 1.568685237480676005e+04 1.390030588903235366e+04 1.228340752953837364e+04 1.098383291693447791e+04 1.004853200374848529e+04 9.355162287626000762e+03 8.681220186811531676e+03 7.873834291387845951e+03 6.968595518733151948e+03 6.132987222216620466e+03 5.512082641044706179e+03 5.045777585878485297e+03 4.586038884428055098e+03 4.087982953865660420e+03 3.647234556754406185e+03 3.300424791880510384e+03 2.984614402157807035e+03 2.679286729725913119e+03 2.417099948519380177e+03 2.187060483903142995e+03 1.975641340590487289e+03 1.790660221982205485e+03 1.624907016828271026e+03 1.477063126607007916e+03 1.345465473939040294e+03 1.227760394452919400e+03 1.122685672791320485e+03 1.028637913405030758e+03 9.440998955172957494e+02 8.681264081165685411e+02 7.994502410694528862e+02 7.371181601942998896e+02 6.803292684020859724e+02 6.283275673657665266e+02 5.804309035558878804e+02 5.360717577229804647e+02 4.947634107886543120e+02 4.560970212669773787e+02 4.197447228568606192e+02 3.854565997479360249e+02 3.530443306048446743e+02 3.223677784219494242e+02 2.933562120354345666e+02 2.659781556206957589e+02 2.402123465153286475e+02 2.160737890770551246e+02 1.935848423233723565e+02 1.727487256864557139e+02 1.535736963440974421e+02 1.360539931426691282e+02 1.201532296935557156e+02 1.058168826934773108e+02 9.297257509293835653e+01 8.153016146160874200e+01 7.138397779746658500e+01 6.242217511473479163e+01 5.453369566643548438e+01 4.760576796604168948e+01 4.153067806979917975e+01 3.621070884331400208e+01 3.155626267865990897e+01 2.748666682031338127e+01 2.393068375649336232e+01 2.082617183326013688e+01 1.811843406194629580e+01 1.575897065209139569e+01 1.370597773713632606e+01
7.791669468633845099e+03 8.335441214780268638e+03 8.914528208214063852e+03 9.530747295839923027e+03 1.018592123973027446e+04 1.088186518721126049e+04 1.162035669427098583e+04 1.240311430738497620e+04 1.323177325336565991e+04 1.410785468850294637e+04 1.503271993140009363e+04 1.600753838511959475e+04 1.703324832436562065e+04 1.811049895040551201e+04 1.923961314127871810e+04 2.042053208247971997e+04 2.165275006998990284e+04 2.293525461327368976e+04 2.426644476664965623e+04 2.564404700559621779e+04 2.706502754946021378e+04 2.852551106669894943e+04 3.002072787130335928e+04 3.154485400733347342e+04 3.309079527493479691e+04 3.465101263787412609e+04 3.621587104414153873e+04 3.777274685771135410e+04 3.930898831258251448e+04 4.081132305564988201e+04 4.226472478172944102e+04 4.365144340226509667e+04 4.495185898005027411e+04 4.614475409579254483e+04 4.720753897996395972e+04 4.811642460165466036e+04 4.884616489225731493e+04 4.937089535062570940e+04 4.966502036669691734e+04 4.970391126453431207e+04 4.946530872569358326e+04 4.893102972669241717e+04 4.808885565211683570e+04 4.693480459779745433e+04 4.547577159350424336e+04 4.373162189106319420e+04 4.173686513869678311e+04 3.954185557758188224e+04 3.721192289393155806e+04 3.482330785190899769e+04 3.245853927363777620e+04 3.020496254713426606e+04 2.812730978502442304e+04 2.627136206733802828e+04 2.469396176800825924e+04 2.335415234339565359e+04 2.216990386053097973e+04 2.105782976736686032e+04 1.991158921931264922e+04 1.860220547341822021e+04 1.705414565646588744e+04 1.532360372241242840e+04 1.357568445798018001e+04 1.199338681296165487e+04 1.072208859620477961e+04 9.808468963607605474e+03 9.132674612947112109e+03 8.475733499477428268e+03 7.686594293302464393e+03 6.799744387196706157e+03 5.980591435482454472e+03 5.373121577233289827e+03 4.918463878420778201e+03 4.469744144827208402e+03 3.981917310440553138e+03 3.550212457666525097e+03 3.211610433104668118e+03 2.903257164442595695e+03 2.604514706560029936e+03 2.348312680063799235e+03 2.123711598853587020e+03 1.917143156550979711e+03 1.736537995171720240e+03 1.574741295712552301e+03 1.430470973605798235e+03 1.302109368184452478e+03 1.187350373903283753e+03 1.084959174771192011e+03 9.933689115847269022e+02 9.110991702832966439e+02 8.372227760133292804e+02 7.705050162571392320e+02 7.100144155988334660e+02 6.549672688971895695e+02 6.046237492991995168e+02 5.583160606048587624e+02 5.154877869866228366e+02 4.756597108696307146e+02 4.384277291019225231e+02 4.034666656582463133e+02 3.705257389562850108e+02 3.394137165778885219e+02 3.099870559592852146e+02 2.821691789526296361e+02 2.559222238813605372e+02 2.312199082599168491e+02 2.080720618999540932e+02 1.864970125147731039e+02 1.664962658857891142e+02 1.480778062127091630e+02 1.312372173792141155e+02 1.159412066184410861e+02 1.021399952231985964e+02 8.976681562693930516e+01 7.873736843594396362e+01 6.895231457103533046e+01 6.030597297526305312e+01 5.269281341407783259e+01 4.600505775493027727e+01 4.013943040718964994e+01 3.500209590219436251e+01 3.050684635735325045e+01 2.657597072101739855e+01 2.314082478770305329e+01 2.014156611511953443e+01 1.752551403812120512e+01 1.524590365264098502e+01 1.326231771838903306e+01
7.606385541588743763e+03 8.137232659841091845e+03 8.702554934573559876e+03 9.304125994593890937e+03 9.943727145426986681e+03 1.062313093859040600e+04 1.134406876505143919e+04 1.210821841481610136e+04 1.291718067353886181e+04 1.377243864954797027e+04 1.467532268066511278e+04 1.562697256951768941e+04 1.662829865551277908e+04 1.767994525321170659e+04 1.878222628946084660e+04 1.993507815981501335e+04 2.113801253395041203e+04 2.239004052438298822e+04 2.368959825776730577e+04 2.503446739373813034e+04 2.642168771338885563e+04 2.784747384440545284e+04 2.930717301757872701e+04 3.079510660249460125e+04 3.230433980776890166e+04 3.382751328099252714e+04 3.535522950061507436e+04 3.687516999189138005e+04 3.837497402340045664e+04 3.984168808651989821e+04 4.126065610660733364e+04 4.261455383145171072e+04 4.388421761415919173e+04 4.504894181605442282e+04 4.608669379827321245e+04 4.697424911940335733e+04 4.768696343861294736e+04 4.819959197948827932e+04 4.848715778201327339e+04 4.852563949631509604e+04 4.829329766455724166e+04 4.777237926982289355e+04 4.695098133045418945e+04 4.582519194427866751e+04 4.440172999533761322e+04 4.269997791655789479e+04 4.075358033204450476e+04 3.861163857682231173e+04 3.633788013004916138e+04 3.400669672931452806e+04 3.169863183280890007e+04 2.949896348573617070e+04 2.747091778303535102e+04 2.565926502378102305e+04 2.411967324412388916e+04 2.281221693351795329e+04 2.165679506199599928e+04 2.057191461897711997e+04 1.945350068680993354e+04 1.817510602085653591e+04 1.666238164191686519e+04 1.497005192040822112e+04 1.325982614658552848e+04 1.171131269789799626e+04 1.046760385262473028e+04 9.575095165043645466e+03 8.916370333312857838e+03 8.275950017310322437e+03 7.504606696919249771e+03 6.635756850696846413e+03 5.832726067152446376e+03 5.238368228370083671e+03 4.795027315304644617e+03 4.357028036470351253e+03 3.879195161129889584e+03 3.456319187025868359e+03 3.125704927685550956e+03 2.824612567347339791e+03 2.532287405820271488e+03 2.281912456540904259e+03 2.062605518505323744e+03 1.860756417927427492e+03 1.684408089112028392e+03 1.526458309399187783e+03 1.385660371764191950e+03 1.260441508846214901e+03 1.148540745931688434e+03 1.048751615038368755e+03 9.595412880215636733e+02 8.794653857761786639e+02 8.076161033762410852e+02 7.427876099251176356e+02 6.840701562752954032e+02 6.306976258219416422e+02 5.819462126016293269e+02 5.371620911028559249e+02 4.957997073523916356e+02 4.573874038518127918e+02 4.215260537790738908e+02 3.878934510183897828e+02 3.562383769561515123e+02 3.263671733325178366e+02 2.981333333842015350e+02 2.714549349431050018e+02 2.462881931687039696e+02 2.226021276845122827e+02 2.004016299313557283e+02 1.797011171203904496e+02 1.605003651434070093e+02 1.428069598501232633e+02 1.266176230986817899e+02 1.119018890215808142e+02 9.861437507913754530e+01 8.669355936129531415e+01 7.606066026797840607e+01 6.662235274638278781e+01 5.827884618497892433e+01 5.092990561425244067e+01 4.447255801627804317e+01 3.880780795406383277e+01 3.384556324515847336e+01 2.950289035931621129e+01 2.570493916094989117e+01 2.238556483319319668e+01 1.948712631469980039e+01 1.695886909488763195e+01 1.475569008516757030e+01 1.283850918370237792e+01
7.426437100408496917e+03 7.944731372655565792e+03 8.496685168890298883e+03 9.084030886548112903e+03 9.708507297477997781e+03 1.037184264693367004e+04 1.107573179656425600e+04 1.182181265401688870e+04 1.261164299237209161e+04 1.344667586887017751e+04 1.432820943793595870e+04 1.525735536845445495e+04 1.623500521696393116e+04 1.726178468913526740e+04 1.833800081916648196e+04 1.946359530600747166e+04 2.063809206830056792e+04 2.186051842648550519e+04 2.312935052175828969e+04 2.444243128019577125e+04 2.579686442348184573e+04 2.718895004671196148e+04 2.861415125016514139e+04 3.006693225497918320e+04 3.154051107191350457e+04 3.302770683446077601e+04 3.451934994575948076e+04 3.600340601576812332e+04 3.746781233053425967e+04 3.889993348738533678e+04 4.028546230663519964e+04 4.160746973291781615e+04 4.284725735260004876e+04 4.398462040655816236e+04 4.499804700958580361e+04 4.586486141475598561e+04 4.656101416346584301e+04 4.706186968105292181e+04 4.734304400466392690e+04 4.738107951310079807e+04 4.715477010910082026e+04 4.664679525178937183e+04 4.584551952071160486e+04 4.474712870931930956e+04 4.335816573400435300e+04 4.169752351928329881e+04 3.979802639334440028e+04 3.770756205714637326e+04 3.548830408593372704e+04 3.321285400120743725e+04 3.095982781727186375e+04 2.881249642131193468e+04 2.683261933402186332e+04 2.506397787928254547e+04 2.356109737557088374e+04 2.228505226463204599e+04 2.115760669334051272e+04 2.009911187288571091e+04 1.900771158419134008e+04 1.775942895494279219e+04 1.628109635926627197e+04 1.462601111290958579e+04 1.295255842004317492e+04 1.143701709121467320e+04 1.022022141925173491e+04 9.348260985307129886e+03 8.706110083024515916e+03 8.081737389102891939e+03 7.327748682401871520e+03 6.476515297873347663e+03 5.689273212882743792e+03 5.107709537844299120e+03 4.675361782760136521e+03 4.247790745801496996e+03 3.779719590680336296e+03 3.365463559951506340e+03 3.042622027170280489e+03 2.748596218064528784e+03 2.462523439567158221e+03 2.217821081374890127e+03 2.003666672611646391e+03 1.806408242690229827e+03 1.634200401439954248e+03 1.479990302172838256e+03 1.342566004353720700e+03 1.220398815184320483e+03 1.111271815614073603e+03 1.014005007525546603e+03 9.270998306021474491e+02 8.491462806812743338e+02 7.792549517962786467e+02 7.162492753138430999e+02 6.592404300699157602e+02 6.074790576172563306e+02 5.602569954955524736e+02 5.169342761374621205e+02 4.769761622203543538e+02 4.399186524705465899e+02 4.053677851486976920e+02 3.730045521335446779e+02 3.425776908503325444e+02 3.138915717544250015e+02 2.867971260139648280e+02 2.612075381965868246e+02 2.370735075419104305e+02 2.143596275933754498e+02 1.930660408102610575e+02 1.732033365959103435e+02 1.547695138775809767e+02 1.377715634735636172e+02 1.222070720275158493e+02 1.080481112600392208e+02 9.525333939647097736e+01 8.376613268646049448e+01 7.351294773399429516e+01 6.440626177432351085e+01 5.635200643113500973e+01 4.925510080457122086e+01 4.301729567058554693e+01 3.754380946477687786e+01 3.274820389538336940e+01 2.855067920237708634e+01 2.487909907533874687e+01 2.166969963251361975e+01 1.886695707447292136e+01 1.642197646091607410e+01 1.429125573775566416e+01 1.243700571637472052e+01
7.251683837359197241e+03 7.757788469247816465e+03 8.296759715333264467e+03 8.870289397220123647e+03 9.480077042764853104e+03 1.012781110091024857e+04 1.081514378606040009e+04 1.154367541107906982e+04 1.231493062463182105e+04 1.313032278082300581e+04 1.399112020889573432e+04 1.489841137221526697e+04 1.585306683873216025e+04 1.685569843509804195e+04 1.790660485399212484e+04 1.900572800489302972e+04 2.015260470572948179e+04 2.134628618610411650e+04 2.258528338519252429e+04 2.386748945735351299e+04 2.519008031316236520e+04 2.654944246406845923e+04 2.794114229702355442e+04 2.935977393963687064e+04 3.079872477721493487e+04 3.225098320180442170e+04 3.370759177394169819e+04 3.515680168548676011e+04 3.658684133611388825e+04 3.798536242777792359e+04 3.933838976836145594e+04 4.062942099282296113e+04 4.184019688360102737e+04 4.295097837717898074e+04 4.394076099557104317e+04 4.478742190723449312e+04 4.546748245560818032e+04 4.595688428094075061e+04 4.623181963895320951e+04 4.626939736611685657e+04 4.604891560219182429e+04 4.555346321537287440e+04 4.477168286431348679e+04 4.369984276844441774e+04 4.234432158533408074e+04 4.072354565862411982e+04 3.886952604168008838e+04 3.682899511076638737e+04 3.466262380929508799e+04 3.244125929164203262e+04 3.024164411219374961e+04 2.814511129656459889e+04 2.621200383350973061e+04 2.448513444601614901e+04 2.301789255794589553e+04 2.177233603962848429e+04 2.067204410371539052e+04 1.963915453033628728e+04 1.857397854045776330e+04 1.735495206969038190e+04 1.591008553854171078e+04 1.429129194892991291e+04 1.265370681061163123e+04 1.117033731494650601e+04 9.979787311219588446e+03 9.127824124725762886e+03 8.501756833595280114e+03 7.892970908302026146e+03 7.155901518692126956e+03 6.321903395660159731e+03 5.550120203405051143e+03 4.981036553111204739e+03 4.559366452660745381e+03 4.141937172957883377e+03 3.683398951804620083e+03 3.277555939646297247e+03 2.962275727278015893e+03 2.675126001690466637e+03 2.395144199890652089e+03 2.155962363512866887e+03 1.946821763833318300e+03 1.754027905402999977e+03 1.585846032757126068e+03 1.435270098437002616e+03 1.301122856187615753e+03 1.181918294965232690e+03 1.075481716519027714e+03 9.806596589131061137e+02 8.959862602967160683e+02 8.200855616080258415e+02 7.520853287025992131e+02 6.908377579879088444e+02 6.354744079151859069e+02 5.852622619844896690e+02 5.395084867563178932e+02 4.975867472808545244e+02 4.589729936434489446e+02 4.232109418779018029e+02 3.899119769242272469e+02 3.587605114599045351e+02 3.295055952590391257e+02 3.019500389324978187e+02 2.759425941603175829e+02 2.513920105125812938e+02 2.282439041039713743e+02 2.064587486436312531e+02 1.860321675091695397e+02 1.669710461182147583e+02 1.492716023273419239e+02 1.329401261292842378e+02 1.179748845837594899e+02 1.043502438161884669e+02 9.202858505169722036e+01 8.095784879316984473e+01 7.106942451790156667e+01 6.228129676419423788e+01 5.450485430398013875e+01 4.764994939563371190e+01 4.162287865910167284e+01 3.633292587096294568e+01 3.169717731748918155e+01 2.763885859003123358e+01 2.408845269824399793e+01 2.098448993666426787e+01 1.827347723319628159e+01 1.590830032225380108e+01 1.384699291447264180e+01 1.205300903077412400e+01
7.081989111407160635e+03 7.576256844762309811e+03 8.102621595183553836e+03 8.662736651619814438e+03 9.258262445441234377e+03 9.890844604941328726e+03 1.056209909605248686e+04 1.127359084190868089e+04 1.202680746115697548e+04 1.282312794904023940e+04 1.366379021561817899e+04 1.454985985841969341e+04 1.548219070715678754e+04 1.646137159712185894e+04 1.748769632745048875e+04 1.856111381684293156e+04 1.968116702288877059e+04 2.084693465654735701e+04 2.205696115377454043e+04 2.330918382100954113e+04 2.460085295107244747e+04 2.592844102150955950e+04 2.728761287258135781e+04 2.867308535510749061e+04 3.007841048389283969e+04 3.149674064635291870e+04 3.291932444327500707e+04 3.433469070082755934e+04 3.573134625299100298e+04 3.709723473638679570e+04 3.841871083657928830e+04 3.967966036222587718e+04 4.086225078642661538e+04 4.194720629181362165e+04 4.291402187671144202e+04 4.374110632680862909e+04 4.440551862673198775e+04 4.488376546517202223e+04 4.515262080675656034e+04 4.518972597914197104e+04 4.497487034312447213e+04 4.449154415204504767e+04 4.372864885857729678e+04 4.268254455200497614e+04 4.135944704483674286e+04 3.977732542213490524e+04 3.796741896514911059e+04 3.597532928509957128e+04 3.386025886576948687e+04 3.169136137658039297e+04 2.954358804416989005e+04 2.749636928099132638e+04 2.560865768987608317e+04 2.392233917695067430e+04 2.248970520003574711e+04 2.127374011243881614e+04 2.019979161544919043e+04 1.919174716378922676e+04 1.815201717342716074e+04 1.696142004214419285e+04 1.554911250223816751e+04 1.396567321112961508e+04 1.236306607077926128e+04 1.091108290676649995e+04 9.746119403395699919e+03 8.913610955876256412e+03 8.303150916417775079e+03 7.709499673147921385e+03 6.988919905727434525e+03 6.171780957165671680e+03 5.415131619135580877e+03 4.858222476183692379e+03 4.446922015491565617e+03 4.039354931960506747e+03 3.590125644847928470e+03 3.192494790534311505e+03 2.884568562437266792e+03 2.604109605026241297e+03 2.330061424275659647e+03 2.096251859978339326e+03 1.891989247921635069e+03 1.703537240609043465e+03 1.539270507199464419e+03 1.392226836967799272e+03 1.261262866479128434e+03 1.144934484181490689e+03 1.041107999152775847e+03 9.486557276583189378e+02 8.661438916266665728e+02 7.922286860306172684e+02 7.260557160916863495e+02 6.665045243669073898e+02 6.127265275831686040e+02 5.640047175696554405e+02 5.196613081843826194e+02 4.790833739482668534e+02 4.417574145599754161e+02 4.072348882860899266e+02 3.751326580695738926e+02 3.451387357323604874e+02 3.170028342946130806e+02 2.905266245968788894e+02 2.655570529856939856e+02 2.419988481678981032e+02 2.197929181803823155e+02 1.988958747920816847e+02 1.792990176525769641e+02 1.610056289340121793e+02 1.440101230046295768e+02 1.283179417675265483e+02 1.139278105472778435e+02 1.008161339577446540e+02 8.894868386221612866e+01 7.827762996029139231e+01 6.873901549782326015e+01 6.025609459955330749e+01 5.274551531403896831e+01 4.612190599858382711e+01 4.029602095989245925e+01 3.518114395467070210e+01 3.069780589920973668e+01 2.677215130781772245e+01 2.333717250443858759e+01 2.033359681285317677e+01 1.770986649803595370e+01 1.542056285534298787e+01 1.342518956429759491e+01 1.168841982884571706e+01
6.917217212803391703e+03 7.399990404040699104e+03 7.914115634289554691e+03 8.461205299551262215e+03 9.042878803440635238e+03 9.660749801276291691e+03 1.031639550008469450e+04 1.101134123745032775e+04 1.174703955324510935e+04 1.252483947940305916e+04 1.334595290995736468e+04 1.421141863400235889e+04 1.512206511330281319e+04 1.607847548943126640e+04 1.708093633586262877e+04 1.812939420501124550e+04 1.922340733757153794e+04 2.036207016941525217e+04 2.154396303790948150e+04 2.276707770282143974e+04 2.402872050523765211e+04 2.532544644124011029e+04 2.665302831375375172e+04 2.800630989572506951e+04 2.937898234454759222e+04 3.076436321677678279e+04 3.215391071719803585e+04 3.353641332962463639e+04 3.490065529778964992e+04 3.623485697302852350e+04 3.752568508221444063e+04 3.875741577271313145e+04 3.991262740234154626e+04 4.097249743370213400e+04 4.191700685571775830e+04 4.272505215244772990e+04 4.337425359868582018e+04 4.384167272189837968e+04 4.410459923331074970e+04 4.414121940476725285e+04 4.393179755207525886e+04 4.346020398461102741e+04 4.271560568828268879e+04 4.169444366816884576e+04 4.040277939136107307e+04 3.885814517943943065e+04 3.709102143236282427e+04 3.514591232399534056e+04 3.308060901224666304e+04 3.096262771615887323e+04 2.886515690447941961e+04 2.686579942781525824e+04 2.502216150496269984e+04 2.337520397372719526e+04 2.197615845224228178e+04 2.078891322658937861e+04 1.974052468995295567e+04 1.875657850142717507e+04 1.774154515519181950e+04 1.657856066104061392e+04 1.519792671979495572e+04 1.364892906407909140e+04 1.208041832947381590e+04 1.065904677707475275e+04 9.519021358940502978e+03 8.705435340167037793e+03 8.110118330588893514e+03 7.531159326131276430e+03 6.826650769223232601e+03 6.026001513732444437e+03 5.284163825076051580e+03 4.739130292116561577e+03 4.337900382219539097e+03 3.939923342132326070e+03 3.499784893600809482e+03 3.110169096962114963e+03 2.809396726470725753e+03 2.535447634574681160e+03 2.267179886003767479e+03 2.038599117815188492e+03 1.839082879169869329e+03 1.654854016415785736e+03 1.494394583497250551e+03 1.350784480782700257e+03 1.222912818960414825e+03 1.109377359815664249e+03 1.008083492892604909e+03 9.179286698694910456e+02 8.375104318664655239e+02 7.655164577906296017e+02 7.011092582120717225e+02 6.431950654930362816e+02 5.909446732636070010e+02 5.436566939494970256e+02 5.006680746369666508e+02 4.613790575536298775e+02 4.252865420364348097e+02 3.919497521481386002e+02 3.609911637718043380e+02 3.321025654670779659e+02 3.050346442434866390e+02 2.795882997000077808e+02 2.556090167070664450e+02 2.329979076360033901e+02 2.116915544497916528e+02 1.916429846814326652e+02 1.728394044943959784e+02 1.552806345158245449e+02 1.389593047781557971e+02 1.238799279253055516e+02 1.100415280684917718e+02 9.742233069358152875e+01 8.599121157393804538e+01 7.570426549826392204e+01 6.650190766648813678e+01 5.831238508392839748e+01 5.105735491332834641e+01 4.465601334938470046e+01 3.902340311900956493e+01 3.407666691092519073e+01 2.973965929339175673e+01 2.594134472139403869e+01 2.261713972189430422e+01 1.970989062599485919e+01 1.716989847662637203e+01 1.495337043712276603e+01 1.302122162534603689e+01 1.133929941577989986e+01
6.757230502139957025e+03 7.228844228876302623e+03 7.731084269201479401e+03 8.265526479770649530e+03 8.833753745102647372e+03 9.437339834846467056e+03 1.007782708048987843e+04 1.075670712573041237e+04 1.147539839099752317e+04 1.223521836948095370e+04 1.303734874549202868e+04 1.388280549622183207e+04 1.477240279643972281e+04 1.570670476833754037e+04 1.668599219156752952e+04 1.771021611296139599e+04 1.877894125128792075e+04 1.989128380280891724e+04 2.104586083629006680e+04 2.224071215362999283e+04 2.347320099954854231e+04 2.473996626367983845e+04 2.603687854120385600e+04 2.735889468072078307e+04 2.869985960361819525e+04 3.005324867709507816e+04 3.141071652747873668e+04 3.276130913206894547e+04 3.409406637954120379e+04 3.539749231790417980e+04 3.665856981993605586e+04 3.786192299708735663e+04 3.899055028495580336e+04 4.002606514661043184e+04 4.094889832262480923e+04 4.173845358012959332e+04 4.237286743284782278e+04 4.282973918735143525e+04 4.308690195795644831e+04 4.312302451852065133e+04 4.291884370891836443e+04 4.245861877431891480e+04 4.173174755530805123e+04 4.073475661075881362e+04 3.947356752328757284e+04 3.796528942318495683e+04 3.623966031634516548e+04 3.434011540873553895e+04 3.232309028710673374e+04 3.025452377942548264e+04 2.820587003581535828e+04 2.625295945830519122e+04 2.445210356409720407e+04 2.284336479609491289e+04 2.147691792582988273e+04 2.031753684276345302e+04 1.929395065240396798e+04 1.833338546439704805e+04 1.734231787495431126e+04 1.620615357328148093e+04 1.485633170506886563e+04 1.334087502933969154e+04 1.180560358642970277e+04 1.041408067468492663e+04 9.298361110928362905e+03 8.503175368068945318e+03 7.922546152671884556e+03 7.357849511852848991e+03 6.668996947831061334e+03 5.884467304073738887e+03 5.157126127006109527e+03 4.623673560296355390e+03 4.232221447610889300e+03 3.843567435143917919e+03 3.412303817508991415e+03 3.030510278797603405e+03 2.736693319391109526e+03 2.469076624118376913e+03 2.206439128650906696e+03 1.982945599484158947e+03 1.788046204317678530e+03 1.607923473521649385e+03 1.451165501228117364e+03 1.310891592983781493e+03 1.186023233571210312e+03 1.075199007170494269e+03 9.763614885897909517e+02 8.884337948877163171e+02 8.100429060664116605e+02 7.399074817156398467e+02 6.772062331441046581e+02 6.208716009197514722e+02 5.700931602595059076e+02 5.241846818326548600e+02 4.824975146271216886e+02 4.444448361183095244e+02 4.095337975981191789e+02 3.773314119887555762e+02 3.474658969637619634e+02 3.196329799712584645e+02 2.935845993698264920e+02 2.691212102217168649e+02 2.460871413367604532e+02 2.243802706185055627e+02 2.039332211530042116e+02 1.846956964407608837e+02 1.666510118509566212e+02 1.497956401917092819e+02 1.341204250098176090e+02 1.196288384502129531e+02 1.063200191396789194e+02 9.417378685966581031e+01 8.316182206188237558e+01 7.324383665556776180e+01 6.436435094348622954e+01 5.645635620473779426e+01 4.944630379301850098e+01 4.325779003699765468e+01 3.781004578725614351e+01 3.302399950616114666e+01 2.882675166277033796e+01 2.515000297068140256e+01 2.193151098986103165e+01 1.911616153443698707e+01 1.665602197020442077e+01 1.450883846441945479e+01 1.263687300943622205e+01 1.100712780468757401e+01
6.601895580559506016e+03 7.062672412549099136e+03 7.553370963593109991e+03 8.075533000406648171e+03 8.630705505756191997e+03 9.220422947543336704e+03 9.846193785177945756e+03 1.050947588514829658e+04 1.121165308447511779e+04 1.195401406863924785e+04 1.273771391478649821e+04 1.356374520705223040e+04 1.443290333670481778e+04 1.534573791309938861e+04 1.630252473079298579e+04 1.730321788081645354e+04 1.834739090022325763e+04 1.943418242033329807e+04 2.056223931225519482e+04 2.172964399688245612e+04 2.293382695045872970e+04 2.417149792201837045e+04 2.543862501937150228e+04 2.673029380553500960e+04 2.804047811807349353e+04 2.936280079663440119e+04 3.068911401894075971e+04 3.200872002303205227e+04 3.331091474086450035e+04 3.458446265493664396e+04 3.581664177725621994e+04 3.699243580885822303e+04 3.809523559383530664e+04 3.910708355812034279e+04 4.000886997100152075e+04 4.078047282037603145e+04 4.140052374559282180e+04 4.184713804921654810e+04 4.209867101059146080e+04 4.213428663410383888e+04 4.193517230340298556e+04 4.148595031642394315e+04 4.077625547908653243e+04 3.980270824054782133e+04 3.857107192701729946e+04 3.709803088678504719e+04 3.541264013391684421e+04 3.355730224765833555e+04 3.158711488484909933e+04 2.956647682674087628e+04 2.756519824574132872e+04 2.565737039525623550e+04 2.389803151626774343e+04 2.232638460922294689e+04 2.099157953358055238e+04 1.985923915194298388e+04 1.885970547896689459e+04 1.792181451285735602e+04 1.695399350072093148e+04 1.584387744196617678e+04 1.452402433899771677e+04 1.304122523083402302e+04 1.153835117689019717e+04 1.017592681684556374e+04 9.083889930000808818e+03 8.306591861416525717e+03 7.740205394769790473e+03 7.189348902563835509e+03 6.515750015692889065e+03 5.746985028160597722e+03 5.033828406867882222e+03 4.511671699981938218e+03 4.129716138294767916e+03 3.750128467482101314e+03 3.327531891241254016e+03 2.953374892037599238e+03 2.666324885567288220e+03 2.404869435288207569e+03 2.147718883253779040e+03 1.929177816554470382e+03 1.738771032661627260e+03 1.562643684092278363e+03 1.409486297429282558e+03 1.272456579684778944e+03 1.150506958054097140e+03 1.042316396174264128e+03 9.458638419283654457e+02 8.600964109982018044e+02 7.836706161442017446e+02 7.153345296089623844e+02 6.542830219013927717e+02 5.994739024106768284e+02 5.501150262501923862e+02 5.055348850001115011e+02 4.650989286615026117e+02 4.282330663890574556e+02 3.944545681424971235e+02 3.633382044256628092e+02 3.345179821139142291e+02 3.076936744178833578e+02 2.826187540586922182e+02 2.590935936117340361e+02 2.369616972220993318e+02 2.161180686121099370e+02 1.964917031120339459e+02 1.780292269479640765e+02 1.607102856566393143e+02 1.445281525843747943e+02 1.294719202845202801e+02 1.155439653767134445e+02 1.027434114472609537e+02 9.105148420731146075e+01 8.044241484414257570e+01 7.087925866953258947e+01 6.231038268049609030e+01 5.467326100941141220e+01 4.789890040055832543e+01 4.191509976622214140e+01 3.664511843445826145e+01 3.201353885512317987e+01 2.795059581704637708e+01 2.439063763692708164e+01 2.127368771276599446e+01 1.854660188921992514e+01 1.616314522820271193e+01 1.408254008032885451e+01 1.226834221318358509e+01 1.068866675183643267e+01
6.451075718087660789e+03 6.901332428040675950e+03 7.380827872819472759e+03 7.891067223722895505e+03 8.433561507427166362e+03 9.009813939469335310e+03 9.621295579110834296e+03 1.026943076762234705e+04 1.095557547701755175e+04 1.168098550222840458e+04 1.244679074436012888e+04 1.325396205731660120e+04 1.410327402677135797e+04 1.499526731913707226e+04 1.593020997392761819e+04 1.690805439495870087e+04 1.792838768479188730e+04 1.899037057927384376e+04 2.009267831141072384e+04 2.123343418163693786e+04 2.241013271131144938e+04 2.361956047074745220e+04 2.485777163559945984e+04 2.611995990127255936e+04 2.740025615496030514e+04 2.869242125038430459e+04 2.998848396070880335e+04 3.127800249613753112e+04 3.255050994159601396e+04 3.379503443186023651e+04 3.499915758196402021e+04 3.614819996697691386e+04 3.722591990727901430e+04 3.821477828662932734e+04 3.909611747113164893e+04 3.985026098960886884e+04 4.045633888872080570e+04 4.089297719752114062e+04 4.113902353473526455e+04 4.117412411539867026e+04 4.097989419615202496e+04 4.054131049743252515e+04 3.984825575911129999e+04 3.889740691446426354e+04 3.769439635572040424e+04 3.625552290937909856e+04 3.460913187459496839e+04 3.279664957801914716e+04 3.087188218491455700e+04 2.889771215897416187e+04 2.694236151248796159e+04 2.507824583802610141e+04 2.335916410941322829e+04 2.182346941844428511e+04 2.051931412199259648e+04 1.941314089415254057e+04 1.843686814244703055e+04 1.752089632950884697e+04 1.657555382871905749e+04 1.549066314243892884e+04 1.419988665612807927e+04 1.274884603667935517e+04 1.127751114702570339e+04 9.943440178738062968e+03 8.874461060902436657e+03 8.114544859722035653e+03 7.561960434668726521e+03 7.024538661827139549e+03 6.365822737478903946e+03 5.612513154820586351e+03 4.913288753036408707e+03 4.402192402262190626e+03 4.029493169817602848e+03 3.658760589105169856e+03 3.244678109174453311e+03 2.878024815424132612e+03 2.597595876561488694e+03 2.342174223505149257e+03 2.090412860717596686e+03 1.876730278737794606e+03 1.690730252285647794e+03 1.518524755399671449e+03 1.368901822885191677e+03 1.235056707247305212e+03 1.115972536590715208e+03 1.010367124401489718e+03 9.162548153047537198e+02 8.326066652136831863e+02 7.581073727944341272e+02 6.915339841545725221e+02 6.320974461858576205e+02 5.787796085363919474e+02 5.308063021540948512e+02 4.875206994553900586e+02 4.483021459467665863e+02 4.125890248438182653e+02 3.799085673035388027e+02 3.498433472273492271e+02 3.220333245117298020e+02 2.961825059981475761e+02 2.720461784038482733e+02 2.494249515616378403e+02 2.281618106065296558e+02 2.081492755351121389e+02 1.893131002309064854e+02 1.715971234415906679e+02 1.549775569985937125e+02 1.394446297415204867e+02 1.249857339958696087e+02 1.116021124956875212e+02 9.929276755361401285e+01 8.804017462659450644e+01 7.782088520654930619e+01 6.860105117881261094e+01 6.033266800263036345e+01 5.295747761878063642e+01 4.641085355409418867e+01 4.062465385633910131e+01 3.552607845098615513e+01 3.104330168566978898e+01 2.710963375550668175e+01 2.366202131299403177e+01 2.064270717761480256e+01 1.800046672196812736e+01 1.569069236089170971e+01 1.367401301553284831e+01 1.191522689980239313e+01 1.038354544078897312e+01
6.304640284218164197e+03 6.744682900954683646e+03 7.213300224231812535e+03 7.711963223041198034e+03 8.242149737993753661e+03 8.805326572258800297e+03 9.402935240406355661e+03 1.003636744997949245e+04 1.070694338455620345e+04 1.141589426920902042e+04 1.216432494753662831e+04 1.295318281571455555e+04 1.378322528425916062e+04 1.465498339179313916e+04 1.556871857963256480e+04 1.652438236921172575e+04 1.752157125821152295e+04 1.855946337863142617e+04 1.963676588563757832e+04 2.075164849694770601e+04 2.190166170316705757e+04 2.308366391899097289e+04 2.429380038567434895e+04 2.552737545597554708e+04 2.677864736927951162e+04 2.804152458805605420e+04 2.930822195224428287e+04 3.056852892253290338e+04 3.181222048014471875e+04 3.302857252899209561e+04 3.420544519192777807e+04 3.532849898494238005e+04 3.638187487529745704e+04 3.734842373586638132e+04 3.820989752486645011e+04 3.894709268760124542e+04 3.953961485738664487e+04 3.996657017721593729e+04 4.020729096086297068e+04 4.024189148114629643e+04 4.005240661397417716e+04 3.962415437330889108e+04 3.894724937248585047e+04 3.801845071566466504e+04 3.684324803055864322e+04 3.543754902329367178e+04 3.382904762792903057e+04 3.205819217445974573e+04 3.017754564606153508e+04 2.824855460979730196e+04 2.633786656133371071e+04 2.451626959093379992e+04 2.283636974046338582e+04 2.133569404945057977e+04 2.006141843638500359e+04 1.898078858356492128e+04 1.802724545570013652e+04 1.713270606051403956e+04 1.620935444256515439e+04 1.514913276458562359e+04 1.388678047339949808e+04 1.246676683541010789e+04 1.102623488501467727e+04 9.719829306996412924e+03 8.673330433122782779e+03 7.930327072521758055e+03 7.391141963839667369e+03 6.866744081064845886e+03 6.222463955490516128e+03 5.484147570045057364e+03 4.798424052025146921e+03 4.298008696226767825e+03 3.934213611400072296e+03 3.571994225118303348e+03 3.166103122099182201e+03 2.806655921165771360e+03 2.532569505432091319e+03 2.282922349385245980e+03 2.036310210505476107e+03 1.827264166893713536e+03 1.645466381323107726e+03 1.476991502283942282e+03 1.330728490461359570e+03 1.199905715224117102e+03 1.083536401315844387e+03 9.803772716837421513e+02 8.884755952048111567e+02 8.068261783083802356e+02 7.341409599078382371e+02 6.692249947468931168e+02 6.113037369152758629e+02 5.593834923599213198e+02 5.127071730045296363e+02 4.706316699553997864e+02 4.325496796984260186e+02 3.979117564813955141e+02 3.662548477212698117e+02 3.371691554311133245e+02 3.103004834196963202e+02 2.853570271553008979e+02 2.620959816722840401e+02 2.403183612658253878e+02 2.198667992285135995e+02 2.006315662523858236e+02 1.825354045498644666e+02 1.655195205457812335e+02 1.495568203375951839e+02 1.346345471771960547e+02 1.207383498921138454e+02 1.078682191926220355e+02 9.602284913448789894e+01 8.518571827040068456e+01 7.533539543672056027e+01 6.644080673560078765e+01 5.845726263907535269e+01 5.133045156243180429e+01 4.499981503685174999e+01 3.940101607484847079e+01 3.446498035564966500e+01 3.012329235391925408e+01 2.631218377736895775e+01 2.297107596278205222e+01 2.004432666221525494e+01 1.748253640975314127e+01 1.524263613481639368e+01 1.328658137863903832e+01 1.158034429841506174e+01 1.009417544108619325e+01
6.162461658244103091e+03 6.592586045080113763e+03 7.050641257276241959e+03 7.538064000408137872e+03 8.056297713426071823e+03 8.606782013935158830e+03 9.190920915187129140e+03 9.810073730133184654e+03 1.046553635766475782e+04 1.115850746894272561e+04 1.189006737936333047e+04 1.266114494706490404e+04 1.347248032083398903e+04 1.432458975965011086e+04 1.521772877286886978e+04 1.615185214198513859e+04 1.712656682865027324e+04 1.814106948182592532e+04 1.919409797696409078e+04 2.028386310739731925e+04 2.140796358677343596e+04 2.256333514373249272e+04 2.374621308772725752e+04 2.495200218457773371e+04 2.617509443369103974e+04 2.740953435834105403e+04 2.864771250476248315e+04 2.987965485299835927e+04 3.109536132258355065e+04 3.228435043100072653e+04 3.343476296434937831e+04 3.453258585500544723e+04 3.556231419292331702e+04 3.650718402179332043e+04 3.734936338223925850e+04 3.807009056500881707e+04 3.864943273659663100e+04 3.906696562566048669e+04 3.930249002086446126e+04 3.933658028501585795e+04 3.915167136707958707e+04 3.873341078631480923e+04 3.807214943797703017e+04 3.716470692801430414e+04 3.601644543371329200e+04 3.464290715874477610e+04 3.307113034820679604e+04 3.134063391640065674e+04 2.950277191166424745e+04 2.761757799371078363e+04 2.575018802127073286e+04 2.396981150655657257e+04 2.232789007003750157e+04 2.086114585854941106e+04 1.961580747337787034e+04 1.855988942490490808e+04 1.762831582417630125e+04 1.675448053827313925e+04 1.585238059266786149e+04 1.481603597274228014e+04 1.358125796893319239e+04 1.219140048474546893e+04 1.078084565473467774e+04 9.501387063291425875e+03 8.476771993376265527e+03 7.750198209471859627e+03 7.223992734891064174e+03 6.712234836527066363e+03 6.082038106579153464e+03 5.358425702691519291e+03 4.685967983537056170e+03 4.196015721969389233e+03 3.840905831109032079e+03 3.487007024725329757e+03 3.089170319811840727e+03 2.736811529444647476e+03 2.468937643634188134e+03 2.224951420618586781e+03 1.983403846102058196e+03 1.778912501937702700e+03 1.601242005786376922e+03 1.436435448423919979e+03 1.293475837503438470e+03 1.165625411016766066e+03 1.051926147835379425e+03 9.511729152762470676e+02 8.614450718021788589e+02 7.817609802249376116e+02 7.108585709565585375e+02 6.475701629485010926e+02 5.911361063952169843e+02 5.405857537705644518e+02 4.951788324573736304e+02 4.542858848016915090e+02 4.173127650140566516e+02 3.837219689605204280e+02 3.530600178930081938e+02 3.249247574745995166e+02 2.989679474159752885e+02 2.749021171933134724e+02 2.524866334142409983e+02 2.315232307263781877e+02 2.118544864858411643e+02 1.933687651251032094e+02 1.759861280434679429e+02 1.596454084554622739e+02 1.443164487743862026e+02 1.299836885375137570e+02 1.166311152117669252e+02 1.042574641814897376e+02 9.286104983093957799e+01 8.242623019428756947e+01 7.293340065487460322e+01 6.435405089221426067e+01 5.664661250949551174e+01 4.976051831956524296e+01 4.363909595918725159e+01 3.822167362203735053e+01 3.344280708051101669e+01 2.923742038456816772e+01 2.554460742844793231e+01 2.230622618682490810e+01 1.946871778480983295e+01 1.698447017424500061e+01 1.481189707650083065e+01 1.291422395490963737e+01 1.125855307647030479e+01 9.816150483422887874e+00
6.024408203856031832e+03 6.444902417569492172e+03 6.892700888030653005e+03 7.369210204400546900e+03 7.875842376587823310e+03 8.414000093703318271e+03 8.985059016007611717e+03 9.590349103452026611e+03 1.023113435587116146e+04 1.090859020853099901e+04 1.162377165737313589e+04 1.237758404909208912e+04 1.317075156771190814e+04 1.400378215708655262e+04 1.487692584129388160e+04 1.579013695098123753e+04 1.674303142469532395e+04 1.773482336328739984e+04 1.876427840602350989e+04 1.982964880558524601e+04 2.092859115519789702e+04 2.205810680363985011e+04 2.321451418860199919e+04 2.439332405858243510e+04 2.558905149157517735e+04 2.679587929517930752e+04 2.800637012869244427e+04 2.921076675036751476e+04 3.039930343232806263e+04 3.156172869066029307e+04 3.268644110593534788e+04 3.375975461768348760e+04 3.476651123908887530e+04 3.569032697047572583e+04 3.651377664668393845e+04 3.721850928549174569e+04 3.778503645469555340e+04 3.819340174341279635e+04 3.842387039756040031e+04 3.845744184571845108e+04 3.827695394329076225e+04 3.786838328479946358e+04 3.722228529845673620e+04 3.633555741916996340e+04 3.521342835750278755e+04 3.387107556140764791e+04 3.233493427186814370e+04 3.064359720351046417e+04 2.884724174030015638e+04 2.700455121339497782e+04 2.517918637258170202e+04 2.343881678708912659e+04 2.183375941961148419e+04 2.039996135205615792e+04 1.918270671260985910e+04 1.815076710776516120e+04 1.724051037964736679e+04 1.638675979139452465e+04 1.550527861078680507e+04 1.449212493849603925e+04 1.328416533330990933e+04 1.192366893574099413e+04 1.054232170711330400e+04 9.289125865177244123e+03 8.285821199547655851e+03 7.575210884289575915e+03 7.061588280264541936e+03 6.562089704661839278e+03 5.945605341716249313e+03 5.236356303249865050e+03 4.576869018023986428e+03 4.097117342488080794e+03 3.750438581375648027e+03 3.404626736707329655e+03 3.014650113435965977e+03 2.669207768641628263e+03 2.407373006372552481e+03 2.168890682307808675e+03 1.932275460506837362e+03 1.732215098359904459e+03 1.558557618691440666e+03 1.397317354206061054e+03 1.257568707453416891e+03 1.132605908053971916e+03 1.021499711218014795e+03 9.230819447866063001e+02 8.354632453764685351e+02 7.576840975909494773e+02 6.885087001193298875e+02 6.267950934775593623e+02 5.717990142553823034e+02 5.225712250850306191e+02 4.783879906522714123e+02 4.386334136224883196e+02 4.027262267268788491e+02 3.701405262903836615e+02 3.404321655852213553e+02 3.132065681334866554e+02 2.881214920138300499e+02 2.648938786418381710e+02 2.432854358374666504e+02 2.230988354326176477e+02 2.041768153166242428e+02 1.864061249881511060e+02 1.697044401774139999e+02 1.540084470100098031e+02 1.392851214265332089e+02 1.255162342868532050e+02 1.126841573658057740e+02 1.007863518150852968e+02 8.982067114168199851e+01 7.977221391488251356e+01 7.062300609193198397e+01 6.234688158623649201e+01 5.490517636037028382e+01 4.825083599850020022e+01 4.233085749911913354e+01 3.708805417607813126e+01 3.246046231583938635e+01 2.838622189892825176e+01 2.480718768335441027e+01 2.166757857017539735e+01 1.891585736477890833e+01 1.650614270622780211e+01 1.439827738018779435e+01 1.255670768178730690e+01 1.094962258139234379e+01 9.549263718308692361e+00
5.890356513901234393e+03 6.301499355680935878e+03 6.739339838259222233e+03 7.205252282162434312e+03 7.700616272508097609e+03 8.226804984705986499e+03 8.785163372855742637e+03 9.376992135198976030e+03 1.000352748607316425e+04 1.066591545231311648e+04 1.136519123954331735e+04 1.210224127796096218e+04 1.287776817412093624e+04 1.369227443591113115e+04 1.454600240066217521e+04 1.543890428918819816e+04 1.637061218632368582e+04 1.734035321813755218e+04 1.834691879625660658e+04 1.938860363154789957e+04 2.046311606240344190e+04 2.156752283228328452e+04 2.269822589948527457e+04 2.385083903526744325e+04 2.501999610412384209e+04 2.620000978554975518e+04 2.738361104352237453e+04 2.856126015977720090e+04 2.972340386987140300e+04 3.086002571106917821e+04 3.195978918325543418e+04 3.300930336464705033e+04 3.399375660648162011e+04 3.489712799342321523e+04 3.570237234213002375e+04 3.639156342346114980e+04 3.694564274492767436e+04 3.734510085920028359e+04 3.757065476413397118e+04 3.760370558390689985e+04 3.742748485766391241e+04 3.702830011853846372e+04 3.639690949021003325e+04 3.553026644077432866e+04 3.443348504859955574e+04 3.312139898946396715e+04 3.161981977494213061e+04 2.996647224716924029e+04 2.821039895906087622e+04 2.640895334846429250e+04 2.462438091939072547e+04 2.292285170155041487e+04 2.135358126935315886e+04 1.995176448336583053e+04 1.876177457371118726e+04 1.775310511531020165e+04 1.686352589682579128e+04 1.602926111753805344e+04 1.516778950442083624e+04 1.417716355727051996e+04 1.299528423652188212e+04 1.166337131689046510e+04 1.031048237622644956e+04 9.082875029852950320e+03 8.100325459782455255e+03 7.405228043858927776e+03 6.903798896639756094e+03 6.416190733369565351e+03 5.813055008891076795e+03 5.117836183573884227e+03 4.471028245922184396e+03 4.001219416979894959e+03 3.662724366380238735e+03 3.324772474322303879e+03 2.942466109259525638e+03 2.603772072425846090e+03 2.347807055519208916e+03 2.114675382247532070e+03 1.882864212149590685e+03 1.687113204722975070e+03 1.517357483889546302e+03 1.359584387592283520e+03 1.222956369126298569e+03 1.100799163718256978e+03 9.922108695690156992e+02 8.960603183682427471e+02 8.104872080827248055e+02 7.345549896642609156e+02 6.670523670730428876e+02 6.068629999008496725e+02 5.532566549192166576e+02 5.053059152003782515e+02 4.623028801028359567e+02 4.236445491826701755e+02 3.887621957124940764e+02 3.571413619780389013e+02 3.283471204912527810e+02 3.019923975701636323e+02 2.777409163570461033e+02 2.553140505604879138e+02 2.344760125070264394e+02 2.150306444458833539e+02 1.968210661337558349e+02 1.797326739886076439e+02 1.636810114901877284e+02 1.486008148883510103e+02 1.344563887018296668e+02 1.212269811381978428e+02 1.088934027144561441e+02 9.745182084341038831e+01 8.689954407613431897e+01 7.722227328227235432e+01 6.840346616288837822e+01 6.041908027675118831e+01 5.323314409833037786e+01 4.680189331506122130e+01 4.107578912655503700e+01 3.600096326882349018e+01 3.151879897142660170e+01 2.757054431604915479e+01 2.410072773477962116e+01 2.105587182246996747e+01 1.838641614575535854e+01 1.604816310246953037e+01 1.400232922077116982e+01 1.221452742034040106e+01 1.065398754730742681e+01 9.293888889553826971e+00
5.760184908390479904e+03 6.162247864249522536e+03 6.590418243867648926e+03 7.046039466350215662e+03 7.530461197758926573e+03 8.045028005350547573e+03 8.591053942588598147e+03 9.169809975330568705e+03 9.782506250337248275e+03 1.043026553033826349e+04 1.111409560123844312e+04 1.183486407000299550e+04 1.259326651616338313e+04 1.338978284891598014e+04 1.422465394255391220e+04 1.509783947560383604e+04 1.600896732351595892e+04 1.695729281361286485e+04 1.794163580148998881e+04 1.896031905151261890e+04 2.001110570807057957e+04 2.109113251092096834e+04 2.219687866829674749e+04 2.332404854985927886e+04 2.446740112926552683e+04 2.562137581810966367e+04 2.677886350534700614e+04 2.793053819367681353e+04 2.906705647251360278e+04 3.017862328186105515e+04 3.125415368458001467e+04 3.228055231259550055e+04 3.324333687254423421e+04 3.412684700291024637e+04 3.491441639180019411e+04 3.558850286620994302e+04 3.613049078175177419e+04 3.652130290707017411e+04 3.674205524761207926e+04 3.677458472954153694e+04 3.660250394256928848e+04 3.621241577959264396e+04 3.559527618375366728e+04 3.474811679062272742e+04 3.367592833795976185e+04 3.239319581606049542e+04 3.092515286708901112e+04 2.930867404894408537e+04 2.759169619582009909e+04 2.583028594407748096e+04 2.408530560639833129e+04 2.242147993686985137e+04 2.088695457353776510e+04 1.951617989338914049e+04 1.835265496952200192e+04 1.736657199047733593e+04 1.649705660666831682e+04 1.568169423481046579e+04 1.483964467994073675e+04 1.387090299126310674e+04 1.271438426035277007e+04 1.141030354593335142e+04 1.008513587975008886e+04 8.882465424476347835e+03 7.920123425968994525e+03 7.240098288467398561e+03 6.750487822801013863e+03 6.274411626562617130e+03 5.684268208973588116e+03 5.002751589077446624e+03 4.368337626630949671e+03 3.908220505765192684e+03 3.577671279710642921e+03 3.247357348252538031e+03 2.872536935639772764e+03 2.540425793019277990e+03 2.290166516885685269e+03 2.062236852879824710e+03 1.835104212420625345e+03 1.643545205209370124e+03 1.477582551168092095e+03 1.323180780231849667e+03 1.189585738769772206e+03 1.070154333381969536e+03 9.640114437037573225e+02 8.700614535546799289e+02 7.864730462710527945e+02 7.123314020402879123e+02 6.464492986667125933e+02 5.877352441767177424e+02 5.354727011876532288e+02 4.887552536498869813e+02 4.468904582131987695e+02 4.092879210295052985e+02 3.753911449637297437e+02 3.446968256350348838e+02 3.167790440153281679e+02 2.912581527236341685e+02 2.678038494511981185e+02 2.461419854487614600e+02 2.260394091012041144e+02 2.073013111646162940e+02 1.897713757003848229e+02 1.733339025154512001e+02 1.579025683235200574e+02 1.434103667419978194e+02 1.298191168727227875e+02 1.171056770796256643e+02 1.052493497879640927e+02 9.424500747610083806e+01 8.408935542335809998e+01 7.476858141956167003e+01 6.626740370438982097e+01 5.856370706650208291e+01 5.162401523450547103e+01 4.540764260884228776e+01 3.986831549872831459e+01 3.495531610632051667e+01 3.061322810793730298e+01 2.678628440912698494e+01 2.342158840279710574e+01 2.046789617559069896e+01 1.787756887610634493e+01 1.560804209437898926e+01 1.362185961333721629e+01 1.188575858058927714e+01 1.036997107346370939e+01 9.048575403066587697e+00
5.633770897438090287e+03 6.027015520941310569e+03 6.445794171519584779e+03 6.891422028442464580e+03 7.365219828375546967e+03 7.868499650335687875e+03 8.402548540681125814e+03 8.968610681741678491e+03 9.567867814879793514e+03 1.020141771430341032e+04 1.087024816789466968e+04 1.157520843592279016e+04 1.231697650343648456e+04 1.309602260932550053e+04 1.391258289962048366e+04 1.476661817460174825e+04 1.565776545895111121e+04 1.658529610843893170e+04 1.754805401396727029e+04 1.854439803790564838e+04 1.957214447197189293e+04 2.062849382383659031e+04 2.171000015991153123e+04 2.281246089223038507e+04 2.393075727082598314e+04 2.505944682287891192e+04 2.619157352871350668e+04 2.731802307979731268e+04 2.842965148421617050e+04 2.951688237842981471e+04 3.056887965561242527e+04 3.157282751161706256e+04 3.251456609890597611e+04 3.337878296780928213e+04 3.414917853471476701e+04 3.480859995455259923e+04 3.533883381786322570e+04 3.572122235286609794e+04 3.593730975937488984e+04 3.596933750565465016e+04 3.580126465815985284e+04 3.541998314846021094e+04 3.481666489325078146e+04 3.398840386564817163e+04 3.294007065984884684e+04 3.168582271371954994e+04 3.025033047076634466e+04 2.866963002363497071e+04 2.699059026964436634e+04 2.526804189840169784e+04 2.356149397030127875e+04 2.193426761294813696e+04 2.043347762455834527e+04 1.909285157843773777e+04 1.795501206784800524e+04 1.699084682613175391e+04 1.614080452361621064e+04 1.534378443921871258e+04 1.452057985908758747e+04 1.357309143477843645e+04 1.244124013419082439e+04 1.116425570628575224e+04 9.866097679538637749e+03 8.687723105985616712e+03 7.745055881861082526e+03 7.079677710274994752e+03 6.601520180002311463e+03 6.136625205938970794e+03 5.559127538416446441e+03 4.890991302950885256e+03 4.268692439571849718e+03 3.818022486687964829e+03 3.495185915769401618e+03 3.172295525602677571e+03 2.804780609620544055e+03 2.479092927630465965e+03 2.234379732257702926e+03 2.011507466350280765e+03 1.788932104799697754e+03 1.601450742699388684e+03 1.439176071713881356e+03 1.288052169990893844e+03 1.157405288163284013e+03 1.040622339757562941e+03 9.368543775362134056e+02 8.450409945954222621e+02 7.633782896038896979e+02 6.909729196957787281e+02 6.266611773572760740e+02 5.693752647270546277e+02 5.184124254127154927e+02 4.728863970305080784e+02 4.321197541482197835e+02 3.955343964014005564e+02 3.625857608022499790e+02 3.327814346931798468e+02 3.057043156609508401e+02 2.809820939397496886e+02 2.582904238350890864e+02 2.373596561866079355e+02 2.179593962320508638e+02 1.998963559808689752e+02 1.830149575554919181e+02 1.671986385399891901e+02 1.523594489158974739e+02 1.384288293638844891e+02 1.253662965166140282e+02 1.131464567287839458e+02 1.017471630343859630e+02 9.116199355098197543e+01 8.138699352085529881e+01 7.240872669016908958e+01 6.421300606393603516e+01 5.677945381425666227e+01 5.007689918371161752e+01 4.406752771765398080e+01 3.870813544745437440e+01 3.395099407615577292e+01 2.974375339460058854e+01 2.603352106589441917e+01 2.276988810649423556e+01 1.990378663095632916e+01 1.738945540271286916e+01 1.518591983901404063e+01 1.325700607370807838e+01 1.157053253243675250e+01 1.009769479218809174e+01 8.813431379147273148e+00
5.510999675753490919e+03 5.895679821964974508e+03 6.305337958516876824e+03 6.741260602472084429e+03 7.204738850676941183e+03 7.697056647979195986e+03 8.219473429699113694e+03 8.773206559372820266e+03 9.359412040900644570e+03 9.979163299861260384e+03 1.063342763436855057e+04 1.132303482517222074e+04 1.204864534110487511e+04 1.281072514636596316e+04 1.360950395791278970e+04 1.444493916845503190e+04 1.531667868520160300e+04 1.622401167613341568e+04 1.716580710759287103e+04 1.814045833498477805e+04 1.914582868982840228e+04 2.017918059071337120e+04 2.123714534147413724e+04 2.231561308226517576e+04 2.340957285729314026e+04 2.451370221253532145e+04 2.562119884201683817e+04 2.672314538156026174e+04 2.781059827166923787e+04 2.887419065578976733e+04 2.990332592049767118e+04 3.088547454879405632e+04 3.180677638883842883e+04 3.265225208820858097e+04 3.340596527103877452e+04 3.405113338550304616e+04 3.456994358278468280e+04 3.494414861775367899e+04 3.515569480298614508e+04 3.518721289120664733e+04 3.502301402087294264e+04 3.465027845091856580e+04 3.406037167285026226e+04 3.325044422203825525e+04 3.222525724545455523e+04 3.099865202565467189e+04 2.959474087524599599e+04 2.804876564178753688e+04 2.640655666332014880e+04 2.472172992346012325e+04 2.305249784550943514e+04 2.146081174778785862e+04 1.999277448416741026e+04 1.868141467013416695e+04 1.756851727219653549e+04 1.662562428554639337e+04 1.579447145897359587e+04 1.501524812692392879e+04 1.421033900692144925e+04 1.328349831411492232e+04 1.217563970049105410e+04 1.092503449862357411e+04 9.653185879329732415e+03 8.498486577812138421e+03 7.574977105940287402e+03 6.923828877404178456e+03 6.456770540064026136e+03 6.002718365252622789e+03 5.437528139640510744e+03 4.782456428583398520e+03 4.171997047351605033e+03 3.730534984109517609e+03 3.415186681953957759e+03 3.099511413040940624e+03 2.739125549782764665e+03 2.419705237152521477e+03 2.180382830386886781e+03 1.962427041731917370e+03 1.744290626996808896e+03 1.560775706012170758e+03 1.402086381857760443e+03 1.254150051530010614e+03 1.126368713577148583e+03 1.012159195400987642e+03 9.106978780215647475e+02 8.209587686318546957e+02 7.411645480177463696e+02 6.704429121097352891e+02 6.076528146309884733e+02 5.517496488467826339e+02 5.020440270441133066e+02 4.576690527241746054e+02 4.179619574027080375e+02 3.823566881446363936e+02 3.503203250936679751e+02 3.213710602846111897e+02 2.951003965423651607e+02 2.711432625643894312e+02 2.491812448647445422e+02 2.289492079586413240e+02 2.102196186894008463e+02 1.928008642414669964e+02 1.765382630742972765e+02 1.613146112662325606e+02 1.470405617562727514e+02 1.336461856848771674e+02 1.210888703876527757e+02 1.093411005775890743e+02 9.837933973328844672e+01 8.819588616092144662e+01 7.878608759384538018e+01 7.013679076774627674e+01 6.223475817848711245e+01 5.506117773103792246e+01 4.858700712614675155e+01 4.277710887483168278e+01 3.759116341923226656e+01 3.298427415809388918e+01 2.890701632544224253e+01 2.530925310884768464e+01 2.214296844793252816e+01 1.936120276410044738e+01 1.692001970198988658e+01 1.477998773159673185e+01 1.290617632951935612e+01 1.126745061110530877e+01 9.835936445744161816e+00 8.587395754367765477e+00
5.391754616351739969e+03 5.768117589137607865e+03 6.168917661871615564e+03 6.595412979958681717e+03 7.048868205888585180e+03 7.530539654443572545e+03 8.041658891405327267e+03 8.583416820765629382e+03 9.156945173598416659e+03 9.763294676202400296e+03 1.040341025964775508e+04 1.107810383658618957e+04 1.178802405413646375e+04 1.253362407478072964e+04 1.331512887950789809e+04 1.413250022673169588e+04 1.498539510326372510e+04 1.587310952651169464e+04 1.679454016671950376e+04 1.774812478098719293e+04 1.873176436052935969e+04 1.974277663238780588e+04 2.077787214890362520e+04 2.183303682037546605e+04 2.290335327971035804e+04 2.398362618492019828e+04 2.506720707421165935e+04 2.614535117855316275e+04 2.720932507247715694e+04 2.824996261236646751e+04 2.925688703426460415e+04 3.021785516234887109e+04 3.111930075389062040e+04 3.194656932812652303e+04 3.268407692113779194e+04 3.331539465547540749e+04 3.382310532759914349e+04 3.418935995671230194e+04 3.439648438010853715e+04 3.442749364464776590e+04 3.426704525790031039e+04 3.390259774054736044e+04 3.332569958519792272e+04 3.253355610921240077e+04 3.153082836103894078e+04 3.033105516206796528e+04 2.895780161918496015e+04 2.744553191159468406e+04 2.583907388404076119e+04 2.419087263903432904e+04 2.255787270669262944e+04 2.100069325906095401e+04 1.956445946245137020e+04 1.828152358681740952e+04 1.719284386412507956e+04 1.627059997933257182e+04 1.545777826563733470e+04 1.469582578927510440e+04 1.390867383137748584e+04 1.300189581159311820e+04 1.191736995493510403e+04 1.069244964919212907e+04 9.446235196430558062e+03 8.314603318267636496e+03 7.409748362908171657e+03 6.772425564329826557e+03 6.316122891317555514e+03 5.872586114366761649e+03 5.319371773439060235e+03 4.677054112371914016e+03 4.078165173812278681e+03 3.645677070933555569e+03 3.337597638485807693e+03 3.028934480444675046e+03 2.675505171286122732e+03 2.362199489344998710e+03 2.128117352196555657e+03 1.914940756391208197e+03 1.701127852661049701e+03 1.521471238876746156e+03 1.366267284690823544e+03 1.221430088429438456e+03 1.096433742221140619e+03 9.847246444237313199e+02 8.855034710140683956e+02 7.977780721372316748e+02 7.197967551407156179e+02 6.507077882806065645e+02 5.893921502640026802e+02 5.348278090343756048e+02 4.863379997584031571e+02 4.430752138230981814e+02 4.043907570740120150e+02 3.697300919257678515e+02 3.385716253337971580e+02 3.104439643612767554e+02 2.849470722805833702e+02 2.617230113671924983e+02 2.404592354124225153e+02 2.208951047124510296e+02 2.028060408568248079e+02 1.860022579791482542e+02 1.703301236248677242e+02 1.556719943816955833e+02 1.419373335090355681e+02 1.290550109582515859e+02 1.169804574791224212e+02 1.056841736920564330e+02 9.514129983720295058e+01 8.534286816613168014e+01 7.628348924486752480e+01 6.795020195173161426e+01 6.033058023038694984e+01 5.340721543855666198e+01 4.715302550349118604e+01 4.153536193955469003e+01 3.651660956486701082e+01 3.205455162300050631e+01 2.810255506973625828e+01 2.461312634818683165e+01 2.154055403848098038e+01 1.883992680069441406e+01 1.646908747939482964e+01 1.439010573591171216e+01 1.256925758784337432e+01 1.097642125333344509e+01 9.584620587334786279e+00 8.370404504058694073e+00
5.275925982537951313e+03 5.644208306409424040e+03 6.036403476220571974e+03 6.453742379172320398e+03 6.897461807102231433e+03 7.368792155796739280e+03 7.868937971310785542e+03 8.399064181721185378e+03 8.960278781736515157e+03 9.553610050886489262e+03 1.017998202018156553e+04 1.084018966110347537e+04 1.153486945609642498e+04 1.226446337861146458e+04 1.302919101536411836e+04 1.382901468725500672e+04 1.466359805608542774e+04 1.553225802137013488e+04 1.643391165372941759e+04 1.736702426316329729e+04 1.832955325495489524e+04 1.931887334673100486e+04 2.033175929075632303e+04 2.136428158746632835e+04 2.241163742641824865e+04 2.346873715708605596e+04 2.452907318940891128e+04 2.558410183664160286e+04 2.662526618143077212e+04 2.764360192375226325e+04 2.862896134328594781e+04 2.956934590479380495e+04 3.045150003198131162e+04 3.126108502928321832e+04 3.198283811261888332e+04 3.260070640084085971e+04 3.309763060646058875e+04 3.345614303405543615e+04 3.365897419951397751e+04 3.368948327275602787e+04 3.353266122536477633e+04 3.317624743190934532e+04 3.261196632527640031e+04 3.183708560503539775e+04 3.085615889962290021e+04 2.968242278267173242e+04 2.833893119096796363e+04 2.685939081998064648e+04 2.528764449039867031e+04 2.367499675160762854e+04 2.207717451936014550e+04 2.055350793600333418e+04 1.914816582735007614e+04 1.789283253581399185e+04 1.682766238046984654e+04 1.592546889645023839e+04 1.513044602652894537e+04 1.438524913441990975e+04 1.361533463595785543e+04 1.272804848521168060e+04 1.166622467807381327e+04 1.046630863045940896e+04 9.245068398974004594e+03 8.135911613646631849e+03 7.249221743287567733e+03 6.625332682599691907e+03 6.179455403919275341e+03 5.746112100586460656e+03 5.204552775886880227e+03 4.574684563089680523e+03 3.987100684245850971e+03 3.563359828032947462e+03 3.262338126597880546e+03 2.960490363990345486e+03 2.613849004417408651e+03 2.306509072397769614e+03 2.077520063417224719e+03 1.868989933395274647e+03 1.659388308834669033e+03 1.483484774969304681e+03 1.331669171138443744e+03 1.189845385040996007e+03 1.067556149743518290e+03 9.582763588716364893e+02 8.612308280800951934e+02 7.754606257743158721e+02 6.992385117302040953e+02 6.317328519157491655e+02 5.718461802136027927e+02 5.185782419620684323e+02 4.712648275841120835e+02 4.290768334391420922e+02 3.913793528204940912e+02 3.576291838961707867e+02 3.273157704968769508e+02 2.999778178632899994e+02 2.752235163091064010e+02 2.527019622133329619e+02 2.321064590651173489e+02 2.131808736558169812e+02 1.957036524492380067e+02 1.794869427355801292e+02 1.643782795989837950e+02 1.502597687741569814e+02 1.370398896381985878e+02 1.246464786459953586e+02 1.130331744383767045e+02 1.021686227004601051e+02 9.202670613680386680e+01 8.259721638170204017e+01 7.387400411825007041e+01 6.584422500396010491e+01 5.849614039866352755e+01 5.181359454422544530e+01 4.577130692932082212e+01 4.033894276993125061e+01 3.548142232034479804e+01 3.115906238797489181e+01 2.732788672653293460e+01 2.394292902299975978e+01 2.096069089546891817e+01 1.833824334303693604e+01 1.603515749966551596e+01 1.401496028354907786e+01 1.224509980128709330e+01 1.069643762929778497e+01 9.342866582444580459e+00 8.161690490103431728e+00
5.163404852941162062e+03 5.523838332467956207e+03 5.907674527288973877e+03 6.316118071859501470e+03 6.750379567558147755e+03 7.211663160562174198e+03 7.701148257163553353e+03 8.219975454658650051e+03 8.769228630122534014e+03 9.349912211443745036e+03 9.962933192219425109e+03 1.060906979509918892e+04 1.128894052079369430e+04 1.200298424221569439e+04 1.275141464414621078e+04 1.353419139319351234e+04 1.435099013265556823e+04 1.520113876903248456e+04 1.608357808805053173e+04 1.699680938064951988e+04 1.793882810594599869e+04 1.890706974166104555e+04 1.989837936781540702e+04 2.090890607730219199e+04 2.193395467990917678e+04 2.296854537994294151e+04 2.400630793066652768e+04 2.503888019898170387e+04 2.605788525087535163e+04 2.705454991953113495e+04 2.801894770952180988e+04 2.893934343649170114e+04 2.980275926180854731e+04 3.059515865946434496e+04 3.130160666642612705e+04 3.190639582173898816e+04 3.239283491571870400e+04 3.274382625471023130e+04 3.294246497283852659e+04 3.297248323244461790e+04 3.281918690050757868e+04 3.247056474594679457e+04 3.191852200691096004e+04 3.116039606088539585e+04 3.020063501068609912e+04 2.905217555386537424e+04 2.773757342687150231e+04 2.628980642412632369e+04 2.475176640689046690e+04 2.317364977594022275e+04 2.160999410656018881e+04 2.011887023139554003e+04 1.874352414531355316e+04 1.751500324260711204e+04 1.647266725440562732e+04 1.558993471492775643e+04 1.481218533315962486e+04 1.408325692520631856e+04 1.333007886873940333e+04 1.246173353456015866e+04 1.142198619867813977e+04 1.024641830153557021e+04 9.049510500551645237e+03 7.962255433067472040e+03 7.093252430658892990e+03 6.482417075268185727e+03 6.046642157712880362e+03 5.623185349177092576e+03 5.092964477229169461e+03 4.475250257823517131e+03 3.898711999243093032e+03 3.483495974511629811e+03 3.189326653644024645e+03 2.894103013455903692e+03 2.554086030449318059e+03 2.252567157828683321e+03 2.028528992566159332e+03 1.824515977880743776e+03 1.619016810544879718e+03 1.446764249776907491e+03 1.298242905795282695e+03 1.159349810983141424e+03 1.039691713849810640e+03 9.327727156892239009e+02 8.378405220384713630e+02 7.539688951529315091e+02 6.794538816465370701e+02 6.134840794506125121e+02 5.549825575849266670e+02 5.029701681555055757e+02 4.567952223085206924e+02 4.156462351496607539e+02 3.789016905733004137e+02 3.460294514614399759e+02 3.165297310359090375e+02 2.899510879004978392e+02 2.659097521922653868e+02 2.440617288163056458e+02 2.241060952302759972e+02 2.057911933512769735e+02 1.888985630289949142e+02 1.732424073029765736e+02 1.586715555783915192e+02 1.450680393388136054e+02 1.323395398668719736e+02 1.204130131861088131e+02 1.092404621085102434e+02 9.878880358199533873e+01 8.903072896671389458e+01 7.995481663536379813e+01 7.155413864331366369e+01 6.381589873281691183e+01 5.672893223983811595e+01 5.027819726676668211e+01 4.444006606294029638e+01 3.918634898394492438e+01 3.448433792824792476e+01 3.029674208634259358e+01 2.658211285749533204e+01 2.329790071258063122e+01 2.040273332189242694e+01 1.785560172080760921e+01 1.561775739950187969e+01 1.365414338032402242e+01 1.193334926361855253e+01 1.042719385879478011e+01 9.110412073823754397e+00 7.961029562676483984e+00
5.054085554670837155e+03 5.406893846310366825e+03 5.782609565389640920e+03 6.182411051488600606e+03 6.607482694678835287e+03 7.059005802302920529e+03 7.538133138472601786e+03 8.045981277638001302e+03 8.583613649075072317e+03 9.152010522149548706e+03 9.752059671778919437e+03 1.038452519992781890e+04 1.105001319834513561e+04 1.174894733451834873e+04 1.248154156027413956e+04 1.324776088437772341e+04 1.404727796046637195e+04 1.487944065768131804e+04 1.574321308374503133e+04 1.663712501220003833e+04 1.755922276250157665e+04 1.850698751513225943e+04 1.947732839909144241e+04 2.046648682603632187e+04 2.146986565877062822e+04 2.248258565946394447e+04 2.349840962668659995e+04 2.450915682703793937e+04 2.550663407375574388e+04 2.648225153989018872e+04 2.742628796567108657e+04 2.832725908524541956e+04 2.917245750325746121e+04 2.994815286162569828e+04 3.063973760005736767e+04 3.123181867778099695e+04 3.170806443948633387e+04 3.205174564313763040e+04 3.224630873942489052e+04 3.227583323551484864e+04 3.212594181598010618e+04 3.178488194095822473e+04 3.124472957000876340e+04 3.050286797412164742e+04 2.956364711304450611e+04 2.843972875326971189e+04 2.715318102315695432e+04 2.573626151182890681e+04 2.423094914022614103e+04 2.268637716045152047e+04 2.115590288652416348e+04 1.969638784098760152e+04 1.835018524077207258e+04 1.714770583125882331e+04 1.612754862752278314e+04 1.526371608775867026e+04 1.450273246868032584e+04 1.378959267405976789e+04 1.305266669287945297e+04 1.220272216311945522e+04 1.118445646297940038e+04 1.003259628798266567e+04 8.859394136086868457e+03 7.793482365121094517e+03 6.941700660595966838e+03 6.343551165330402000e+03 5.917565924313873438e+03 5.503694216130865243e+03 4.984508302432337587e+03 4.378656983783690521e+03 3.812909901166910913e+03 3.406002925255664650e+03 3.118487239320520075e+03 2.829702437151109280e+03 2.496149512860089544e+03 2.200310532596548455e+03 1.981085811134352298e+03 1.781464400390410901e+03 1.579962036852912206e+03 1.411261498945987569e+03 1.265942738840198899e+03 1.129899943782322680e+03 1.012799697204301310e+03 9.081748479067805420e+02 8.152957335783315784e+02 7.332677341844877219e+02 6.604096848772095427e+02 5.959297568323022460e+02 5.387710321620011200e+02 4.879751261996359517e+02 4.429015700911019167e+02 4.027571671617224638e+02 3.669331724217151987e+02 3.349078630883325332e+02 3.061918890916932128e+02 2.803435034953454306e+02 2.569868512603040358e+02 2.357847384021650896e+02 2.164419351178242437e+02 1.987112190932548970e+02 1.823772726509235724e+02 1.672564535404208641e+02 1.531989930443733101e+02 1.400870102418359693e+02 1.278275635719794252e+02 1.163468748988806425e+02 1.055954631780777504e+02 9.553864181564189550e+01 8.614797989270213918e+01 7.741087669001834115e+01 6.931961603262914196e+01 6.186139103032206776e+01 5.502550913482960482e+01 4.879791439161445510e+01 4.315649233890990644e+01 3.807504043960575046e+01 3.352306748105706191e+01 2.946553921298416867e+01 2.586340683944161967e+01 2.267642666250382177e+01 1.986526469324045507e+01 1.739076708366071244e+01 1.521581524474811431e+01 1.330672624858330089e+01 1.163320079045909239e+01 1.016798976291246426e+01 8.886645142050150881e+00 7.767886863168355305e+00
4.947865636226380047e+03 5.293264369945295584e+03 5.661088672235041486e+03 6.052492801318621787e+03 6.468637483335270190e+03 6.910677128400464426e+03 7.379740979978146243e+03 7.876922690174498712e+03 8.403262689420591414e+03 8.959721492613667579e+03 9.547168419787112725e+03 1.016634953618792679e+04 1.081785667347007256e+04 1.150211305560232358e+04 1.221932363919474847e+04 1.296944800952858168e+04 1.375217521104373554e+04 1.456686415279763969e+04 1.541249933431712452e+04 1.628764244083212179e+04 1.719037591433045964e+04 1.811824154402280692e+04 1.906821665771154585e+04 2.003661399651696047e+04 2.101893175120596061e+04 2.201039810811641655e+04 2.300490982000799340e+04 2.399445461762830382e+04 2.497101244353220318e+04 2.592617407787953198e+04 2.685042165565137111e+04 2.773251416298766344e+04 2.856002049360326782e+04 2.931949195405334103e+04 2.999661617559906881e+04 3.057634132351668813e+04 3.104267687690952516e+04 3.137924557473920868e+04 3.156985123428480802e+04 3.159889480614994318e+04 3.145230485387039516e+04 3.111858159253870690e+04 3.058996027943614172e+04 2.986388413141251658e+04 2.894461147066225385e+04 2.784452779357242252e+04 2.658522202278427358e+04 2.519826396294734877e+04 2.372473918300282094e+04 2.221273889305801276e+04 2.071450025746243045e+04 1.928569525415863245e+04 1.796780018682138689e+04 1.679061829544158536e+04 1.579200197098201716e+04 1.494652306245692307e+04 1.420182013056035248e+04 1.350400866120061801e+04 1.278285947736730122e+04 1.195080300272655768e+04 1.095343510863609299e+04 9.824660243915697720e+03 8.674558057299867869e+03 7.629442334849948566e+03 6.794432876131268131e+03 6.208611968998803604e+03 5.792116299603743755e+03 5.387538780905508247e+03 4.879088592590284861e+03 4.284814812805210750e+03 3.729610168530710325e+03 3.330801540193781875e+03 3.049746685599236571e+03 2.767221264225975574e+03 2.439977373784891370e+03 2.149680714983533562e+03 1.935135122910968903e+03 1.739783409510280990e+03 1.542175193933674791e+03 1.376930447106033853e+03 1.234725640365733625e+03 1.101454995556474387e+03 9.868415121572572843e+02 8.844463686753888396e+02 7.935616614017608299e+02 7.133242269358519252e+02 6.420745493049255401e+02 5.790401090308052972e+02 5.231832494047146156e+02 4.735657646891781383e+02 4.295590986159787121e+02 3.903861995641145199e+02 3.554510800377085502e+02 3.242426516913609476e+02 2.962817874408162311e+02 2.711360374121852601e+02 2.484371666119585882e+02 2.278546505326715135e+02 2.090989158456393682e+02 1.919271662033741848e+02 1.761272694103052743e+02 1.615178137360122719e+02 1.479505204931261346e+02 1.353077438254154004e+02 1.234960842289958833e+02 1.124411680876944359e+02 1.020921766574896168e+02 9.241294190347183246e+01 8.337397973984920441e+01 7.496154541721627140e+01 6.716712768898709385e+01 5.997785599431051651e+01 5.338341780704309514e+01 4.737062611648405408e+01 4.191874981416694368e+01 3.700342316846767687e+01 3.259622336596562775e+01 2.866424229412521996e+01 2.517070892393302017e+01 2.207757962802031315e+01 1.934747474474827555e+01 1.694303227100063225e+01 1.482871396965726696e+01 1.297217000952172583e+01 1.134418365306479259e+01 9.918414669825613927e+00 8.671208473206332812e+00 7.581951969027761251e+00
4.844646210226128460e+03 5.182844717178893916e+03 5.543000561131231734e+03 5.926244850078463969e+03 6.333714360987431064e+03 6.766537655518148313e+03 7.225821330094182485e+03 7.712637218127145388e+03 8.228003856137629555e+03 8.772861742397557464e+03 9.348060626137061263e+03 9.954332725826812748e+03 1.059226131221821743e+04 1.126225125358022524e+04 1.196450768128891650e+04 1.269899743947476964e+04 1.346540589098920282e+04 1.426311271537102948e+04 1.509112422716643232e+04 1.594802562843847045e+04 1.683194523420044789e+04 1.774047660172902033e+04 1.867065752755901485e+04 1.961887717236052413e+04 2.058073188732800918e+04 2.155154467570780616e+04 2.252533974261878757e+04 2.349428262914509833e+04 2.445050823004366612e+04 2.538578485527402518e+04 2.629080524390190476e+04 2.715456100811787474e+04 2.796486719220450686e+04 2.870855816006669556e+04 2.937163440306511620e+04 2.993935557165085265e+04 3.039606088718084357e+04 3.072571415668366171e+04 3.091245984084314478e+04 3.094102709250773842e+04 3.079763472393611664e+04 3.047102448386438482e+04 2.995360392209711790e+04 2.924286350295138618e+04 2.834296110386877626e+04 2.726601746823934081e+04 2.603317209516848743e+04 2.467531987333293728e+04 2.323267328719452780e+04 2.175231364560592920e+04 2.028539006744504877e+04 1.888642054002315490e+04 1.759602997271532149e+04 1.644342840253831309e+04 1.546573614952946082e+04 1.463808061233876469e+04 1.390918727083054182e+04 1.322625875681832440e+04 1.252043209722365464e+04 1.170575915139649260e+04 1.072872169412077164e+04 9.622428862373591983e+03 8.494834945257711297e+03 7.469985714095619187e+03 6.651311808778287741e+03 6.077471979842533983e+03 5.670173504955634598e+03 5.274608857327963051e+03 4.776604952866452550e+03 4.193630735903070672e+03 3.648725482286306487e+03 3.257809831988794485e+03 2.983029567426194262e+03 2.706589435187342588e+03 2.385502499558254385e+03 2.100614737341572436e+03 1.890619200885165355e+03 1.699419365321507485e+03 1.505605590401810559e+03 1.343723617945188153e+03 1.204546811479265443e+03 1.073973032796191774e+03 9.617771973648497124e+02 8.615494177199585693e+02 7.726027183662775997e+02 6.941044077196989974e+02 6.244163260754936573e+02 5.627845398698314057e+02 5.081903811773895541e+02 4.597148929326884286e+02 4.167410007973869028e+02 3.785079319252288315e+02 3.444319304342110968e+02 3.140120197381134517e+02 2.867789898759709786e+02 2.623095065099980729e+02 2.402428119424686201e+02 2.202549321542985581e+02 2.020618596120343113e+02 1.854251733187752222e+02 1.701359572314300976e+02 1.560151073841579716e+02 1.429159220882053205e+02 1.307211279975914806e+02 1.193370197775758328e+02 1.086887578576175173e+02 9.872432540922568478e+01 8.940619189418207213e+01 8.070389001881235913e+01 7.260257191722948278e+01 6.509293305491885917e+01 5.816199522367138997e+01 5.179974261318894690e+01 4.599374831382822748e+01 4.072454230360126815e+01 3.596945509385029283e+01 3.170199276331196359e+01 2.789124886469197406e+01 2.450261093991377237e+01 2.150013088515304815e+01 1.884829992597635950e+01 1.651148281012977392e+01 1.445567007364698320e+01 1.264980356445315479e+01 1.106572174675961584e+01 9.677971954717781600e+00 8.463671545446372235e+00 7.402851267653738354e+00
4.744330290786694604e+03 5.075530620595856817e+03 5.428234560172643796e+03 5.803548728895361819e+03 6.202584999149177747e+03 6.626451570114396418e+03 7.076231925439439692e+03 7.552974044055273225e+03 8.057674918331228582e+03 8.591257899419899331e+03 9.154554892298274353e+03 9.748280623049466158e+03 1.037300560711832441e+04 1.102913315173216506e+04 1.171686085985609134e+04 1.243615154402268308e+04 1.318670388404094774e+04 1.396790631521770774e+04 1.477878540958015401e+04 1.561796053451815897e+04 1.648359772784146480e+04 1.737333621562635017e+04 1.828427626983765367e+04 1.921288698937385925e+04 2.015485092452936078e+04 2.110559225826075271e+04 2.205926078415670418e+04 2.300817578433220478e+04 2.394464178743474258e+04 2.486059911056537385e+04 2.574692810785020629e+04 2.659284695738626033e+04 2.738643453737304299e+04 2.811479993153335818e+04 2.876422419883957991e+04 2.932026964331967247e+04 2.976760947629836301e+04 3.009053954247005095e+04 3.027352276110271123e+04 3.030161888278433617e+04 3.016133101797192649e+04 2.984162921313729021e+04 2.933508358555685845e+04 2.863923206700562514e+04 2.775814176612232768e+04 2.670367753880302189e+04 2.549653235049188515e+04 2.416695296680989850e+04 2.275430629049618437e+04 2.130468750067023575e+04 1.986818938217179311e+04 1.849821166652973261e+04 1.723454764968635209e+04 1.610582545002662482e+04 1.514846747529780623e+04 1.433812636004022352e+04 1.362458138847834198e+04 1.295610238983617455e+04 1.226516134580484504e+04 1.146738613961542615e+04 1.051012791912321154e+04 9.425731112193694571e+03 8.320068149546310451e+03 7.314971578215147929e+03 6.512205303580170948e+03 5.950011810372054242e+03 5.551630463800105645e+03 5.164805009474081089e+03 4.676964023550885940e+03 4.105018224930488941e+03 3.570173501794095955e+03 3.186952346127958663e+03 2.918265763452700412e+03 2.647741628350888732e+03 2.332664271044588531e+03 2.053056051638048302e+03 1.847484564140648672e+03 1.660322233226430399e+03 1.470206481812678021e+03 1.311596803447118191e+03 1.175364550413218467e+03 1.047414608721646346e+03 9.375698678260163206e+02 8.394490351060704825e+02 7.523857056655250517e+02 6.755770901545919287e+02 6.074053842131445435e+02 5.471349448200038523e+02 4.937655901960463893e+02 4.463971860371299840e+02 4.044234353666015522e+02 3.670998311770773057e+02 3.338543820078062367e+02 3.041958117025341153e+02 2.776645496218694120e+02 2.538461818230483686e+02 2.323872746406557610e+02 2.129702828111958013e+02 1.953166741969938585e+02 1.791923502079530977e+02 1.643916303494765145e+02 1.507377804762775781e+02 1.380857497267300289e+02 1.263187635854041986e+02 1.153429540576094325e+02 1.050831382815273827e+02 9.548623391378013991e+01 8.651346175571200092e+01 7.813343999744975577e+01 7.033026032686707651e+01 6.309383107580229932e+01 5.641102893474624125e+01 5.027206055681940455e+01 4.466515998017356281e+01 3.957200483247144973e+01 3.497148995357225232e+01 3.083891832389756615e+01 2.714526643761141500e+01 2.385796534675630909e+01 2.094306094795742723e+01 1.836683434242134538e+01 1.609531459101519602e+01 1.409597179206645023e+01 1.233899960454444056e+01 1.079726443723060569e+01 9.446179595199943435e+00 8.263613002402767194e+00 7.230216576830062358e+00
4.646823077638438008e+03 4.971222233913722448e+03 5.316682349887888449e+03 5.684288437381848780e+03 6.075130560998114561e+03 6.490289890338479381e+03 6.930831155821933862e+03 7.397782704342360375e+03 7.892117928843344998e+03 8.414740878002014142e+03 8.966467509336504008e+03 9.547999425689147756e+03 1.015989560369335777e+04 1.080254705720111269e+04 1.147614953078107828e+04 1.218066957671245291e+04 1.291580789398228626e+04 1.368096798932671663e+04 1.447519791197243649e+04 1.529714357537593605e+04 1.614500728196662203e+04 1.701647717919148636e+04 1.790871620661944689e+04 1.881826813931462675e+04 1.974089768265205566e+04 2.067212867808071314e+04 2.160623377823240662e+04 2.253568036720604869e+04 2.345294027636469036e+04 2.435011573757553560e+04 2.521827057147366941e+04 2.604686167158124226e+04 2.682420104527223157e+04 2.753765920617996380e+04 2.817380921807092454e+04 2.871850674452162275e+04 2.915673694571442320e+04 2.947312204802273118e+04 2.965245045431437029e+04 2.968008317563444507e+04 2.954280419285340759e+04 2.922981222076656923e+04 2.873382285402743946e+04 2.805243066975332113e+04 2.718961692514171227e+04 2.615699232551977911e+04 2.497481575563435763e+04 2.367270342998844717e+04 2.228920483362348386e+04 2.086946037303358389e+04 1.946252851428498252e+04 1.812072240066216546e+04 1.688303198834209252e+04 1.577751934053967489e+04 1.483991312565121189e+04 1.404639048437916972e+04 1.334775674330430957e+04 1.269331294390945914e+04 1.201682855943132381e+04 1.123547750308798641e+04 1.029747018067000135e+04 9.234396850833634744e+03 8.150106257013734648e+03 7.164263384618193413e+03 6.376990804274314542e+03 5.826119132400556737e+03 5.436381539877782416e+03 5.058031397735977407e+03 4.580080954308229593e+03 4.018895766360064954e+03 3.493879259955221187e+03 3.118157485871516656e+03 2.855390109907841179e+03 2.590619025167779910e+03 2.281407197840632307e+03 2.006951093518637208e+03 1.805682286908634524e+03 1.622446383712861689e+03 1.435934794924196467e+03 1.280510054419987227e+03 1.147141288030099076e+03 1.021744348375580557e+03 9.141860100164537926e+02 8.181136014158187209e+02 7.328808021549975820e+02 6.577138116879356176e+02 5.910144849011362567e+02 5.320656011641170835e+02 4.798843611385168515e+02 4.335892244862848202e+02 3.925845171674117751e+02 3.561411308886735014e+02 3.236986035555472085e+02 2.947752239751530396e+02 2.689208131387239291e+02 2.457295973912080171e+02 2.248552535827174665e+02 2.059865313573385492e+02 1.888502943431767562e+02 1.732167199115184246e+02 1.588833807852018651e+02 1.456759683749815792e+02 1.334511493197255163e+02 1.220927621750390841e+02 1.115069064338223228e+02 1.016181689250411608e+02 9.237252776434262103e+01 8.373006557979431363e+01 7.565855444596104462e+01 6.814107020773214174e+01 6.116674422207820072e+01 5.472227659088268581e+01 4.879803149761248449e+01 4.338281478719952844e+01 3.845934663536698395e+01 3.400796041504212042e+01 3.000562856937890999e+01 2.642509577409516908e+01 2.323572732977775601e+01 2.040546705028465269e+01 1.790230784823265253e+01 1.569387811724657134e+01 1.374907455731981187e+01 1.203930125412034791e+01 1.053842653271704677e+01 9.222710403623606723e+00 8.070752286502509421e+00 7.063806240810547088e+00
4.552036245610417609e+03 4.869823206778152780e+03 5.208241946938614092e+03 5.568354716717265546e+03 5.951229060528550690e+03 6.357925585217673870e+03 6.789485999701763831e+03 7.246917797441830771e+03 7.731176624050439386e+03 8.243147029684194422e+03 8.783627572634422904e+03 9.353305159597797683e+03 9.952727235223852404e+03 1.058227829718479916e+04 1.124215000452539971e+04 1.193230936870863479e+04 1.265246477883433363e+04 1.340203042178885335e+04 1.418007347921385553e+04 1.498526886180972906e+04 1.581585567506628104e+04 1.666956940546516853e+04 1.754363026913694921e+04 1.843465172322382205e+04 1.933848649011454836e+04 2.025074983076217904e+04 2.116583268252644120e+04 2.207635822065861794e+04 2.297494227225539362e+04 2.385385630113664592e+04 2.470435501578678304e+04 2.551609359155474158e+04 2.627763028578928788e+04 2.697659819294148110e+04 2.759983953783917241e+04 2.813350068205367643e+04 2.856287755566489432e+04 2.887290321136615603e+04 2.904866958058496311e+04 2.907584614947631781e+04 2.894148595750379172e+04 2.863500531674256126e+04 2.814927221099679082e+04 2.748192459165782202e+04 2.663686332066758405e+04 2.562546033855684436e+04 2.446754454617875672e+04 2.319212334427356836e+04 2.183695202388916005e+04 2.044623921095204787e+04 1.906804154338087756e+04 1.775361566856082572e+04 1.654117039982638744e+04 1.545821854300652922e+04 1.453981130922920420e+04 1.376262806766991707e+04 1.307847584716453275e+04 1.243766333282423511e+04 1.177522606524720686e+04 1.100984355556191440e+04 1.009056921094839890e+04 9.048267168282594866e+03 7.984806257975706103e+03 7.017727239967888636e+03 6.245551350189237382e+03 5.705684561896980085e+03 5.324327977238942367e+03 4.954198752735242124e+03 4.485870367305560649e+03 3.935187356505190110e+03 3.419770750910302922e+03 3.051358788928172544e+03 2.794340507278942823e+03 2.535163836048450776e+03 2.231677052149105748e+03 1.962250486847775164e+03 1.765165625747001286e+03 1.585748572513213958e+03 1.402749770467106828e+03 1.250424912911944602e+03 1.119841224858697387e+03 9.969286152086914399e+02 8.915936129602134770e+02 7.975129086795133162e+02 7.140591979015824791e+02 6.404872955684430735e+02 5.752180780627925287e+02 5.175520229023878755e+02 4.665235893021208540e+02 4.212690492984717139e+02 3.812032956773732053e+02 3.456119805840350523e+02 3.139458747443102311e+02 2.857326285917199584e+02 2.605312019766029152e+02 2.379442058465533023e+02 2.176322319010498347e+02 1.992901996596376648e+02 1.826502915558309326e+02 1.674869130837404896e+02 1.536008911230419187e+02 1.408203755512811313e+02 1.290037993192300689e+02 1.180357193127671138e+02 1.078223287757731015e+02 9.828809398321045876e+01 8.937817377156268606e+01 8.105161798001373086e+01 7.327541958628690111e+01 6.603168665141799920e+01 5.930879003483868672e+01 5.309322858397100475e+01 4.737546372412919737e+01 4.214478805282708862e+01 3.738486469591436645e+01 3.307734972217201630e+01 2.920076791242892256e+01 2.572952447260697895e+01 2.263481198928946725e+01 1.988637644173646990e+01 1.745384548200742003e+01 1.530638594636968897e+01 1.341427263904001599e+01 1.175008114358983136e+01 1.028865464541397401e+01 9.007078610182453815e+00 7.884663881785540340e+00 6.903247672463709073e+00
4.459880496682955709e+03 4.771238626459236912e+03 5.102810945176794121e+03 5.455638657854545272e+03 5.830767373042524923e+03 6.229235360824574855e+03 6.652064930258358800e+03 7.100242966208141297e+03 7.574703741566991994e+03 8.076316255536612516e+03 8.605862354584418426e+03 9.164014061079857129e+03 9.751309212427429884e+03 1.036812579382188960e+04 1.101464861183332505e+04 1.169084441025809792e+04 1.239643377590716955e+04 1.313083774835502481e+04 1.389314100430837425e+04 1.468204982168802599e+04 1.549584003165440481e+04 1.633229258679446866e+04 1.718867937276029988e+04 1.806167981516954023e+04 1.894724591005873663e+04 1.984107251214392090e+04 2.073765474654272111e+04 2.162977829834588556e+04 2.251021018610209285e+04 2.337137391468220085e+04 2.420469877593270576e+04 2.500005326538644658e+04 2.574622493389222291e+04 2.643110057695765499e+04 2.704179362915219099e+04 2.756472159284288500e+04 2.798548039322688055e+04 2.828931431454721678e+04 2.846161723148003148e+04 2.848834127531972263e+04 2.835680997821477649e+04 2.805665972395509380e+04 2.758089225808184710e+04 2.692719348191712925e+04 2.609938427992178549e+04 2.510860061207106628e+04 2.397426189916900694e+04 2.272478211141315478e+04 2.139714186881919886e+04 2.003464569153419870e+04 1.868438062102171898e+04 1.739657167436506279e+04 1.620866594872522364e+04 1.514764431198286547e+04 1.424789537169254982e+04 1.348659186389085698e+04 1.281650995825689279e+04 1.218893871722143558e+04 1.154014737883049020e+04 1.079029446845097118e+04 9.889252519536797990e+03 8.867181806968317687e+03 7.824023544278491499e+03 6.875235577121293318e+03 6.117764801447148784e+03 5.588600244896421827e+03 5.215372284398460579e+03 4.853215063486487452e+03 4.394249697169134379e+03 3.853814949136090490e+03 3.347775078857026529e+03 2.986489157592966876e+03 2.735056332822458444e+03 2.481319143950829584e+03 2.183421010999776627e+03 1.918903639383939435e+03 1.725888611379581334e+03 1.550185919114567014e+03 1.370611381870546666e+03 1.221303804596358987e+03 1.093428727994004930e+03 9.729339013183927136e+02 8.697613583910895159e+02 7.776173350211055322e+02 6.958930274797403399e+02 6.238710787921654628e+02 5.599909547721051695e+02 5.035704096456957473e+02 4.536607146028135844e+02 4.094152637619931738e+02 3.702593193443043447e+02 3.354930210139734754e+02 3.045779923971315384e+02 2.770509103365116630e+02 2.524796179135071270e+02 2.304749107534555321e+02 2.107041373162983007e+02 1.928682557041136079e+02 1.767046639256468836e+02 1.619919286982823792e+02 1.485341312814962009e+02 1.361619198827154946e+02 1.247355448291369413e+02 1.141403754704618905e+02 1.042828088540991445e+02 9.508728828766261643e+01 8.649826654497071843e+01 7.847386302135588210e+01 7.098035796523230090e+01 6.399893919927837516e+01 5.751723456638347187e+01 5.152152106862073566e+01 4.600230719302157922e+01 4.094929901179401810e+01 3.634701236452842465e+01 3.217831585207608924e+01 2.842317308341486282e+01 2.505754545365550356e+01 2.205435070914413487e+01 1.938504584607161974e+01 1.702081893722389339e+01 1.493231354571491920e+01 1.309113233895308959e+01 1.147098283575991395e+01 1.004765583516099881e+01 8.799041371672718270e+00 7.705142851328979248e+00 6.748365447439384823e+00
4.370271101589435602e+03 4.675378080054470956e+03 5.000293574559646913e+03 5.346037586171320072e+03 5.713633902117875550e+03 6.104101056016114853e+03 6.518441217852682712e+03 6.957620136407868813e+03 7.422552534695035320e+03 7.914094207477085547e+03 8.433008551454040571e+03 8.979952496737216279e+03 9.555457262781203099e+03 1.015988878046182617e+04 1.079343011661691708e+04 1.145605160093545965e+04 1.214747427274474103e+04 1.286713593757320632e+04 1.361413917447586755e+04 1.438721110846758711e+04 1.518466651483344685e+04 1.600433045782556110e+04 1.684353050664136754e+04 1.769901529808837222e+04 1.856681138964107231e+04 1.944270488748555726e+04 2.032130562207461844e+04 2.119553759134995562e+04 2.205831614802223339e+04 2.290221527708890062e+04 2.371883468337584782e+04 2.449825480930643607e+04 2.522949110005367766e+04 2.590066451663060798e+04 2.649914162522448169e+04 2.701163382529473165e+04 2.742401968420577396e+04 2.772183028475380343e+04 2.789075898855922787e+04 2.791704803518560948e+04 2.778826556015765891e+04 2.749425068484969597e+04 2.702815960753356194e+04 2.638772419590833306e+04 2.557668241159403988e+04 2.460594038340741099e+04 2.349452153519200510e+04 2.227025542707082423e+04 2.096937529527730658e+04 1.963431514429079107e+04 1.831120415129381581e+04 1.704927033212225069e+04 1.588522319935642918e+04 1.484551975011377363e+04 1.396391117117560862e+04 1.321804256761152101e+04 1.256163152425701446e+04 1.194692435907445906e+04 1.131139389137241596e+04 1.057664220770950669e+04 9.693348678993870635e+03 8.690987402911927347e+03 7.667616868153307223e+03 6.736662906393262347e+03 5.993519841156495204e+03 5.474762457354148864e+03 5.109416875606449139e+03 4.754993931169234202e+03 4.305138895934741413e+03 3.774704666289839679e+03 3.277822894314286714e+03 2.923483612315065329e+03 2.677477378841590507e+03 2.429030948690825880e+03 2.136588103017827962e+03 1.876862930954247304e+03 1.687806729655755589e+03 1.515716995239108428e+03 1.339480741732825891e+03 1.193110364525820387e+03 1.067870133313331735e+03 9.497284486106209442e+02 8.486591859335190975e+02 7.583984654926397297e+02 6.783553276514603567e+02 6.078398304376727310e+02 5.453092165303078218e+02 4.900980151885264604e+02 4.412740158681826870e+02 3.980073435401811253e+02 3.597332517910898559e+02 3.257659445634544113e+02 2.955775979537319245e+02 2.687136733652037606e+02 2.447506563934771577e+02 2.233073052561991574e+02 2.040575514242501924e+02 1.867082578341193937e+02 1.710019381540212180e+02 1.567212542403199791e+02 1.436735354459869427e+02 1.316919581770210357e+02 1.206386321293863801e+02 1.103998237393728630e+02 1.008822351661900996e+02 9.201037762734102898e+01 8.372810565594609500e+01 7.599270722236121856e+01 6.876981547470737155e+01 6.203974687278612521e+01 5.578940695941297179e+01 5.000483500997980002e+01 4.467654119666383394e+01 3.979457690684860438e+01 3.534422636103687410e+01 3.130946866761752645e+01 2.767160081831983121e+01 2.440804223724225608e+01 2.149333841853065863e+01 1.890056967721807624e+01 1.660241258969233513e+01 1.457092726849638709e+01 1.277899501822664163e+01 1.120141652969076596e+01 9.814904191583408988e+00 8.598132869478099849e+00 7.531780172650017313e+00 6.598802558011667152e+00
4.283125147665422446e+03 4.582153670566852270e+03 4.900595173921272362e+03 5.239449176865306981e+03 5.599720594024311140e+03 5.982407088729881252e+03 6.388490388533120495e+03 6.818918245630892670e+03 7.274587806410810117e+03 7.756332706628175401e+03 8.264905983133461632e+03 8.800953753970132311e+03 9.364989485339750900e+03 9.957376991090144656e+03 1.057829516726745533e+04 1.122771294051313635e+04 1.190536203363801178e+04 1.261068477794040155e+04 1.334280318421913944e+04 1.410047695600094085e+04 1.488204774592273498e+04 1.568538298783402752e+04 1.650786865435739310e+04 1.734632126284209517e+04 1.819683526398258255e+04 1.905528533211336617e+04 1.991639699575545092e+04 2.077323128103775161e+04 2.161883832077831903e+04 2.244594734314348898e+04 2.324633206316601354e+04 2.401025768216910728e+04 2.472695970507149104e+04 2.538480638541986264e+04 2.597141827120871676e+04 2.647374985016684877e+04 2.687797534967329921e+04 2.716992664645278637e+04 2.733557195948972731e+04 2.736142426120931123e+04 2.723530489589701392e+04 2.694726015854507204e+04 2.649058004878637439e+04 2.586303965278009855e+04 2.506829618300458969e+04 2.411703124768528505e+04 2.302788655213541642e+04 2.182813472309468852e+04 2.055327419588649718e+04 1.924488128223021340e+04 1.794817472240412826e+04 1.671140583068616979e+04 1.557056058588283304e+04 1.455159040907426061e+04 1.368761400661322477e+04 1.295674419538821530e+04 1.231362088242497157e+04 1.171141403913291470e+04 1.108877370888347104e+04 1.036870798966623988e+04 9.502691318435259745e+03 8.519534053033803502e+03 7.515453115835076460e+03 6.601885973538348480e+03 5.872704245809552958e+03 5.364069073904861398e+03 5.006370076064210480e+03 4.659449058021179553e+03 4.218460394919807186e+03 3.697785114212883855e+03 3.209848425115839291e+03 2.862281024303356844e+03 2.621547026185342020e+03 2.378246537763345259e+03 2.091129629193197161e+03 1.836082870425828105e+03 1.650877759839073178e+03 1.482302619737215764e+03 1.309320984180563983e+03 1.165810139876785797e+03 1.043132885208583502e+03 9.272816439789414744e+02 8.282586568783096936e+02 7.398295993492521347e+02 6.614209468193813564e+02 5.923696499475403243e+02 5.311500196584131572e+02 4.771133025793820934e+02 4.293431500930383322e+02 3.870259336291822478e+02 3.496066835362436791e+02 3.164133199716695799e+02 2.869282397606004906e+02 2.607054311662254236e+02 2.373297774742488855e+02 2.164277793471592588e+02 1.976797798055882538e+02 1.807984193755684714e+02 1.655312345586113167e+02 1.516649191438720266e+02 1.390100340137608441e+02 1.274022977071155509e+02 1.167057086352475750e+02 1.068075092423162573e+02 9.761480601143493629e+01 8.905226639150797041e+01 8.106324713724623621e+01 7.360429591790246207e+01 6.664046046626776842e+01 6.015123651080811840e+01 5.412283307083863093e+01 4.854104153435775970e+01 4.339633382554760033e+01 3.867904378626893447e+01 3.437514512314906767e+01 3.046963172897951821e+01 2.694503447433584142e+01 2.378013737469208877e+01 2.095102052041324114e+01 1.843230328062147549e+01 1.619808109158219267e+01 1.422177100196140742e+01 1.247748370700162646e+01 1.094107444086899683e+01 9.590150129753304498e+00 8.404149798684224848e+00 7.364407218112879683e+00 6.454416546833203761e+00
4.198362932523879863e+03 4.491478734242394239e+03 4.803624202821200015e+03 5.135777856932540089e+03 5.488923682753795219e+03 5.864043373859700296e+03 6.262096160771749055e+03 6.684010384787570729e+03 7.130669419054151149e+03 7.602889115393678367e+03 8.101404125900791769e+03 8.626848607843041464e+03 9.179731234718283304e+03 9.760404041229558061e+03 1.036904416194731493e+04 1.100562319931371167e+04 1.166987129670207833e+04 1.236124862699699042e+04 1.307889488715987682e+04 1.382158817877476940e+04 1.458770709683889254e+04 1.537516361668863283e+04 1.618139297967973653e+04 1.700327192974027275e+04 1.783697970813024949e+04 1.867846969031747722e+04 1.952256712290158976e+04 2.036247431764176144e+04 2.119138203267865174e+04 2.200216071155800819e+04 2.278674403796499610e+04 2.353559465315586567e+04 2.423816547056331910e+04 2.488304882004638421e+04 2.545810429336085872e+04 2.595055994217935950e+04 2.634685774291924463e+04 2.663310437349210770e+04 2.679555150832909931e+04 2.682097650403336593e+04 2.669744676837950101e+04 2.641520650930783449e+04 2.596766868368392534e+04 2.535265695748115832e+04 2.457375501133344005e+04 2.364142770379751528e+04 2.257394601422820415e+04 2.139803102797147221e+04 2.014846989739371566e+04 1.886601240932028668e+04 1.759497895762345797e+04 1.638267896290926546e+04 1.526439759954988403e+04 1.426558705879673289e+04 1.341876012311003979e+04 1.270247525506765487e+04 1.207226358477815666e+04 1.148220642518180830e+04 1.087209681890306274e+04 1.016631463382847505e+04 9.317121325060010349e+03 8.352674485131085021e+03 7.367399948398722699e+03 6.470786063384434783e+03 5.755209290221058836e+03 5.256421600669958934e+03 4.906140465998104446e+03 4.566498850072458481e+03 4.134138373081931604e+03 3.622985631264906260e+03 3.143786352289959723e+03 2.802820204495655162e+03 2.567208945154147386e+03 2.328914822426589581e+03 2.046997087826342522e+03 1.796518144648454154e+03 1.615059709262668321e+03 1.449904096875914775e+03 1.280096112632272025e+03 1.139369481169485880e+03 1.019185636896859933e+03 9.055642100792227893e+02 8.085317846881833930e+02 7.218842720185963344e+02 6.450649939850992496e+02 5.774370362048067591e+02 5.174912424549543175e+02 4.645954018905433145e+02 4.178482477767410614e+02 3.764522978705128367e+02 3.398620503038983998e+02 3.074185263365889682e+02 2.786141303863551002e+02 2.530112426365400609e+02 2.302029235678129737e+02 2.098231737089244291e+02 1.915585598548545079e+02 1.751273662216896128e+02 1.602820573536730819e+02 1.468132936068840024e+02 1.345348486398117132e+02 1.232849943244217457e+02 1.129296429324787709e+02 1.033570805036079889e+02 9.447490359566394602e+01 8.620801450780727748e+01 7.849937015734819568e+01 7.130487061183289654e+01 6.458904154338800652e+01 5.833060509574490737e+01 5.251509555015795172e+01 4.712804665247261937e+01 4.215986039656775830e+01 3.760110129910567878e+01 3.343836276638609917e+01 2.965756329435379257e+01 2.624237176837824848e+01 2.317284680562466193e+01 2.042651411967949215e+01 1.797945177311052589e+01 1.580710733669193857e+01 1.388419786856643157e+01 1.218601635071777878e+01 1.068943523272443841e+01 9.372929235910877566e+00 8.216680793827650930e+00 7.202661714799205583e+00 6.314889685624212490e+00
4.115909313683394430e+03 4.403272241831749852e+03 4.709292065453805662e+03 5.034928289243212930e+03 5.381143854968685446e+03 5.748900624790097936e+03 6.139140567087428281e+03 6.552774600858662780e+03 6.990667794219322786e+03 7.453619478965702001e+03 7.942351801572720433e+03 8.457486174936801035e+03 8.999517514803694212e+03 9.568793468793470311e+03 1.016548949283767979e+04 1.078957761363442660e+04 1.144079241379089581e+04 1.211860223507137198e+04 1.282216595840312584e+04 1.355028881189616914e+04 1.430137602885127853e+04 1.507338552921959854e+04 1.586380353019658105e+04 1.666956105752351868e+04 1.748691692943638554e+04 1.831190688039090310e+04 1.913945605514406634e+04 1.996289678768128215e+04 2.077555664834223353e+04 2.157044851787414882e+04 2.233966401863520878e+04 2.307385108867284362e+04 2.376266999454971665e+04 2.439493835972798479e+04 2.495875645434484613e+04 2.544160576813535954e+04 2.583018529776096329e+04 2.611087471875072879e+04 2.627020741582513801e+04 2.629521268255181349e+04 2.617419398706207721e+04 2.589759137774413102e+04 2.545894351629188168e+04 2.485611473078210111e+04 2.409261732986678544e+04 2.317870834431486946e+04 2.213229345718620243e+04 2.097955652516787450e+04 1.975459667731431546e+04 1.849736446909843289e+04 1.725130635175765201e+04 1.606280690080358909e+04 1.496647010473606315e+04 1.398726996639855497e+04 1.315711942371895566e+04 1.245501649584946244e+04 1.183735759666167178e+04 1.125910819598582748e+04 1.066118096861296544e+04 9.969296466303612760e+03 9.136481372009389816e+03 8.190266465984148454e+03 7.223327131242565883e+03 6.343245468287747826e+03 5.640930022075381203e+03 5.151721521508607111e+03 4.808639126375029264e+03 4.476061253326232872e+03 4.052096438221409699e+03 3.550236951186163424e+03 3.079571622250252403e+03 2.745041191391663688e+03 2.514409389957344956e+03 2.280984675159861581e+03 2.004143441117390012e+03 1.758124532009650920e+03 1.580312017193008387e+03 1.418483659882181882e+03 1.251770406569749412e+03 1.113754994260728608e+03 9.959972449334678686e+02 8.845468817647926016e+02 7.894512511802685140e+02 7.045369454136366585e+02 6.292634929574152238e+02 5.630193163535940357e+02 5.043114927891497814e+02 4.525238851439579548e+02 4.067701878843409986e+02 3.662682515266101291e+02 3.304819058915120991e+02 2.987650798384951827e+02 2.706198478235039033e+02 2.456166713217284041e+02 2.233565485426809687e+02 2.034807910398389481e+02 1.856820397035043015e+02 1.696840965856024468e+02 1.552442524922449820e+02 1.421570627788838692e+02 1.302394890311062454e+02 1.193323616151061657e+02 1.093035261008428449e+02 1.000423744688581138e+02 9.145707433785696594e+01 8.347283667039455679e+01 7.603230614109932617e+01 6.909081707439418096e+01 6.261243089460536737e+01 5.657514870954783248e+01 5.096386212612917177e+01 4.576384584719755821e+01 4.096540157299125440e+01 3.655927182884695981e+01 3.253260184994716298e+01 2.887215306677303417e+01 2.556264651432059765e+01 2.258533241374510325e+01 1.991909609514555157e+01 1.754139498402614450e+01 1.542896297541951434e+01 1.355776138688277221e+01 1.190421954842572205e+01 1.044619057461938105e+01 9.162989330861584847e+00 8.035519807715230556e+00 7.046373701325379990e+00 6.180079928363348962e+00
4.035686336918013239e+03 4.317454463980685432e+03 4.617515086284850440e+03 4.936808756658072525e+03 5.276281809052001336e+03 5.636876670278333222e+03 6.019516191990393963e+03 6.425093552125428687e+03 6.854457841087447378e+03 7.308393781630109515e+03 7.787607681852279711e+03 8.292708147662129704e+03 8.824183044698171216e+03 9.382373630143476475e+03 9.967449608475748391e+03 1.057938206178328801e+04 1.121791359261939215e+04 1.188252498091949019e+04 1.257239048919197376e+04 1.328633671955030331e+04 1.402280150119377140e+04 1.477978084526324892e+04 1.555481044275967179e+04 1.634488457037805892e+04 1.714633317916479791e+04 1.795526876957822606e+04 1.876671540603144604e+04 1.957413527967557457e+04 2.037099042511881999e+04 2.115042548645595161e+04 2.190468372027377700e+04 2.262460706702025709e+04 2.330004606585365036e+04 2.392003587029239134e+04 2.447291922429191254e+04 2.494641394522831615e+04 2.532748244528173745e+04 2.560277199721298530e+04 2.575907276097537761e+04 2.578367008277475907e+04 2.566509474694040182e+04 2.539397210496366097e+04 2.496396879892566358e+04 2.437298688595707426e+04 2.362447095309894212e+04 2.272847604460603907e+04 2.170254558857857774e+04 2.057235144139399563e+04 1.937132565426012297e+04 1.813863414272823138e+04 1.691687402243799079e+04 1.575153143425207782e+04 1.467654700778311962e+04 1.371642768370791055e+04 1.290250205621849273e+04 1.221419190895208521e+04 1.160874713056184919e+04 1.104198463041242212e+04 1.045590565865755707e+04 9.777549159405985847e+03 8.960687952219750514e+03 8.032248078818473005e+03 7.083191283631510487e+03 6.219236230220703874e+03 5.529850226712474978e+03 5.049966914634231216e+03 4.713874121014720004e+03 4.388154908666349911e+03 3.972363135970922485e+03 3.479569397489989115e+03 3.017234765994982808e+03 2.688976512569865463e+03 2.463181429684763316e+03 2.234491251939977246e+03 1.962601729689579315e+03 1.720933286585394399e+03 1.546664446314166753e+03 1.388070089220413593e+03 1.224370402842057047e+03 1.088991500359546762e+03 9.735905791685991062e+02 8.642504894250483858e+02 7.710361717182865959e+02 6.878047247994537656e+02 6.140315206862392188e+02 5.491298831106114449e+02 4.916227063568640574e+02 4.409092391368489530e+02 3.961179203170751180e+02 3.564814697236546408e+02 3.214729017760928400e+02 2.904585621891372966e+02 2.629499257201715068e+02 2.385253337540374616e+02 2.167935060554652296e+02 1.974028575737419260e+02 1.800519368917577481e+02 1.644699226648974104e+02 1.504188162306350591e+02 1.376969842090193197e+02 1.261245416404274522e+02 1.155448741216676751e+02 1.058277710316357201e+02 9.686377869134119578e+01 8.856170161958280573e+01 8.084712149440785822e+01 7.366245335501477598e+01 6.696254633499410147e+01 6.071105382261079342e+01 5.488530113483352579e+01 4.946956112033629438e+01 4.444884422127190504e+01 3.981332532890071008e+01 3.555387909559767223e+01 3.165813986129735369e+01 2.811363196495247152e+01 2.490604279722805359e+01 2.201773169480149761e+01 1.942886015011497847e+01 1.711818834425891112e+01 1.506367203200417038e+01 1.324246075420802526e+01 1.163207327831928062e+01 1.021130598537292933e+01 8.960286182024645996e+00 7.860617660763072223e+00 6.895493478463512460e+00 6.049939845100667846e+00
3.957626188382746932e+03 4.233948999413302772e+03 4.528210227098215910e+03 4.841332712767535668e+03 5.174245088815710005e+03 5.527869827183758389e+03 5.903113091858305779e+03 6.300851190187240718e+03 6.721915908255858994e+03 7.167078732547186519e+03 7.637030587120373639e+03 8.132367407639819248e+03 8.653570370311295846e+03 9.200973119842185042e+03 9.774741789620949930e+03 1.037484827804131601e+04 1.100103923714830489e+04 1.165280555417388678e+04 1.232934047435602770e+04 1.302949468847950084e+04 1.375172922312866103e+04 1.449408062176814383e+04 1.525413653216199236e+04 1.602895001559135017e+04 1.681491911492043073e+04 1.760823025555002823e+04 1.840400728224463455e+04 1.919584410989932803e+04 1.997732062858955032e+04 2.074171155355710653e+04 2.148141399442322290e+04 2.218744914868301930e+04 2.284986907931000678e+04 2.345791968338742299e+04 2.400016249362745293e+04 2.446455221589649591e+04 2.483830818301384716e+04 2.510833761114698791e+04 2.526168337685906590e+04 2.528587891373772436e+04 2.516967316145297809e+04 2.490387307163440710e+04 2.448227672384701873e+04 2.390282204246981564e+04 2.316887834027689678e+04 2.229030258905970913e+04 2.128430206443283896e+04 2.017604248805490352e+04 1.899829878340169307e+04 1.778947593531008533e+04 1.659135192383707181e+04 1.544853708981225100e+04 1.439432366430563889e+04 1.345276459705195339e+04 1.265462112250501741e+04 1.197972424372882051e+04 1.138614783298345901e+04 1.083054831950215885e+04 1.025599075620209260e+04 9.590795123232333935e+03 8.789466412561985635e+03 7.878345778297970355e+03 6.946723410525860345e+03 6.098494920401478339e+03 5.421711916870569439e+03 4.950900963041124669e+03 4.621590048999947612e+03 4.302525596671397579e+03 3.894688641765359080e+03 3.410743849076208335e+03 2.956550380142603444e+03 2.634409900658976312e+03 2.413317656495040410e+03 2.189237754925983609e+03 1.922187872268162891e+03 1.684771524674163629e+03 1.513955283782144761e+03 1.358511416876541716e+03 1.197755275123385218e+03 1.064947552138014316e+03 9.518434731378459901e+02 8.445616224279873450e+02 7.531810090907738413e+02 6.715897751469052537e+02 5.992786160252749141e+02 5.356850980353898422e+02 4.793471000562290101e+02 4.296796172673666092e+02 3.858250109781875494e+02 3.470306385638264715e+02 3.127783324769457067e+02 2.824466567294613810e+02 2.555562079733191752e+02 2.316929758562175721e+02 2.104731841350260879e+02 1.915521573192352776e+02 1.746342009556216510e+02 1.594537517029964420e+02 1.457774297080897838e+02 1.334073480474012570e+02 1.221667490302736212e+02 1.119015727582386717e+02 1.024835653087152281e+02 9.380447762262120648e+01 8.577381869829522998e+01 7.831760498150191552e+01 7.137810597432812187e+01 6.490976833909141419e+01 5.887589742045950914e+01 5.325319249728993753e+01 4.802533750061233064e+01 4.317708121612073313e+01 3.869845517081709119e+01 3.458043120985080066e+01 3.081108088550771384e+01 2.737862232784307537e+01 2.426963371008118386e+01 2.146750998032275604e+01 1.895361330662524679e+01 1.670793690244921592e+01 1.470959976622415333e+01 1.293688886680772754e+01 1.136837002451658130e+01 9.983749101161832229e+00 8.763939865317874833e+00 7.691225316257325417e+00 6.749382997588520006e+00 5.923924750703101871e+00
3.881656876419155651e+03 4.152680029984227076e+03 4.441297605241088604e+03 4.748414456645598875e+03 5.074940879257883353e+03 5.421782473136098815e+03 5.789828086008794344e+03 6.179937216820935646e+03 6.592925502103455074e+03 7.029548289513273630e+03 7.490486297234921949e+03 7.976324379522333402e+03 8.487529311417380086e+03 9.024431434333624566e+03 9.587195282032582327e+03 1.017579279840218805e+04 1.078997574130656358e+04 1.142924299030390284e+04 1.209280334403681445e+04 1.277953140749506383e+04 1.348791791353784356e+04 1.421603623157880429e+04 1.496152042205352882e+04 1.572148107161862754e+04 1.649238435541600484e+04 1.727049208656997507e+04 1.805102093814597538e+04 1.882768246509143864e+04 1.959418718536372762e+04 2.034393978019466886e+04 2.106948017888405229e+04 2.176200442091608420e+04 2.241174997543749851e+04 2.300817036676912539e+04 2.354005412681983944e+04 2.399558610733427486e+04 2.436222723964131364e+04 2.462713246841304135e+04 2.477759367243471570e+04 2.480139240179388435e+04 2.468749389934728242e+04 2.442687528471563564e+04 2.401344895325467951e+04 2.344519736900702992e+04 2.272543009259978862e+04 2.186380900786837810e+04 2.087719308405505944e+04 1.979026734469611984e+04 1.863517706621763864e+04 1.744958149239324484e+04 1.627445246938662058e+04 1.515355433634659494e+04 1.411955157997072456e+04 1.319604937369231084e+04 1.241325529484752769e+04 1.175140221555819153e+04 1.116936264819293137e+04 1.062461212333186450e+04 1.006125282293019700e+04 9.408854696015954687e+03 8.622648728122707325e+03 7.728405135667780087e+03 6.813782290710535563e+03 5.980888439365538034e+03 5.316388162074571483e+03 4.854404763768672638e+03 4.531673142009587536e+03 4.219065561545983655e+03 3.818971055279962002e+03 3.343665687734768653e+03 2.897427911058973677e+03 2.581256859131133297e+03 2.364739138106832797e+03 2.145149268470217976e+03 1.882831040973967447e+03 1.649574561618688449e+03 1.482123476821961958e+03 1.329751201001285608e+03 1.171871877314084941e+03 1.041573982063163385e+03 9.307098292071004835e+02 8.254376182979744954e+02 7.358459590686002230e+02 6.558550028153495077e+02 5.849700319238636439e+02 5.226523757440667168e+02 4.674545889022678580e+02 4.188068795517753529e+02 3.758651573270969379e+02 3.378910184636281429e+02 3.043754374642030029e+02 2.747081363414458224e+02 2.484187358019681824e+02 2.251008890645371139e+02 2.043781550906863345e+02 1.859125297707807363e+02 1.694138942412596975e+02 1.546218188561350644e+02 1.413074570096907223e+02 1.292766077043718553e+02 1.183556125865619606e+02 1.083929608683766332e+02 9.926236443664946307e+01 9.085682828666604394e+01 8.308663380577900170e+01 7.587829528863601070e+01 6.917401238249071582e+01 6.292790187648807176e+01 5.710297572512713771e+01 5.167536109800310840e+01 4.662819154249304177e+01 4.194596447438101450e+01 3.761855538516725517e+01 3.363700096980168297e+01 2.998976183104256066e+01 2.666568605590247287e+01 2.365217264647665019e+01 2.093358367379681795e+01 1.849241121247688469e+01 1.630981588962914230e+01 1.436602462817309878e+01 1.264041367383111414e+01 1.111255564272315333e+01 9.763033821817712621e+00 8.573523934155563353e+00 7.526968823041917389e+00 6.607714646107080370e+00 5.801748033499374735e+00
3.807711893505630542e+03 4.073576188066271243e+03 4.356700354823031375e+03 4.657972451671162162e+03 4.978283849196450319e+03 5.318523117601725971e+03 5.679562606144300844e+03 6.062245680379019177e+03 6.467372588675551015e+03 6.895684586383516944e+03 7.347848088324924902e+03 7.824437089181416013e+03 8.325912303493487343e+03 8.852596074354805751e+03 9.404647703828730300e+03 9.982040183158120271e+03 1.058453354134242545e+04 1.121163576717863361e+04 1.186256816880336555e+04 1.253622563963554239e+04 1.323113130695246946e+04 1.394539801499571331e+04 1.467670146468511848e+04 1.542220184664339104e+04 1.617844062962301905e+04 1.694175017307528105e+04 1.770743481069995687e+04 1.846932819703935093e+04 1.922126161558952663e+04 1.995676371928829394e+04 2.066851591015002850e+04 2.134788590636650042e+04 2.198529805979755474e+04 2.257040405151744926e+04 2.309220234639000773e+04 2.353910373245744995e+04 2.389881628543333500e+04 2.415873837460849609e+04 2.430639353620798647e+04 2.432980399927729377e+04 2.421814353706090697e+04 2.396256055118448785e+04 2.355709173233914044e+04 2.299974805814810679e+04 2.229377162406553543e+04 2.144864124258865195e+04 2.048089100102659359e+04 1.941472991441441263e+04 1.828168401900275057e+04 1.711869128659178386e+04 1.596594693620765247e+04 1.486638526618784636e+04 1.385205636827554008e+04 1.294613348849653084e+04 1.217828032425307902e+04 1.152912113556565419e+04 1.095831341670196889e+04 1.042412153489701450e+04 9.871658575255996766e+03 9.231725387241862336e+03 8.460260254528637233e+03 7.582472572188308732e+03 6.684432484617027512e+03 5.866503006691053997e+03 5.213985204724421237e+03 4.760599720536038149e+03 4.444262099692580705e+03 4.137925587811801961e+03 3.745370010080926932e+03 3.278493034090526635e+03 2.840022623951853802e+03 2.529668782733096123e+03 2.317596470213012708e+03 2.102372633660811061e+03 1.844670962700921109e+03 1.615471295662305010e+03 1.451292142883479301e+03 1.301905690778043663e+03 1.146828440579653034e+03 1.018971000968689395e+03 9.102833572810712894e+02 8.069645356521260737e+02 7.191107252810629689e+02 6.406736633341024572e+02 5.711731247639473850e+02 5.100933386949698729e+02 4.560012444152449689e+02 4.083419375653473367e+02 3.662846679943081654e+02 3.291049040905005540e+02 2.963017070489561320e+02 2.672767651771829378e+02 2.415682429038224939e+02 2.187769174779624279e+02 1.985334281548553861e+02 1.805063339328965526e+02 1.644109953420247905e+02 1.499919913345704572e+02 1.370248818228517678e+02 1.253190575803415641e+02 1.147039130910137317e+02 1.050304702047346268e+02 9.617440339740468858e+01 8.803000008492739425e+01 8.050835839578270736e+01 7.353653493026860133e+01 6.705672657473169807e+01 6.102278928430879290e+01 5.539749186133202130e+01 5.015643297192473682e+01 4.528222265229181431e+01 4.075910902214945963e+01 3.657679545895531703e+01 3.272635008257215361e+01 2.919657348818276077e+01 2.597688024689426456e+01 2.305542047013366513e+01 2.041745387704115444e+01 1.804652973508991565e+01 1.592490784423918626e+01 1.403386473448908589e+01 1.235381471083181637e+01 1.086529388644996175e+01 9.549727918859451492e+00 8.389526785661633568e+00 7.368270828075283774e+00 6.470856380602622693e+00 5.683731055731559678e+00
3.735725626751794607e+03 3.996569402564970915e+03 4.274345970939095423e+03 4.569926254112018796e+03 4.884186782835661688e+03 5.217999253686860357e+03 5.572218959618983718e+03 5.947672914683658746e+03 6.345146349778132389e+03 6.765367262670481068e+03 7.208989759484425122e+03 7.676576089057197350e+03 8.168577029794983901e+03 8.685311033621424940e+03 9.226935274246301560e+03 9.793422298348787081e+03 1.038453546152595300e+04 1.099979188409503149e+04 1.163842959148393311e+04 1.229936688690091432e+04 1.298115371350755413e+04 1.368193232827453903e+04 1.439942378727468349e+04 1.513085031890290520e+04 1.587281295616682473e+04 1.662171628783114284e+04 1.737295429673915351e+04 1.812046829767664894e+04 1.885821288225986791e+04 1.957984381766737715e+04 2.027817743043255905e+04 2.094473737265644741e+04 2.157013598102627657e+04 2.214422428468148792e+04 2.265620666328070365e+04 2.309471486769674448e+04 2.344767650640224019e+04 2.370273269528988749e+04 2.384766259504491973e+04 2.387069235610676333e+04 2.376120663602099012e+04 2.351052917530093328e+04 2.311279406243082849e+04 2.256606278208357617e+04 2.187351192542503850e+04 2.104442935944415512e+04 2.009504170652102766e+04 1.904908977921538099e+04 1.793749925573563451e+04 1.679651096205491558e+04 1.566555217616832851e+04 1.458675697725648024e+04 1.359158029317046203e+04 1.270276703013706720e+04 1.194945694449753864e+04 1.131265250891100732e+04 1.075277087505915006e+04 1.022884875965282481e+04 9.686989479098761876e+03 9.059192962878320031e+03 8.302086162423756832e+03 7.440342425629602985e+03 6.558480441091709508e+03 5.755151257027669999e+03 5.114318633344684713e+03 4.669304979786069453e+03 4.359176919468790402e+03 4.058931350637209562e+03 3.673715747097985513e+03 3.215065114045081827e+03 2.784181346938897150e+03 2.479500865551784045e+03 2.271750807556124073e+03 2.060777155220260283e+03 1.807583607939031936e+03 1.582347238468736577e+03 1.421353834375915994e+03 1.274874256812827753e+03 1.122530923255350444e+03 9.970518623959350180e+02 8.904826318135541214e+02 7.890671306994777296e+02 7.029052181831814323e+02 6.259808699932746094e+02 5.578275452545794906e+02 4.979520061926012886e+02 4.449353801190104036e+02 3.982370569039753150e+02 3.570393280432931533e+02 3.206309594289684810e+02 2.885197883452422616e+02 2.601180734549782869e+02 2.349724961126970584e+02 2.126910702362534380e+02 1.929113584694474071e+02 1.753082171196218724e+02 1.596022835806940634e+02 1.455430151098448448e+02 1.329102928712408414e+02 1.215170354282647622e+02 1.111956480822887272e+02 1.017996610701105453e+02 9.320670338927540399e+01 8.531237698464188668e+01 7.802864827476118137e+01 7.128316521959790464e+01 6.501818543055800603e+01 5.918736685117784191e+01 5.375328249966634786e+01 4.869104802200730830e+01 4.398278176509587922e+01 3.961249084674441434e+01 3.556969885660421937e+01 3.184548106038979043e+01 2.842893723123671279e+01 2.530999029989491333e+01 2.247747596342319909e+01 1.991748694685124121e+01 1.761456370814945771e+01 1.555200379448127990e+01 1.371208046170550432e+01 1.207619857059813917e+01 1.062581721607953789e+01 9.343171861677756596e+00 8.211381113535237475e+00 7.214642298606355197e+00 6.338385292176974772e+00 5.569507263091009186e+00
3.665636393988968848e+03 3.921590794821217514e+03 4.194160617348582491e+03 4.484200281283336153e+03 4.792569677172539741e+03 5.120123987827287237e+03 5.467702876886179183e+03 5.836118210316453769e+03 6.226140627905590009e+03 6.638484652331767393e+03 7.073790067621043818e+03 7.532609081675273046e+03 8.015387878673761406e+03 8.522434726150599090e+03 9.053905011190696314e+03 9.609774438178943456e+03 1.018980718447664731e+04 1.079353173873967353e+04 1.142020041262307132e+04 1.206874958835135658e+04 1.273775896410682981e+04 1.342540630470699216e+04 1.412945419269187551e+04 1.484717602268272458e+04 1.557523875490348837e+04 1.631011292752845293e+04 1.704727973801695771e+04 1.778079869092168883e+04 1.850472828961758205e+04 1.921284804787670873e+04 1.989811671450228096e+04 2.055220647896513765e+04 2.116591120120905543e+04 2.172927303709889384e+04 2.223169250260708213e+04 2.266201766062812385e+04 2.300840873575010119e+04 2.325873634002473773e+04 2.340100073299009091e+04 2.342365674346636661e+04 2.331628817534375776e+04 2.307037928425910286e+04 2.268017665435396702e+04 2.214377348743037874e+04 2.146428652346331364e+04 2.065082821114548642e+04 1.971931152435745025e+04 1.869303331510079443e+04 1.760233220925385831e+04 1.648275960457889960e+04 1.537301121602892999e+04 1.431443547317141929e+04 1.333790325294838294e+04 1.246574870925622054e+04 1.172659687712503001e+04 1.110181525604194576e+04 1.055256406234435235e+04 1.003863577924067613e+04 9.507096027407354995e+03 8.891113916533962765e+03 8.147996898273881015e+03 7.301898599748733432e+03 6.435818804239799647e+03 5.646734808621429693e+03 5.017300818768481804e+03 4.580440031818730859e+03 4.276344743526317870e+03 3.982015538111372734e+03 3.603946774145804284e+03 3.153325114414086329e+03 2.729852751691111735e+03 2.430705183174304238e+03 2.227157841554706465e+03 2.020321271359139701e+03 1.771531729151368154e+03 1.550167296172694250e+03 1.392276158763465446e+03 1.248627057820344135e+03 1.098951940732881212e+03 9.757903843058295479e+02 8.712839959900927624e+02 7.717232190488493870e+02 6.872086701568276794e+02 6.117570425440862891e+02 5.449148903792737428e+02 4.862113353282092589e+02 4.342408311775510015e+02 3.884768830367104329e+02 3.481145493150775110e+02 3.124558254971216229e+02 2.810162352610739163e+02 2.532193387761506926e+02 2.286198841924977785e+02 2.068326531711343819e+02 1.875019079783281484e+02 1.703087049438932752e+02 1.549788723218290158e+02 1.412666293902343000e+02 1.289560594914323985e+02 1.178635213244327389e+02 1.078243881234988635e+02 9.869468338854355238e+01 9.035398732431322344e+01 8.269924022111248973e+01 7.564331479931693991e+01 6.911448951279891162e+01 6.305514287933426232e+01 5.741879804012636157e+01 5.216788043001802322e+01 4.727706874412841387e+01 4.272802249083775905e+01 3.850451786114553698e+01 3.459589110968963155e+01 3.099320058613741580e+01 2.768580671422895634e+01 2.466408968788416445e+01 2.191751338546974281e+01 1.943294480450787631e+01 1.719585225476682311e+01 1.519051068842235885e+01 1.340013828041038479e+01 1.180708497687698610e+01 1.039369438107143750e+01 9.142980482623853433e+00 8.038745596876941235e+00 7.065783860676011052e+00 6.210042037859826003e+00 5.458853925518970307e+00
3.597383586491208007e+03 3.848576755348970892e+03 4.116076148625123096e+03 4.400719931053537039e+03 4.703352271583288712e+03 5.024813707513648296e+03 5.365925771900403561e+03 5.727485654193293158e+03 6.110252633077130668e+03 6.514923922271933407e+03 6.942130443818197818e+03 7.392415466995516908e+03 7.866211542480474236e+03 8.363825755839585327e+03 8.885410499575864378e+03 9.430938711440932821e+03 1.000018024569590489e+04 1.059267537557330797e+04 1.120768867985024190e+04 1.184417307776748748e+04 1.250073859667759280e+04 1.317559732933235136e+04 1.386655338116547318e+04 1.457093130325638413e+04 1.528545698596217153e+04 1.600666882247031390e+04 1.673013354480376802e+04 1.745001874901011615e+04 1.816050095004909235e+04 1.885546974206787127e+04 1.952800802538471180e+04 2.016995451233719359e+04 2.077227115661291100e+04 2.132518272823801090e+04 2.181829013708011917e+04 2.224065029001884977e+04 2.258064152981639563e+04 2.282635948636924877e+04 2.296602963526223539e+04 2.298832035335050023e+04 2.288300809421504164e+04 2.264173710358207973e+04 2.225886438794822243e+04 2.173251593354472425e+04 2.106574556374576423e+04 2.026749390490316728e+04 1.935337915179271295e+04 1.834625585575963123e+04 1.727589096496145430e+04 1.617717300993359459e+04 1.508807913892921169e+04 1.404919236744166119e+04 1.309081510573518608e+04 1.223487970584285904e+04 1.150951112280060624e+04 1.089643317910153746e+04 1.035752747592887135e+04 9.853324785178245293e+03 9.331828657343474333e+03 8.727350836648925906e+03 7.997869186340582019e+03 7.167027956530431766e+03 6.316343508603758892e+03 5.541162167255849454e+03 4.922847415450334665e+03 4.493928845317736886e+03 4.195695466336618665e+03 3.907113377796978057e+03 3.536004159547264862e+03 3.093219845828217331e+03 2.676987417327778530e+03 2.383236090619325751e+03 2.183776339080081470e+03 1.980967473406922636e+03 1.736480321773226706e+03 1.518898650243579368e+03 1.364028767403178563e+03 1.223136214407237048e+03 1.076065259668976296e+03 9.551625878376521541e+02 8.526647853196791402e+02 7.549116084529598538e+02 6.720013904716040543e+02 5.979837254962600355e+02 5.324181076439650724e+02 4.748550210523940223e+02 4.239022145054705106e+02 3.790470320859747630e+02 3.394969395695459866e+02 3.045665242586921977e+02 2.737794251720890770e+02 2.465695956604501475e+02 2.224997663290520222e+02 2.011914636240324228e+02 1.822954818944514841e+02 1.654988582658093037e+02 1.505324423066221868e+02 1.371550925483564072e+02 1.251550041420642003e+02 1.143519074169455791e+02 1.045840969974504162e+02 9.571006052010876886e+01 8.761131572125835021e+01 8.018616340020810185e+01 7.334842276504569725e+01 6.702704236043614117e+01 6.116457702760460791e+01 5.571447189155865232e+01 5.063904856589682879e+01 4.591259186825914895e+01 4.151633401782520139e+01 3.743383101658355372e+01 3.365422809723730779e+01 3.016854785980488884e+01 2.696637760091090996e+01 2.403850731434169674e+01 2.137497461394392673e+01 1.896336478165265760e+01 1.679001315279422712e+01 1.484011393828212277e+01 1.309778031397755349e+01 1.154626359218993592e+01 1.016875494169327787e+01 8.949016812908231699e+00 7.871510953887645989e+00 6.921608578001347212e+00 6.085757237929573016e+00 5.351715243684115109e+00
3.530908901469437296e+03 3.777464354452160933e+03 4.040025497283902496e+03 4.319414903443006551e+03 4.616459227191008722e+03 4.931984160464404340e+03 5.266798235469042083e+03 5.621683290753028814e+03 5.997382302517378776e+03 6.394582822735202171e+03 6.813902055160838245e+03 7.255872262203894024e+03 7.720921642364710351e+03 8.209347425370156998e+03 8.721300289790982788e+03 9.256757360386856817e+03 9.815491181415731262e+03 1.039704886293752315e+04 1.100070873599892366e+04 1.162544411820265486e+04 1.226989052364608688e+04 1.293229561386252317e+04 1.361050369942484394e+04 1.430188435624363046e+04 1.500322342803838364e+04 1.571112827701260176e+04 1.642125074581626541e+04 1.712786154259587784e+04 1.782523798768278357e+04 1.850738921798513184e+04 1.916753482201649967e+04 1.979765728533008223e+04 2.038888024039990341e+04 2.093161025283838899e+04 2.141564626101147951e+04 2.183025062687430182e+04 2.216400721021169375e+04 2.240522960864092965e+04 2.254236973413782107e+04 2.256430066641746089e+04 2.246099360973220973e+04 2.222424654441064922e+04 2.184850549601992680e+04 2.133194304938773712e+04 2.067755683805242734e+04 1.989411374593993241e+04 1.899694312871896545e+04 1.800846874280800694e+04 1.695790459946138799e+04 1.587949681268979657e+04 1.481051798185407642e+04 1.379080392597959508e+04 1.285010709640763707e+04 1.200997076958217804e+04 1.129802108474127817e+04 1.069633718698429584e+04 1.016750422221934969e+04 9.672767242021009224e+03 9.161047809385292567e+03 8.567773236649343744e+03 7.851580353763038147e+03 7.035617327385866702e+03 6.199958855269894229e+03 5.438345594963645453e+03 4.830878111648208687e+03 4.409697656032435589e+03 4.117161694252690722e+03 3.834162592600500830e+03 3.469832856005900794e+03 3.034699117108252267e+03 2.625539282542380988e+03 2.337051169731460959e+03 2.141567122110042874e+03 1.942680107175463036e+03 1.702395659829639271e+03 1.488510319321767383e+03 1.336583152706716191e+03 1.198375330614285531e+03 1.053846423936346355e+03 9.351456991789597168e+02 8.346040662982649110e+02 7.386127964426930248e+02 6.572651136785938206e+02 5.846438921535960844e+02 5.203210684923487861e+02 4.638680184152315746e+02 4.139053940694806784e+02 3.699341994153940618e+02 3.311737608522365690e+02 2.969513289467710706e+02 2.667978687551184294e+02 2.401580002270639795e+02 2.166021111121195304e+02 1.957581653425002344e+02 1.772832955464725728e+02 1.608703909485656709e+02 1.462552154304091232e+02 1.332011532547321337e+02 1.215004052098529002e+02 1.109759934364765144e+02 1.014690857729386551e+02 9.284060740006781032e+01 8.497400049611870543e+01 7.776894305280849551e+01 7.114023303439675772e+01 6.501752224047562834e+01 5.934359118632581698e+01 5.407185888253385286e+01 4.916458420334195978e+01 4.459570232885086227e+01 4.034605303791662578e+01 3.639898628650191625e+01 3.274345474052127258e+01 2.937042830562413442e+01 2.626968990344757415e+01 2.343239425206417437e+01 2.084910066596023626e+01 1.850805960344179013e+01 1.639641779019081724e+01 1.450023583718694553e+01 1.280447552762865371e+01 1.129324745920623663e+01 9.950554038749583441e+00 8.760876403437491078e+00 7.709311497685465753e+00 6.781787797468683543e+00 5.965237436213006283e+00 5.247830996660634462e+00
3.466155398681331917e+03 3.708193806008364845e+03 3.965944535763688691e+03 4.240214854746081983e+03 4.531816368267988764e+03 4.841559434107136440e+03 5.170238905783360678e+03 5.518621409140425385e+03 5.887434497540748453e+03 6.277356790096486293e+03 6.688993476688390729e+03 7.122864964736201728e+03 7.579392340458509352e+03 8.058869605174551907e+03 8.561443198140357708e+03 9.087089131412903953e+03 9.635586973661973389e+03 1.020648993031875580e+04 1.079908972000631002e+04 1.141238142248052645e+04 1.204502509786409428e+04 1.269529694438058687e+04 1.336108036777044617e+04 1.403979807692617578e+04 1.472829890376564617e+04 1.542324597330384495e+04 1.612036660198137906e+04 1.681404335868181442e+04 1.749865832422546373e+04 1.816832641770153350e+04 1.881639204244088251e+04 1.943499379398631208e+04 2.001541216758352675e+04 2.054822889014704924e+04 2.102343234579734417e+04 2.143046947591608841e+04 2.175814618962829263e+04 2.199499687248670671e+04 2.212967342009417553e+04 2.215125532386484338e+04 2.204989438855722256e+04 2.181753945187458157e+04 2.144874790667689012e+04 2.094171826728151063e+04 2.029938949683173269e+04 1.953036811012732505e+04 1.864969840229742840e+04 1.767938794340133245e+04 1.664811066453049716e+04 1.558948209232035515e+04 1.454009206186554184e+04 1.353905406965145812e+04 1.261558113735402185e+04 1.179083011240642736e+04 1.109195177323856478e+04 1.050136589942343016e+04 9.982338428890043360e+03 9.496814190500075711e+03 8.994612521718614516e+03 8.412251190109484014e+03 7.709013129973343894e+03 6.907562101223856189e+03 6.086564795894903909e+03 5.338196611461584325e+03 4.741314185660549811e+03 4.327672249416978957e+03 4.040676797969604650e+03 3.763103487947227677e+03 3.405376680199129169e+03 2.977711146458887924e+03 2.575461264494120314e+03 2.292107829133193263e+03 2.100490880175641905e+03 1.905422830973940336e+03 1.669244564354183922e+03 1.458971290166521158e+03 1.309910911551355184e+03 1.174318508823793536e+03 1.032271243025628110e+03 9.157171753455280623e+02 8.170808826949551076e+02 7.228071045547289941e+02 6.429816055950495866e+02 5.717205694937670160e+02 5.086079209776569314e+02 4.532354398560479467e+02 4.042364320240006919e+02 3.611252044237804739e+02 3.231327673130483618e+02 2.895983732116267788e+02 2.600608205475438126e+02 2.339744236516171725e+02 2.109171594530158131e+02 1.905234359203026031e+02 1.724565758888599305e+02 1.564151148819657919e+02 1.421395707580840053e+02 1.293977310488724584e+02 1.179857079164393667e+02 1.077297437680935275e+02 9.847383225518368022e+01 9.008130643008600202e+01 8.243751661602988179e+01 7.544352918551557252e+01 6.901514698690202465e+01 6.308275368537972838e+01 5.758940507244499685e+01 5.248854832550858163e+01 4.774242172425894637e+01 4.332465001770560065e+01 3.921570888429701540e+01 3.539875326571765868e+01 3.186254436139405044e+01 2.859798772389560639e+01 2.559503557540542928e+01 2.284516725097592627e+01 2.033941617212871833e+01 1.806664819510702458e+01 1.601476693329771095e+01 1.417064681903552703e+01 1.252005249924670593e+01 1.104791296799967881e+01 9.739006905842527928e+00 8.578505606526277916e+00 7.552118103472926336e+00 6.646311336656395063e+00 5.848486670296623835e+00 5.147215025074846295e+00
3.403068867029491230e+03 3.640706449652316223e+03 3.893769849824478570e+03 4.163052770579690332e+03 4.449353219554588577e+03 4.753463569927625031e+03 5.076164465070132792e+03 5.418211274066725309e+03 5.780319291265867832e+03 6.163149426097995274e+03 6.567299513904192281e+03 6.993283090970713602e+03 7.441508090953772808e+03 7.912264632493714089e+03 8.405698841741117576e+03 8.921787516215548749e+03 9.460312536988223655e+03 1.002083522167939191e+04 1.060266110378584563e+04 1.120480366957980186e+04 1.182594557379483194e+04 1.246439733999598138e+04 1.311808077262510233e+04 1.378446135888554454e+04 1.446044844515432487e+04 1.514276593081429564e+04 1.582721960375229901e+04 1.650829769588784984e+04 1.718047843582717542e+04 1.783798687113604319e+04 1.847429165452032976e+04 1.908166400176504249e+04 1.965155186750320354e+04 2.017471001328303464e+04 2.064130213113970967e+04 2.104097304607539991e+04 2.136273041777627805e+04 2.159531450291192959e+04 2.172758596927388135e+04 2.174882612745972801e+04 2.164936249654563289e+04 2.142128748863439250e+04 2.105926068192070670e+04 2.056151367121662406e+04 1.993092931336824768e+04 1.917595384529763396e+04 1.831135515461274917e+04 1.735873882401612354e+04 1.634625216281289249e+04 1.530689340093553801e+04 1.427658714064026572e+04 1.329374146249867590e+04 1.238704632221044085e+04 1.157728608241314760e+04 1.089114075159515050e+04 1.031135845840675029e+04 9.801878337990770888e+03 9.325326706122865289e+03 8.832392147137705251e+03 8.260664003732890706e+03 7.570052794093815464e+03 6.782760484373100553e+03 5.976072218705507112e+03 5.240631809975133365e+03 4.654080903208800919e+03 4.247787375885778602e+03 3.966175288099772843e+03 3.693877524344576159e+03 3.342583734240649846e+03 2.922209709208583263e+03 2.526710810932268487e+03 2.248365843513573964e+03 2.060510782952523186e+03 1.869162161125797866e+03 1.636996151383106280e+03 1.430252789546027770e+03 1.283985375832822001e+03 1.150941013200417046e+03 1.011316802828379309e+03 8.968558949414732524e+02 8.000755087742601290e+02 7.074765249766965098e+02 6.291338907364968236e+02 5.591977273563784365e+02 4.972636725009694487e+02 4.429432629510152992e+02 3.948821575978553824e+02 3.526076547753600039e+02 3.153621921885818438e+02 2.824967605438265537e+02 2.535577809212634008e+02 2.280089490902798559e+02 2.054356537910189786e+02 1.854786219153717468e+02 1.678072009136606653e+02 1.521254019587219659e+02 1.381783618749323637e+02 1.257381584748590910e+02 1.146047222035266628e+02 1.046074443440087549e+02 9.559309343390417268e+01 8.742737565572842584e+01 7.999752917563517940e+01 7.320601871342483946e+01 6.696967799003101618e+01 6.121964983808445027e+01 5.589930746482861679e+01 5.096217137616169879e+01 4.637049578016414841e+01 4.209763564513797718e+01 3.812373576026656252e+01 3.443177125123992965e+01 3.101031361914945350e+01 2.785019210429089398e+01 2.494150314146384773e+01 2.227601387450859960e+01 1.984518828049824890e+01 1.763846155443804165e+01 1.564444358913315369e+01 1.385077350648883865e+01 1.224397565387726949e+01 1.080975877221674786e+01 9.533644559505297877e+00 8.401467008926420732e+00 7.399525169954825898e+00 6.514806382067496848e+00 5.735166044306243549e+00 5.049562636155896733e+00
3.341596695116176306e+03 3.574946293175665232e+03 3.823443479156121612e+03 4.087867119259503852e+03 4.369000340667282217e+03 4.667621920658921226e+03 4.984498977402004130e+03 5.320372342211227078e+03 5.675943790912027907e+03 6.051866084347504511e+03 6.448721985534457417e+03 6.867014430030081712e+03 7.307151440545956575e+03 7.769414579955206136e+03 8.253943321362155984e+03 8.760716053941563587e+03 9.289524264656782179e+03 9.839931842475574740e+03 1.041125795941261094e+04 1.100253900256561792e+04 1.161247395175990641e+04 1.223940561288101890e+04 1.288129670445230113e+04 1.353565763092535963e+04 1.419945271338412567e+04 1.486946724563476528e+04 1.554158133739824552e+04 1.621037655535227168e+04 1.687043870428661467e+04 1.751609900456221294e+04 1.814093971446224896e+04 1.873737101946452458e+04 1.929700056424955619e+04 1.981074635411637428e+04 2.026894382191192926e+04 2.066143701786875681e+04 2.097742643724464506e+04 2.120585194202803905e+04 2.133578098812219469e+04 2.135668062866251785e+04 2.125905881770353881e+04 2.103515606441131968e+04 2.067972050398260399e+04 2.019101596849885027e+04 1.957187229646210471e+04 1.883058125875907717e+04 1.798164322117334450e+04 1.704626186727326785e+04 1.605207573024766134e+04 1.503149332957289334e+04 1.401978333416463465e+04 1.305466314950983724e+04 1.216431408208733410e+04 1.136915902257902781e+04 1.069541878032828936e+04 1.012616352652648857e+04 9.625982118215246373e+03 9.158164790697979697e+03 8.674257536624723798e+03 8.112889636226670518e+03 7.434589953488061838e+03 6.661110375183226097e+03 5.868388789805865599e+03 5.145571052573228371e+03 4.569102332426459725e+03 4.169971863611759545e+03 3.893597549939511737e+03 3.626427283429382896e+03 3.281402161766260178e+03 2.868147116308080513e+03 2.479244045975837253e+03 2.205785235721928075e+03 2.021590849167746910e+03 1.833864756138917073e+03 1.605619500002019322e+03 1.402326096497976778e+03 1.258780535406763192e+03 1.128218667606397275e+03 9.909607890071538350e+02 8.785410032158191598e+02 7.835689066191490610e+02 6.926030832627236578e+02 6.157052503313353782e+02 5.470598749912160201e+02 4.862738231630860355e+02 4.329779012515789987e+02 3.858298360169118837e+02 3.443696271404234608e+02 3.078508269858523931e+02 2.756358989136306263e+02 2.472786548105738405e+02 2.222520670886383414e+02 2.001486957443263179e+02 1.806153792192961589e+02 1.633273229748648703e+02 1.479938779022768074e+02 1.343646884206908112e+02 1.222160115838941579e+02 1.113514951153093762e+02 1.016036025096604192e+02 9.282182821384019178e+01 8.487422142191852004e+01 7.764988979616890674e+01 7.105269987710067880e+01 6.500053239904841007e+01 5.942530939981156024e+01 5.427076220570524612e+01 4.949053119759929587e+01 4.504692371707772480e+01 4.091306283316214376e+01 3.706879216197734195e+01 3.349692081501431318e+01 3.018583440494396442e+01 2.712627758897406238e+01 2.430846948852595091e+01 2.172443176745299454e+01 1.936601861663951496e+01 1.722319118950268546e+01 1.528521709309204724e+01 1.354045258467559698e+01 1.197613982556976175e+01 1.057872938396409346e+01 9.334453251410712582e+00 8.229781208872147147e+00 7.251580023101472428e+00 6.387339109445890450e+00 5.625353057467869178e+00 4.954956450141797752e+00
3.281688790230193263e+03 3.510859046558633054e+03 3.754905590899486469e+03 4.014593037412111244e+03 4.290690392017375416e+03 4.583963021272693368e+03 4.895164648203716752e+03 5.225022142270219774e+03 5.574223765507385906e+03 5.943411917607128089e+03 6.333159738678727990e+03 6.743960268456331505e+03 7.176212739690898161e+03 7.630196339267722578e+03 8.106048532127035287e+03 8.603745581741335627e+03 9.123080548893312880e+03 9.663630445423481433e+03 1.022472577670985083e+04 1.080541600702923461e+04 1.140442974021523878e+04 1.202013719905633116e+04 1.265053546764465864e+04 1.329318251048293496e+04 1.394509741507500439e+04 1.460311781537737079e+04 1.526319965698911983e+04 1.592003346608419633e+04 1.656829052449085430e+04 1.720239950463985224e+04 1.781606445488718600e+04 1.840183621342606421e+04 1.895146390897138917e+04 1.945603049140873190e+04 1.990605434448625238e+04 2.029155300676890329e+04 2.060191849333693244e+04 2.082628908743807551e+04 2.095392834450487135e+04 2.097449924216279760e+04 2.087867535812440110e+04 2.065883148269275262e+04 2.030981478439640705e+04 1.982991942062433736e+04 1.922192406703121742e+04 1.849396816320415746e+04 1.766028235372890776e+04 1.674169405279106650e+04 1.576534564312239672e+04 1.476305794160617916e+04 1.376946679902355390e+04 1.282162122112756515e+04 1.194720369883084277e+04 1.116627937290696354e+04 1.050462655943202662e+04 9.945625611830851994e+03 9.454498778536642931e+03 8.995188631186361818e+03 8.520070692599054382e+03 7.968798360419355959e+03 7.302501538479632472e+03 6.542499462987927473e+03 5.763410016307318074e+03 5.052916523913945639e+03 4.486288672511802361e+03 4.094140400952033360e+03 3.822860830695319237e+03 3.560676273865155963e+03 3.221757722278694928e+03 2.815454358537266216e+03 2.432997329783233454e+03 2.164306840241559712e+03 1.983674806209851567e+03 1.799478039929038005e+03 1.575065488567712691e+03 1.375145737165729088e+03 1.234253547224048361e+03 1.106112144048639720e+03 9.711663770022457811e+02 8.607383842206952522e+02 7.675292449962195178e+02 6.781572251470649917e+02 6.026683447016096125e+02 5.352816170209940765e+02 4.756147827138543676e+02 4.233174390946615517e+02 3.770589773703034666e+02 3.363920223183134794e+02 3.005808884639267262e+02 2.689992636628867899e+02 2.412081372263299102e+02 2.166895088125284019e+02 1.950429539012521332e+02 1.759212762088516229e+02 1.590053836376936260e+02 1.440098192532563530e+02 1.306886171377867072e+02 1.188221087190773915e+02 1.082175691988550170e+02 9.871046498902360611e+01 9.015296311638988414e+01 8.241541649325311880e+01 7.538877801941660550e+01 6.897832250692687239e+01 6.310300032074988508e+01 5.769553644448869534e+01 5.270005643331589340e+01 4.807035947433011813e+01 4.376883836446461373e+01 3.976842154592097955e+01 3.604868312453544377e+01 3.259228262200447546e+01 2.938742666453796559e+01 2.642477051320901893e+01 2.369463795317618704e+01 2.118927364956108406e+01 1.890088301386303726e+01 1.681991218429388724e+01 1.493624315381293144e+01 1.323890745883880982e+01 1.171582730177216014e+01 1.035415929037096205e+01 9.140814085510351461e+00 8.062871357409132855e+00 7.107745635223642999e+00 6.263412413162535053e+00 5.518591768457015156e+00 4.862982380644928604e+00
3.223296395367483910e+03 3.448392809264516927e+03 3.688101240802273878e+03 3.943172955996054952e+03 4.214362549982521159e+03 4.502421681226590408e+03 4.808089835431002939e+03 5.132082318018746264e+03 5.475077120952715632e+03 5.837701255135064457e+03 6.220520133292246101e+03 6.624019491175065014e+03 7.048586930452533124e+03 7.494498419881663722e+03 7.961890899274822914e+03 8.450741015077946940e+03 8.960844408720360661e+03 9.491787129784332137e+03 1.004291119348657230e+04 1.061328103842884957e+04 1.120164859695709674e+04 1.180641311744064478e+04 1.242560870633039303e+04 1.305683837698580464e+04 1.369717042781800228e+04 1.434350252353311225e+04 1.499186321321349715e+04 1.563702974785844344e+04 1.627377709165083252e+04 1.689663117696812333e+04 1.749940230026412610e+04 1.807478147980465292e+04 1.861466248225769959e+04 1.911028633884102965e+04 1.955234069194663607e+04 1.993101305967471126e+04 2.023589448150438329e+04 2.045631815925448609e+04 2.058172591235995060e+04 2.060197254322235676e+04 2.050789770805487933e+04 2.029200891942685121e+04 1.994924777335331964e+04 1.947793902486873048e+04 1.888080667263498981e+04 1.816584061270006350e+04 1.734702051569077594e+04 1.644480426782634822e+04 1.548584247102632617e+04 1.450138194482865765e+04 1.352545333666513034e+04 1.259444752353207696e+04 1.173555738323808873e+04 1.096850490996066765e+04 1.031863210200472713e+04 9.769625079197157902e+03 9.287323370520836761e+03 8.836300246691238499e+03 8.369750713543953680e+03 7.828317502895820326e+03 7.173734688496680064e+03 6.426883749423842346e+03 5.661107654291686231e+03 4.962650344158710141e+03 4.405633143013458721e+03 4.020294960590110804e+03 3.753974387375536480e+03 3.496640296679162930e+03 3.163675183712403850e+03 2.764159990097617538e+03 2.388000240854001277e+03 2.123960867006523586e+03 1.946795174748335057e+03 1.766035427671860134e+03 1.545366196210120961e+03 1.348742126720560236e+03 1.210434444311487368e+03 1.084649843102331943e+03 9.519601892514486963e+02 8.434730803485230126e+02 7.519799840932637380e+02 6.641606045358454367e+02 5.900432271988136108e+02 5.238812934193595083e+02 4.653032494222196078e+02 4.139769707327805577e+02 3.685834391001849326e+02 3.286873365949515460e+02 2.935635952655460983e+02 2.625969019714841011e+02 2.353550842904520266e+02 2.113291270638321180e+02 1.901253968025896484e+02 1.714024626168115049e+02 1.548467728928692964e+02 1.401779295988222316e+02 1.271542464275342610e+02 1.155600204444218946e+02 1.052060553998931169e+02 9.593074379352094638e+01 8.758886998464274143e+01 8.005305144787594429e+01 7.321605981013554754e+01 6.698457376463397850e+01 6.127862193576071093e+01 5.603174516603524324e+01 5.118849507699847834e+01 4.670286755892217911e+01 4.253737169028491394e+01 3.866477509813228153e+01 3.506441016678333256e+01 3.171880036742068398e+01 2.861597720777508869e+01 2.574649928652628716e+01 2.310077619687345418e+01 2.067124799118105827e+01 1.845043739858286713e+01 1.642923733577946876e+01 1.459809887392183470e+01 1.294668337809611280e+01 1.146355301625784939e+01 1.013653490716881933e+01 8.953187857954373996e+00 7.901175884826312057e+00 6.968439485465819594e+00 6.143421986432149318e+00 5.415254049719217200e+00 4.773986433109895344e+00
3.166370759832602744e+03 3.387496591430166973e+03 3.622976512524842747e+03 3.873547859145687653e+03 4.139951992030975816e+03 4.422928823441032364e+03 4.723204304169088573e+03 5.041479720974381962e+03 5.378420914164566966e+03 5.734646712272095101e+03 6.110711926177573332e+03 6.507092270549925161e+03 6.924168755733864600e+03 7.362211327592657653e+03 7.821356173880318238e+03 8.301581957959899228e+03 8.802685782337382989e+03 9.324262516067179604e+03 9.865664868338439192e+03 1.042597192972699486e+04 1.100396149845746913e+04 1.159806033495680822e+04 1.220633698538101635e+04 1.282643770380378555e+04 1.345547708348519518e+04 1.409041098822911044e+04 1.472734277692908108e+04 1.536113901601082944e+04 1.598666346535155935e+04 1.659854144421370074e+04 1.719069565316458829e+04 1.775594232247309628e+04 1.828632210813451456e+04 1.877322824668978865e+04 1.920750776719184432e+04 1.957953000898234677e+04 1.987906429466831469e+04 2.009563205005795317e+04 2.021886965772564872e+04 2.023879777295237363e+04 2.014642318319745391e+04 1.993439346386207035e+04 1.959773090399213106e+04 1.913478415681480692e+04 1.854823445593767974e+04 1.784593520697110216e+04 1.704160961553839297e+04 1.615534562747066593e+04 1.521332582719287529e+04 1.424624932674646152e+04 1.328753543982648443e+04 1.237294148650310854e+04 1.152918890611337702e+04 1.077565703881027730e+04 1.013726644416698946e+04 9.597998554814528688e+03 9.124295839437982067e+03 8.681348591877207582e+03 8.223142839952975919e+03 7.691301239818068098e+03 7.048138413572418358e+03 6.314124120331297490e+03 5.561344656621648028e+03 4.874641751490290517e+03 4.327007280776115294e+03 3.948310471873475308e+03 3.686814857516434131e+03 3.434198669523302669e+03 3.107035559530012961e+03 2.714150689267813959e+03 2.344145914499573337e+03 2.084645886769348635e+03 1.910853582607756607e+03 1.733443726511470686e+03 1.516434441871227136e+03 1.323033641125615532e+03 1.187246009445936124e+03 1.063760301543162996e+03 9.332755514019283964e+02 8.266831007072689772e+02 7.368634926218101100e+02 6.505598716473085688e+02 5.777802404261185529e+02 5.128130299534153664e+02 4.552968625669670928e+02 4.049173354896358887e+02 3.603669015973626983e+02 3.212220120326088590e+02 2.867680031650930914e+02 2.564001353431247594e+02 2.296929547680460075e+02 2.061464176074930208e+02 1.853734386389588167e+02 1.670381253007029727e+02 1.508323139614824697e+02 1.364805572220085992e+02 1.237453573762310981e+02 1.124148761506479559e+02 1.023033494236719747e+02 9.325202233797647011e+01 8.511824672167564643e+01 7.777687127782381538e+01 7.112246449886643518e+01 6.506310701136899866e+01 5.951991548315200475e+01 5.442726028294738683e+01 4.973014944175822905e+01 4.538281140601239372e+01 4.134790153699808002e+01 3.759806031978613561e+01 3.411240713879920605e+01 3.087334539128336530e+01 2.786874057720038422e+01 2.508905381466383488e+01 2.252476737489045533e+01 2.016849123427269319e+01 1.801303265311290147e+01 1.604969587033176381e+01 1.426946248960828356e+01 1.266258584191403891e+01 1.121823355851358883e+01 9.924870235643977523e+00 8.770673434639901345e+00 7.743867355774468386e+00 6.832899892131861996e+00 6.026667304567360439e+00 5.314698023150565831e+00 4.687383817946524367e+00
3.110867270932808424e+03 3.328121604005543759e+03 3.559478205242466629e+03 3.805661309116154371e+03 4.067400686788893381e+03 4.345422546254971166e+03 4.640439398057124890e+03 4.953140542043756795e+03 5.284181017602930297e+03 5.634168268521244499e+03 6.003646182847814089e+03 6.393083661919095903e+03 6.802858589391787064e+03 7.233231314446326905e+03 7.684334602629136498e+03 8.156150651068301158e+03 8.648481605629762271e+03 9.160924585507893426e+03 9.692845360925850400e+03 1.024334420847098772e+04 1.081121486844710125e+04 1.139491380836745338e+04 1.199254328509929837e+04 1.260178689646727616e+04 1.321981750149949949e+04 1.384364432667186884e+04 1.446943300591883963e+04 1.509213690967019102e+04 1.570671817472595831e+04 1.630789931835962489e+04 1.688970450245289976e+04 1.744506986502570726e+04 1.796618115191902325e+04 1.844458554757265665e+04 1.887128757294276511e+04 1.923682369044569350e+04 1.953114203849666228e+04 1.974394886238293475e+04 1.986506493851811319e+04 1.988468795037503151e+04 1.979397407236368599e+04 1.958569605047439109e+04 1.925497332663316411e+04 1.880018438753595547e+04 1.822395713995969709e+04 1.753400132562666113e+04 1.674380016344071191e+04 1.587309045252043688e+04 1.494759033982803703e+04 1.399745585844801826e+04 1.305552815420440675e+04 1.215693854551363256e+04 1.132794354150372419e+04 1.058759526036650641e+04 9.960396238954839646e+03 9.430621393211580653e+03 8.965298863554136915e+03 8.530219195329871582e+03 8.080147519882015331e+03 7.557657442779117446e+03 6.925635756485596175e+03 6.204149395712026489e+03 5.464062531753715120e+03 4.788840912056797606e+03 4.250369337072575945e+03 3.878151842253280847e+03 3.621352079623569352e+03 3.373326368835188532e+03 3.051820767607665402e+03 2.665410697829941455e+03 2.301420816534433470e+03 2.046351561137965064e+03 1.875843274096475170e+03 1.701696929419312028e+03 1.488265546532670669e+03 1.298016083509052351e+03 1.164685556678040712e+03 1.043440688746427668e+03 9.151103350807437664e+02 8.103663747728056705e+02 7.221781000432516748e+02 6.373535048844953508e+02 5.658780152426996892e+02 5.020754311798015692e+02 4.455940880543166145e+02 3.961370245315922034e+02 3.524077269538535120e+02 3.139943603150650802e+02 2.801922352365558595e+02 2.504070513241590561e+02 2.242200682686274718e+02 2.011396377386243159e+02 1.807851449618207766e+02 1.628262166038124406e+02 1.469599484280560659e+02 1.329156767951583618e+02 1.204599618492621147e+02 1.093847280336120349e+02 9.950756293895427973e+01 9.067250088487605808e+01 8.273940783752914285e+01 7.558532096932466970e+01 6.910657638606825515e+01 6.321265052536818985e+01 5.782575534533192041e+01 5.288110190285063084e+01 4.832418202772716853e+01 4.410948967119516340e+01 4.019985420125433251e+01 3.656782169140692673e+01 3.319232711584813700e+01 3.005566962056281710e+01 2.714555573887991713e+01 2.445234599423248056e+01 2.196658162576812856e+01 1.968102113073956971e+01 1.758872887958190390e+01 1.568138832752026701e+01 1.395047222699138345e+01 1.238678571258323835e+01 1.098006618054731121e+01 9.719383830424837001e+00 8.593507455443830878e+00 7.591198334667280001e+00 6.701392070833029457e+00 5.913421374183142731e+00 5.217198898925202499e+00 4.603446089660939933e+00
3.056743097503744139e+03 3.270221476416931637e+03 3.497557220041961955e+03 3.739461820258929492e+03 3.996651477668522602e+03 4.269839780286227324e+03 4.559728035480421568e+03 4.866993930486210047e+03 5.192280292122267383e+03 5.536183979754814573e+03 5.899240139490341789e+03 6.281908959178987971e+03 6.684560003086099641e+03 7.107451580513514273e+03 7.550714467967844030e+03 8.014329648914077552e+03 8.498102701068639362e+03 9.001640122354177947e+03 9.524317945925266031e+03 1.006524973593625691e+04 1.062325253018801959e+04 1.119680969896870010e+04 1.178405680655503420e+04 1.238271838328733429e+04 1.299001276345118640e+04 1.360300248444088902e+04 1.421792319035149194e+04 1.482981648361273255e+04 1.543372988528755013e+04 1.602447329674162029e+04 1.659617644901591484e+04 1.714191007396150235e+04 1.765398729443354750e+04 1.812409763883953565e+04 1.854340757212715835e+04 1.890262037419015178e+04 1.919185587278739331e+04 1.940099732622941156e+04 1.952004316806727002e+04 1.953935862000525594e+04 1.945025980817182426e+04 1.924564726397066261e+04 1.892071586516742536e+04 1.847387546969790128e+04 1.790770964326418471e+04 1.722979072477747832e+04 1.645336329038451731e+04 1.559781852813220394e+04 1.468842581612489994e+04 1.375481439759707428e+04 1.282925108985436964e+04 1.194626432973763440e+04 1.113166201297820771e+04 1.040417142579888059e+04 9.787886680690280627e+03 9.267365168143631308e+03 8.810209603103596237e+03 8.382798078757052281e+03 7.940653218564674717e+03 7.427282688028560187e+03 6.806131365285242282e+03 6.096877641587446305e+03 5.369185447570171164e+03 4.705178389272614368e+03 4.175656615662890545e+03 3.809759877453766421e+03 3.557532425904318643e+03 3.313975348312227652e+03 2.997984820664003564e+03 2.617900185344886268e+03 2.259789297088185322e+03 2.009044520266438667e+03 1.841732726854085740e+03 1.670767131264962018e+03 1.460833231697821702e+03 1.273665334151729667e+03 1.142730988560505011e+03 1.023671129849546560e+03 8.974458532679991549e+02 7.945058258012935539e+02 7.079079066593152447e+02 6.245266039250190033e+02 5.543227523828415997e+02 4.916555512225259008e+02 4.361829620353968835e+02 3.876248703581132418e+02 3.446955252773450979e+02 3.069946185571665183e+02 2.738272175402079256e+02 2.446091475945193565e+02 2.189282901098642355e+02 1.963011228122745422e+02 1.763533587116107242e+02 1.587600361986325481e+02 1.432233767854381199e+02 1.294773655826114123e+02 1.172925116011252555e+02 1.064644029286432811e+02 9.681389269190454172e+01 8.818773693900131150e+01 8.044826131328608199e+01 7.347464887452319715e+01 6.716497409266482066e+01 6.143010346540446420e+01 5.619335173450557619e+01 5.139078120645633163e+01 4.696839106233912986e+01 4.288096885535094316e+01 3.909154205960806650e+01 3.557259129346297755e+01 3.230289279913143474e+01 2.926465649783722967e+01 2.644544062276735019e+01 2.383550742049530768e+01 2.142544764166984805e+01 1.920814648591201035e+01 1.717689622150883721e+01 1.532372766679722353e+01 1.364057025896629938e+01 1.211874688590367732e+01 1.074853318615376274e+01 9.519574138895320559e+00 8.421201998930960997e+00 7.442692174361681623e+00 6.573450289842795335e+00 5.803231270511219009e+00 5.122319718030658997e+00 4.521756376985340609e+00
3.003954284449383977e+03 3.213749790700807353e+03 3.437163778181628459e+03 3.674895384363827361e+03 3.927648015307525839e+03 4.196123139838542556e+03 4.481010183013223468e+03 4.782974710090588815e+03 5.102648092539840945e+03 5.440618484755809732e+03 5.797410798467149107e+03 6.173476491014860585e+03 6.569180332468964480e+03 6.984776352824607784e+03 7.420392733751840751e+03 7.876010380152821199e+03 8.351437951836711363e+03 8.846288935747439609e+03 9.359950367189348981e+03 9.891551846878111974e+03 1.043993224999830272e+04 1.100359720319899861e+04 1.158071444319499460e+04 1.216905319672579208e+04 1.276587808939077149e+04 1.336829984075158609e+04 1.397261936267153033e+04 1.457396662776258017e+04 1.516747285852668210e+04 1.574803917108246242e+04 1.630989763507524003e+04 1.684623293992105391e+04 1.734949336303244854e+04 1.781151681738271145e+04 1.822362099798281997e+04 1.857665832804995080e+04 1.886093201849160687e+04 1.906650212309922426e+04 1.918352419878963701e+04 1.920254303460226947e+04 1.911502022342794589e+04 1.891397427736635291e+04 1.859469393121287067e+04 1.815560617047049527e+04 1.759924781566253660e+04 1.693306495141741834e+04 1.617007055123523060e+04 1.532931569045482138e+04 1.443562979459578673e+04 1.351813062994626125e+04 1.260853160036754525e+04 1.174076518677593049e+04 1.094019756517548922e+04 1.022524488373222084e+04 9.619604368564943798e+03 9.108106592595384427e+03 8.658912659056035409e+03 8.238975988907748615e+03 7.804559219484853202e+03 7.300080434464752216e+03 6.689537347516846239e+03 5.992224035594619636e+03 5.276640310540028622e+03 4.623589665989652531e+03 4.102810816112862085e+03 3.743081264146075682e+03 3.495307301640716560e+03 3.256098796640566889e+03 2.945487542064195168e+03 2.571582163428212880e+03 2.219217869874105872e+03 1.972693845197354904e+03 1.808494423019532633e+03 1.640629360254433777e+03 1.434114767061045313e+03 1.249960193022819340e+03 1.121362536515744523e+03 1.004433233315787675e+03 8.802652748569914820e+02 7.790858394181747144e+02 6.940386206766512487e+02 6.120659972189562268e+02 5.431021573259748720e+02 4.815421245874633769e+02 4.270529793440689446e+02 3.793710736207568175e+02 3.372211096261464149e+02 3.002141985135091318e+02 2.676647880003482101e+02 2.389987796879959205e+02 2.138103621315314911e+02 1.916240482200326198e+02 1.720717003541251984e+02 1.548336076317584400e+02 1.396169826756715224e+02 1.261603462645777967e+02 1.142380623571648357e+02 1.036492863165413070e+02 9.421804766347059967e+01 8.579375505873051111e+01 7.824114273077948667e+01 7.144150203299706448e+01 6.529461900724155043e+01 5.971273903253017323e+01 5.462027855966238832e+01 4.995415540770690654e+01 4.566089785247363153e+01 4.169561556454329576e+01 3.802155853907413530e+01 3.461117167633062763e+01 3.144309917018586020e+01 2.849947735965682227e+01 2.576772463639427357e+01 2.323800453855032799e+01 2.090094712552261669e+01 1.874954682092114666e+01 1.677730047704364580e+01 1.497655840943028771e+01 1.333967273402202558e+01 1.185844910358565407e+01 1.052366953570860275e+01 9.325524031932483027e+00 8.253882005439942660e+00 7.298510955615118867e+00 6.449268159199190720e+00 5.696315513511397199e+00 5.030296895358833176e+00 4.442561323689140806e+00
2.952460273429564040e+03 3.158663842144340379e+03 3.378252261611264657e+03 3.611912781401395478e+03 3.860337353545703536e+03 4.124215235021772969e+03 4.404222797710011037e+03 4.701015199967878289e+03 5.015215005919088981e+03 5.347397102380632532e+03 5.698079419060602959e+03 6.067706374414241509e+03 6.456632374753307886e+03 6.865110932338993734e+03 7.293267630880698562e+03 7.741081879228991966e+03 8.208368815311361686e+03 8.694746848928316467e+03 9.199612819411271630e+03 9.722112381667127920e+03 1.026110368267821468e+04 1.081511920120439027e+04 1.138235864366754686e+04 1.196062798886982273e+04 1.254723743715102682e+04 1.313934946843217949e+04 1.373333003262181592e+04 1.432439037585788537e+04 1.490774426699613468e+04 1.547838205256908805e+04 1.603063582713374672e+04 1.655780443784801173e+04 1.705246759262073101e+04 1.750660077545607055e+04 1.791166855989112082e+04 1.825869072077644159e+04 1.853812515772914776e+04 1.874019959437313810e+04 1.885525212773272506e+04 1.887398016763821579e+04 1.878799181887147643e+04 1.859042803186556921e+04 1.827665405587074201e+04 1.784512736015475093e+04 1.729833805549596946e+04 1.664360016124951653e+04 1.589370708831393313e+04 1.506737736533935276e+04 1.418901146991697897e+04 1.328722909339867692e+04 1.239319924890462062e+04 1.154027729370243287e+04 1.075340113227288384e+04 1.005067962197515953e+04 9.455418977014125630e+03 8.952719567787946289e+03 8.511291612653199991e+03 8.098643635697128047e+03 7.671760811776296578e+03 7.175957648276885266e+03 6.575766646803477670e+03 5.890112694151393043e+03 5.186355809779447554e+03 4.544012078852837476e+03 4.031773099200889646e+03 3.678063337180839426e+03 3.434627686066672140e+03 3.199653226587853624e+03 2.894288244866989317e+03 2.526419919539182501e+03 2.179673602746984216e+03 1.937269699671399621e+03 1.776101483234859870e+03 1.611257900393855834e+03 1.408086721616333762e+03 1.226879518483660831e+03 1.100560907113186431e+03 9.857095701853088485e+02 8.635522980977283396e+02 7.640912677054539017e+02 6.805562258280840524e+02 5.999587023520858793e+02 5.322042836881590802e+02 4.717239354322784379e+02 4.181936893829755491e+02 3.713657389426869031e+02 3.299753965241042124e+02 2.936445398725805376e+02 2.616971084732195436e+02 2.335684894724825540e+02 2.088593455881100454e+02 1.871018790663635798e+02 1.679339780553308401e+02 1.510410801007523105e+02 1.361352628819805375e+02 1.229594559360955373e+02 1.112917755498475998e+02 1.009348516123507693e+02 9.171580947420812890e+01 8.348664670972348745e+01 7.611445220887966912e+01 6.948258176165892053e+01 6.349250184677851649e+01 5.805782566420582924e+01 5.310407223130572874e+01 4.856901991424932419e+01 4.439974514264174132e+01 4.055170426783681137e+01 3.698839125291360119e+01 3.368224221215626102e+01 3.061179393117732062e+01 2.775912418047502328e+01 2.511152138936387246e+01 2.265905247842733061e+01 2.039237916147685681e+01 1.830458908544130026e+01 1.638936155449344056e+01 1.463934017009549393e+01 1.304726781824204451e+01 1.160540008857251415e+01 1.030499551311219264e+01 9.136761558592095156e+00 8.091080484597288347e+00 7.158191365910973936e+00 6.328386490678375331e+00 5.592220931732161837e+00 4.940686039255408168e+00 4.365429496683723265e+00
2.902221685397911642e+03 3.104920306405030715e+03 3.320776254830258040e+03 3.550465327319992412e+03 3.794667587117876792e+03 4.054060290268756034e+03 4.329307794168637884e+03 4.621054428798524896e+03 4.929913174587312824e+03 5.256448993595629872e+03 5.601169847654902696e+03 5.964512269943968022e+03 6.346826065645782364e+03 6.748361341015084690e+03 7.169241475523511326e+03 7.609444747035842738e+03 8.068787445307079906e+03 8.546897539489194969e+03 9.043183687808157629e+03 9.556804673658118190e+03 1.008663714021146006e+04 1.063123897472414683e+04 1.118883950647662095e+04 1.175728118136785451e+04 1.233392622979528096e+04 1.291598281300379858e+04 1.349987491653624966e+04 1.408089836907821882e+04 1.465434868256455411e+04 1.521529889609147176e+04 1.575817760952542085e+04 1.627640365142542760e+04 1.676267811390767383e+04 1.720911200476160229e+04 1.760731868455794756e+04 1.794846712270985518e+04 1.822317847302008158e+04 1.842184800094384991e+04 1.853497640553542078e+04 1.855341721021864942e+04 1.846892541535026976e+04 1.827475929001499753e+04 1.796635560567813445e+04 1.754220183847279986e+04 1.700474637003057796e+04 1.636117509380333649e+04 1.562406087544407274e+04 1.481180219427399607e+04 1.394838298623907394e+04 1.306193427717130726e+04 1.218309367852270043e+04 1.134465514368719050e+04 1.057113638621267273e+04 9.880343562968246260e+03 9.295210525821787087e+03 8.801095395106867727e+03 8.367237799854305194e+03 7.961696408736738704e+03 7.542161418671061256e+03 7.054818552077676941e+03 6.464732801864497560e+03 5.790467290258248795e+03 5.098264448190991970e+03 4.466382809658974111e+03 3.962488413897837745e+03 3.614654751540519101e+03 3.375445868479730052e+03 3.144595876266398136e+03 2.844348415211838983e+03 2.482379219655446832e+03 2.141124810274732681e+03 1.902743434504128800e+03 1.744526499481349902e+03 1.582628828806908587e+03 1.382727043532331663e+03 1.204402273904652475e+03 1.080306846257617963e+03 9.674825888300587167e+02 8.472906419669703837e+02 7.495073784177706102e+02 6.674472065429863505e+02 5.881921264098004940e+02 5.216174295031039492e+02 4.621901690383894561e+02 4.095949689479871836e+02 3.635995857462863796e+02 3.229495506499150679e+02 2.872774281689061695e+02 2.559163118562364048e+02 2.283110199967270830e+02 2.040684055425111865e+02 1.827282016487206704e+02 1.639341803589749702e+02 1.473768122929091646e+02 1.327729188972201371e+02 1.198697235664903502e+02 1.084490005464065661e+02 9.831676347252830794e+01 8.930315200576464463e+01 8.126268834664411145e+01 7.406476234003282855e+01 6.759475080624535792e+01 6.175576962150501004e+01 5.646278840185379977e+01 5.164242885597375476e+01 4.723333378641034841e+01 4.318314397611305111e+01 3.944768364706320085e+01 3.599070959646266488e+01 3.278467443154924155e+01 2.980803131883434887e+01 2.704281428432501855e+01 2.447619266510242397e+01 2.209814046835122880e+01 1.989934501165691572e+01 1.787297260077861694e+01 1.601286419394285332e+01 1.431193188215219969e+01 1.276328002924376115e+01 1.135958400191346840e+01 1.009255062111156498e+01 8.953377199941449760e+00 7.932933854550634933e+00 7.021910294160353949e+00 6.211016542509636196e+00 5.491186580592627209e+00 4.853747329706252778e+00 4.290634851538047911e+00
2.853200241433372867e+03 3.052479266422685669e+03 3.264693314739874495e+03 3.490506788588793825e+03 3.730588755139857312e+03 3.985604020224620854e+03 4.256206805388927933e+03 4.543030921826090889e+03 4.846677868608397148e+03 5.167703234080755465e+03 5.506606787163505032e+03 5.863818408354913117e+03 6.239682357594268979e+03 6.634441864283537143e+03 7.048219470367284885e+03 7.480995996341680438e+03 7.932588923799014992e+03 8.402633311776493429e+03 8.890547157499804598e+03 9.395502148219045921e+03 9.916396438553310873e+03 1.045181271856245621e+04 1.100000931026138460e+04 1.155886412315274174e+04 1.212578362516536981e+04 1.269802554122968286e+04 1.327207487249518454e+04 1.384330372171222007e+04 1.440708910946820106e+04 1.495858809523080345e+04 1.549232146158710748e+04 1.600181735583474801e+04 1.647990509849163936e+04 1.691882970544807540e+04 1.731034093900307926e+04 1.764575396697494944e+04 1.791585482206965753e+04 1.811120356452637134e+04 1.822245523546044205e+04 1.824061568895031087e+04 1.815758084858247094e+04 1.796672482790642971e+04 1.766356063545397774e+04 1.724659796596972228e+04 1.671824726558528710e+04 1.608557361811638475e+04 1.536092600239186868e+04 1.456239518666948970e+04 1.371356053402161160e+04 1.284207349010802136e+04 1.197805487824352531e+04 1.115374877607693998e+04 1.039326310649894731e+04 9.714110942410825373e+03 9.138858211363796727e+03 8.653116598634425827e+03 8.226644654520381664e+03 7.828033024516413207e+03 7.415664742876252603e+03 6.936579879228687787e+03 6.356355719892576417e+03 5.693213310695397922e+03 5.012299704903153724e+03 4.390643678542113776e+03 3.894903556289501012e+03 3.552805671600093319e+03 3.317716575555871714e+03 3.090882750719215892e+03 2.795629046658104926e+03 2.439424520137505624e+03 2.103539704116709800e+03 1.869085722241737130e+03 1.713743870870971477e+03 1.554718550969100079e+03 1.358013294058681822e+03 1.182508290412546330e+03 1.060581960258012032e+03 9.497351758356685423e+02 8.314646828765988857e+02 7.353195337302757935e+02 6.546980564852439102e+02 5.767537701784157207e+02 5.113300702403036553e+02 4.529301344721002920e+02 4.012469655426773443e+02 3.560633033431508352e+02 3.161350041094158883e+02 2.811048823437988631e+02 2.503150165448475377e+02 2.232194383592814404e+02 1.994308172775243122e+02 1.784966855354261668e+02 1.600664501584870720e+02 1.438353575868543146e+02 1.295248376937331045e+02 1.168863353468397008e+02 1.057052174745038684e+02 9.579079620626397684e+01 8.697613867506666452e+01 7.911822408011407504e+01 7.208869190873431876e+01 6.577490111477162316e+01 6.008158830289756480e+01 5.492506355591423528e+01 5.023304413584418171e+01 4.594503593283009479e+01 4.200925877246707074e+01 3.838192630747499834e+01 3.502707730064479819e+01 3.191720564332553423e+01 2.903070412882890494e+01 2.634957783292453826e+01 2.386088742555682174e+01 2.155451752526137810e+01 1.942117572710294482e+01 1.745409382522543851e+01 1.564725545464670553e+01 1.399381843297976680e+01 1.248722126366098628e+01 1.112053077740007012e+01 9.885875646762844582e+00 8.774917261977616789e+00 7.778990284716009285e+00 6.889215537261390132e+00 6.096705431504347850e+00 5.392760341633764831e+00 4.769031969840400009e+00 4.217735958170354849e+00
2.805359284076004315e+03 3.001300639624366340e+03 3.209960732731817188e+03 3.431992511376391121e+03 3.668053228261266668e+03 3.918797266568304167e+03 4.184867407922095481e+03 4.466886545500400644e+03 4.765446643866750492e+03 5.081094396002179565e+03 5.414321058516403355e+03 5.765549387404032132e+03 6.135118210118411298e+03 6.523265298299685128e+03 6.930111595605207185e+03 7.355639600878793317e+03 7.799669403671266991e+03 8.261840022207275979e+03 8.741580992376317226e+03 9.238080787551509275e+03 9.750252224334242783e+03 1.027670281122316919e+04 1.081572165766394210e+04 1.136522156446528606e+04 1.192265253544905681e+04 1.248531672534223253e+04 1.304975793534338482e+04 1.361142854586535577e+04 1.416578194387271651e+04 1.470805605061976348e+04 1.523286423223383645e+04 1.573384294958089595e+04 1.620394078375995196e+04 1.663553132056478717e+04 1.702050426244662958e+04 1.735032783859874326e+04 1.761593348798577790e+04 1.780803406272826396e+04 1.791744872990677686e+04 1.793533686100184059e+04 1.785372525228504310e+04 1.766609743143026935e+04 1.736804784662888778e+04 1.695810600551706375e+04 1.643863836563104269e+04 1.581659289248338246e+04 1.510411328023836722e+04 1.431897851460580932e+04 1.348437180243050898e+04 1.262748541853725146e+04 1.177793058152979575e+04 1.096741526755891573e+04 1.021964960696553862e+04 9.551859714227268341e+03 8.986248667061086962e+03 8.508676001596253627e+03 8.089408073084293392e+03 7.697557333360005032e+03 7.292180044057037776e+03 6.821151110934509234e+03 6.250559438972536555e+03 5.598278457712393902e+03 4.928399283750085488e+03 4.316736807077209050e+03 3.828966046344259667e+03 3.492470622462877145e+03 3.261396450746637584e+03 3.038476266475876400e+03 2.748095442726325473e+03 2.397524743418397520e+03 2.066890670141286591e+03 1.836272141253465179e+03 1.683730043250751123e+03 1.527505332484246082e+03 1.333926575778767756e+03 1.161180155482369400e+03 1.041370049765406975e+03 9.324527471671801777e+02 8.160607836802250858e+02 7.215154177871669390e+02 6.422973715083066963e+02 5.656331379748187373e+02 5.013324738721142353e+02 4.439347703568282668e+02 3.931412076638289932e+02 3.487492247286668317e+02 3.095244459422176533e+02 2.751200237646596634e+02 2.448867089087376598e+02 2.182875397294863262e+02 1.949412180761670754e+02 1.744023088141438507e+02 1.563258510923892288e+02 1.404119403924811138e+02 1.263865219931291932e+02 1.140051038995390655e+02 1.030565227995544149e+02 9.335329969346857126e+01 8.473136176350627125e+01 7.705009070554652340e+01 7.018332428294635861e+01 6.402035872130035443e+01 5.846751860089256070e+01 5.344243958379625781e+01 4.887393038674700563e+01 4.470236009397068955e+01 4.087653972290502224e+01 3.735308974410747851e+01 3.409634669965320342e+01 3.107886783715574808e+01 2.827900686036980105e+01 2.567875369324904256e+01 2.326507152164275993e+01 2.102776075037648695e+01 1.895754559252761950e+01 1.704771223719380657e+01 1.529237008050337643e+01 1.368490156504878463e+01 1.221905350950675029e+01 1.088825711645126226e+01 9.685037297699173209e+00 8.601494327265646334e+00 7.629404471523040243e+00 6.760300280516209348e+00 5.985680522263965742e+00 5.297198659811149568e+00 4.686819955811564853e+00 4.147029662259624772e+00
2.758663040377121888e+03 2.951346968877399831e+03 3.156538327218381710e+03 3.374878585674365240e+03 3.607013656543012530e+03 3.853588167421542494e+03 4.115234205405843568e+03 4.392564099322218681e+03 4.686159758759539727e+03 4.996557730315405934e+03 5.324243198010911328e+03 5.669631981568137235e+03 6.033053986559753866e+03 6.414747844063861521e+03 6.814830546587139906e+03 7.233281662778888858e+03 7.669929423618566034e+03 8.124417132775551181e+03 8.596182564983922930e+03 9.084429041832108851e+03 9.588087713786877430e+03 1.010578747213251700e+04 1.063584613128756791e+04 1.117621348269985538e+04 1.172438014553113499e+04 1.227769498177502101e+04 1.283276051828699019e+04 1.338510165849553050e+04 1.393024703231902822e+04 1.446351615639701049e+04 1.497961280005512526e+04 1.547227555570821096e+04 1.593457403513040481e+04 1.635900984434565726e+04 1.673760411175803165e+04 1.706196531786695778e+04 1.732317624933889965e+04 1.751210765803051254e+04 1.761973398295851803e+04 1.763735472901282992e+04 1.755713201427778040e+04 1.737265779695475430e+04 1.707959136600068086e+04 1.667650006006828335e+04 1.616570695712236738e+04 1.555403333566674519e+04 1.485342659495438602e+04 1.408136809195970091e+04 1.326065117773353631e+04 1.241801376844863626e+04 1.158257566587184374e+04 1.078552083103398400e+04 1.005016981888020564e+04 9.393469882079521994e+03 8.837268745247274637e+03 8.367668416815731689e+03 7.955430946930812752e+03 7.570174730901155272e+03 7.171617984220702056e+03 6.708452252330755073e+03 6.147264554813349605e+03 5.505596749575071044e+03 4.846499746187444543e+03 4.244607654525553698e+03 3.764626852154612607e+03 3.433602294167292712e+03 3.206442180665978867e+03 2.987335822646754423e+03 2.701710615772515212e+03 2.356647224902087146e+03 2.031147224225248010e+03 1.804274477946112711e+03 1.654460218692672242e+03 1.500966714926543091e+03 1.310445845539427637e+03 1.140398280563540993e+03 1.022653491650258843e+03 9.156190589044941817e+02 8.010641377930140834e+02 7.080810620360762186e+02 6.302324122369763018e+02 5.548185001881574863e+02 4.916136929102165709e+02 4.351940246649202209e+02 3.852684483597823828e+02 3.416484747230453536e+02 3.031097770017458970e+02 2.693153017364235211e+02 2.396243780782197632e+02 2.135087958012353226e+02 1.905933092844684609e+02 1.704391545658363043e+02 1.527069190551979716e+02 1.371014861873774748e+02 1.233532112659588194e+02 1.112215487431230230e+02 1.004987107187987903e+02 9.100034338032914150e+01 8.256516192737291249e+01 7.505489300320385837e+01 6.834552217227351889e+01 6.232824052284244232e+01 5.691092912444919705e+01 5.201253167191297422e+01 4.756294000033130231e+01 4.350338327501779645e+01 3.978327386019351763e+01 3.635965523513879560e+01 3.319717675866645834e+01 3.026848100900549099e+01 2.755190427744049231e+01 2.502943563693269269e+01 2.268795127827149471e+01 2.051717178967943411e+01 1.850783458645090107e+01 1.665327050239536888e+01 1.494769970723384844e+01 1.338471017547234965e+01 1.195833283464472352e+01 1.066233759554715732e+01 9.489621487929932542e+00 8.432700150522913773e+00 7.483770100545855897e+00 6.634757565303547544e+00 5.877533097661060246e+00 5.204091214883731276e+00 4.606700464677035534e+00 4.078107580416752143e+00
2.713077815037137952e+03 2.902581319870453626e+03 3.104385911818573277e+03 3.319122479203235343e+03 3.547425770476846537e+03 3.789930250877835078e+03 4.047257033188388959e+03 4.320008369858053811e+03 4.608757586173294840e+03 4.914032559271742684e+03 5.236308917664579894e+03 5.575995606631478950e+03 5.933419092234388700e+03 6.308810738483499335e+03 6.702288236873021560e+03 7.113834247941291324e+03 7.543274414980604888e+03 7.990260715727677962e+03 8.454240993668498049e+03 8.934429241660805928e+03 9.429775521159539494e+03 9.938933057761032615e+03 1.046024704497929088e+04 1.099169934183246733e+04 1.153082328138809680e+04 1.207501051049345369e+04 1.262091970607331859e+04 1.316415304219834616e+04 1.370031245537748509e+04 1.422479101677256585e+04 1.473238014419009778e+04 1.521692973126140896e+04 1.567161603135343285e+04 1.608906180400658377e+04 1.646142574443672856e+04 1.678045503679169997e+04 1.703737892283462133e+04 1.722321808559824785e+04 1.732909533025246128e+04 1.734645350643487109e+04 1.726758180546168296e+04 1.708618036391579517e+04 1.679798685583555925e+04 1.640158141844979036e+04 1.589924742818132290e+04 1.529769918776438135e+04 1.460868526335908973e+04 1.384939231942852166e+04 1.304223203292931976e+04 1.221350066750168116e+04 1.139184389876058231e+04 1.060793194655864863e+04 9.884701806878070784e+03 9.238827870497922049e+03 8.691810435259600126e+03 8.229991043334350252e+03 7.824613371399624157e+03 7.445792311690635870e+03 7.053893026069255939e+03 6.598401479962231861e+03 6.046397752676442906e+03 5.415101737698097168e+03 4.766542658504142310e+03 4.174202394061491759e+03 3.701836378039936790e+03 3.376156451278991881e+03 3.152813377174451944e+03 2.937424226321249080e+03 2.656441412251802831e+03 2.316761974078951880e+03 1.996283499498995070e+03 1.773068781673329340e+03 1.625912277981515899e+03 1.475082267848314359e+03 1.287552405780529398e+03 1.120145636246458707e+03 1.004416668176703638e+03 8.992198155063199465e+02 7.864612831309930243e+02 6.950043367231821776e+02 6.184920927372924098e+02 5.442994553438610410e+02 4.821641927811668324e+02 4.266989451912001527e+02 3.776202883557173777e+02 3.347534636139326949e+02 2.968838293266721848e+02 2.636840295872673323e+02 2.345217994519907165e+02 2.088774949385735908e+02 1.863813559501755606e+02 1.666018182493528172e+02 1.492047403606939042e+02 1.338994808686653357e+02 1.204206726350998338e+02 1.085316718594067567e+02 9.802802051130149152e+01 8.872841487790111614e+01 8.047427628433041491e+01 7.312961188350294606e+01 6.657250260192590474e+01 6.069599240650734373e+01 5.540948772674902045e+01 5.063322362753507377e+01 4.629816758039793001e+01 4.234640587956892688e+01 3.872796094633126529e+01 3.540031334342366165e+01 3.232843838858131846e+01 2.948508323944326648e+01 2.684858582877926381e+01 2.440094722583349451e+01 2.212896800116913454e+01 2.002229531751072145e+01 1.807167818353115152e+01 1.627048386285683179e+01 1.461302964563025775e+01 1.309309118109456094e+01 1.170496085060151259e+01 1.044272306567795283e+01 9.299623863890555953e+00 8.268571334123281602e+00 7.342161234722044405e+00 6.512695595481299726e+00 5.772401880244504291e+00 5.113603252787347841e+00 4.528861082020114281e+00 4.011174750213784002e+00
2.668569448120732886e+03 2.854967625918087833e+03 3.053465906053970684e+03 3.264684236960550606e+03 3.489246241038243625e+03 3.727776948510047532e+03 3.980887166429067292e+03 4.249168629913306177e+03 4.533185144804923766e+03 4.833457070017556362e+03 5.150451988541002720e+03 5.484572169684089204e+03 5.836139634927525549e+03 6.205379748286827635e+03 6.592407577803493041e+03 6.997207868078462525e+03 7.419611636619398269e+03 7.859275162965686832e+03 8.315654088552701069e+03 8.787975467209220369e+03 9.275206710014634155e+03 9.776022963272705965e+03 1.028879697133467926e+04 1.081154460971481785e+04 1.134183955744886589e+04 1.187711655094326488e+04 1.241408838566437953e+04 1.294842742758238091e+04 1.347580929015852962e+04 1.399170508743608843e+04 1.449099074795916204e+04 1.496761184780437361e+04 1.541486335739983770e+04 1.582549084521684563e+04 1.619177539646310288e+04 1.650559706495118007e+04 1.675833318157682879e+04 1.694115193987877865e+04 1.704531659869823488e+04 1.706241434361326537e+04 1.698486522384965065e+04 1.680646984024386256e+04 1.652302752315792532e+04 1.613314906829018037e+04 1.563908084268663697e+04 1.504741945043541455e+04 1.436971564240876069e+04 1.362287949174211280e+04 1.282895644384836669e+04 1.201380733137145580e+04 1.120560667365560766e+04 1.043452420242323387e+04 9.723125250832707025e+03 9.087819211001971780e+03 8.549771086235559778e+03 8.095547406913527084e+03 7.696864959947899479e+03 7.324325473021734979e+03 6.938921108844216178e+03 6.490923348128263569e+03 5.947890405874723911e+03 5.326726093676490564e+03 4.688470942118628045e+03 4.105469449726942912e+03 3.640549447137475454e+03 3.320089690995974706e+03 3.100470430221902916e+03 2.888704896466331775e+03 2.612254535899550319e+03 2.277838671195234383e+03 1.962271433037381712e+03 1.742629885775795628e+03 1.598063716255192503e+03 1.449831846146442103e+03 1.265228010453352226e+03 1.100405420306939959e+03 9.866439339822089778e+02 8.832406379184375282e+02 7.722392688167830102e+02 6.822731586696046406e+02 6.070651602717360902e+02 5.340657609953195788e+02 4.729746002890227032e+02 4.184409292556417199e+02 3.701887356414310375e+02 3.280566714861836886e+02 2.908396193981075157e+02 2.582197466075774059e+02 2.295728820443027303e+02 2.043877914374839975e+02 1.823003291668755992e+02 1.628856146347453659e+02 1.458147243165968234e+02 1.308014918331417107e+02 1.175847370013384676e+02 1.059315945587063936e+02 9.564083816522438042e+01 8.653413360438919710e+01 7.845554216155922234e+01 7.127129823250838569e+01 6.486153008468505732e+01 5.912109338002386494e+01 5.396088876162020398e+01 4.930242266349273450e+01 4.507772616067698124e+01 4.122973637192229290e+01 3.770909321757173416e+01 3.447372820532673643e+01 3.148895549013526463e+01 2.872764518550018309e+01 2.616815501266238542e+01 2.379251046275775749e+01 2.158744752784882692e+01 1.954254635455227529e+01 1.764856649201090377e+01 1.589890402505982969e+01 1.428796053582184911e+01 1.280968273071104235e+01 1.145860353034716006e+01 1.022909949394320428e+01 9.114744220287844811e+00 8.108816806520984244e+00 7.204292488086630364e+00 6.393832245427329752e+00 5.670006509871409861e+00 5.025455449269170316e+00 4.453023392922651702e+00 3.945954580406539680e+00
2.625106709132298874e+03 2.808473090023098393e+03 3.003742200398733530e+03 3.211524522113315925e+03 3.432433946802479113e+03 3.667082758201882370e+03 3.916074389829800566e+03 4.179991677888060622e+03 4.459386801334752818e+03 4.754773564705185890e+03 5.066611817165262437e+03 5.395295787134917191e+03 5.741142061756539078e+03 6.104375465236231321e+03 6.485108204222026870e+03 6.883322974239523319e+03 7.298855139354419407e+03 7.731366102119442985e+03 8.180320786410404253e+03 8.644959766756115641e+03 9.124265958990170475e+03 9.616937750499246249e+03 1.012137411976341537e+04 1.063562077843664520e+04 1.115729405183104791e+04 1.168386987874817351e+04 1.221211272899686082e+04 1.273776634203214780e+04 1.325657865072472669e+04 1.376409310392214684e+04 1.425526815255961446e+04 1.472415171818015733e+04 1.516414372128594550e+04 1.556810640748733022e+04 1.592844983427718762e+04 1.623718708850682742e+04 1.648583527057440369e+04 1.666570473752209000e+04 1.676819987594586200e+04 1.678504683441424640e+04 1.670878625128386921e+04 1.653331876723405367e+04 1.625451685165552590e+04 1.587101050193159790e+04 1.538500653070234148e+04 1.480299484209863294e+04 1.413634034554454411e+04 1.340167244080962701e+04 1.262067423538576986e+04 1.181878618541374453e+04 1.102372484223440006e+04 1.026517020606046572e+04 9.565326025960512197e+03 8.940343920310346221e+03 8.411051836720500432e+03 7.964243032244212372e+03 7.572096775585476280e+03 7.205687314085561411e+03 6.826623072743916964e+03 6.385941986215773795e+03 5.851671108030966025e+03 5.240410744166772929e+03 4.612227635451219612e+03 4.038359432254065723e+03 3.580719417889558827e+03 3.265361242349197710e+03 3.049373960375682145e+03 2.841142324263253158e+03 2.569117389195239411e+03 2.239848368275615030e+03 1.929085989729645917e+03 1.712935244907642073e+03 1.570892878946986684e+03 1.425195503715839550e+03 1.243454291226671103e+03 1.081160476660239283e+03 9.693199452912745073e+02 8.676677401349506908e+02 7.583853283350607626e+02 6.698758866804821537e+02 5.959409488482609731e+02 5.241074702072700120e+02 4.640356597054659460e+02 4.104114596746271673e+02 3.629659190875975128e+02 3.215509131725251564e+02 2.849704330680993394e+02 2.529161187939074580e+02 2.247717691511319344e+02 2.000342484726299404e+02 1.783450664754737147e+02 1.592856911424827331e+02 1.425323430274462737e+02 1.278032831315184268e+02 1.148414249863892849e+02 1.034175756784954388e+02 9.333365420040667004e+01 8.441421949097360766e+01 7.650590708268271101e+01 6.947712535246593291e+01 6.320999959431638615e+01 5.760115296275805008e+01 5.256294731446772062e+01 4.801814209886990881e+01 4.389982283889397507e+01 4.015177264640610133e+01 3.672525385652262031e+01 3.357865867761741896e+01 3.067764999335938825e+01 2.799523840787122353e+01 2.550981988636282338e+01 2.320345706993346369e+01 2.106283188637263848e+01 1.907746327513087792e+01 1.723812042548414070e+01 1.553822249026766578e+01 1.397224496657207915e+01 1.253429096699027134e+01 1.121911440465976284e+01 1.002136258928078050e+01 8.934915966493193196e+00 7.953403717649208282e+00 7.070161163439323104e+00 6.278191683633251863e+00 5.570395034186461203e+00 4.939717025661799710e+00 4.379275267428706542e+00 3.882550627595386494e+00
2.582657967148414627e+03 2.763063042337102615e+03 2.955178881835918673e+03 3.159605446365792886e+03 3.376946470009710083e+03 3.607805674360260127e+03 3.852775792453908707e+03 4.112429883932732992e+03 4.387312122392667334e+03 4.677927268499438469e+03 4.984727697001957495e+03 5.308102464717324438e+03 5.648364037921251111e+03 6.005730386437514426e+03 6.380312849219996679e+03 6.772096592233553565e+03 7.180917512752398579e+03 7.606442968320685395e+03 8.048147151950567604e+03 8.505282896075659664e+03 8.976849827614576498e+03 9.461566148599464213e+03 9.957857220989151756e+03 1.046380240282006343e+04 1.097705458981853735e+04 1.149513101898197965e+04 1.201484965885203383e+04 1.253202221583032951e+04 1.304246416473956742e+04 1.354179142259658147e+04 1.402504481819457214e+04 1.448636790124831532e+04 1.491926753953213665e+04 1.531672390793507293e+04 1.567127024786389120e+04 1.597504082663389272e+04 1.621969080654581921e+04 1.639667649152891681e+04 1.649754348821564781e+04 1.651414527004021875e+04 1.643914192611350518e+04 1.626653462102998128e+04 1.599226299691542044e+04 1.561498020168208313e+04 1.513685333697538408e+04 1.456426499973276077e+04 1.390840147849345340e+04 1.318561611013228685e+04 1.241723896556783984e+04 1.162830208894598036e+04 1.084607165035939033e+04 1.009975367097409980e+04 9.411196345419648424e+03 8.796292481088705244e+03 8.275551652096926773e+03 7.835985115490604585e+03 7.450219572408156637e+03 7.089794215036346941e+03 6.716921212043940614e+03 6.283384831931332883e+03 5.757676633900001434e+03 5.156095342831848029e+03 4.537759912930408973e+03 3.972824398471398581e+03 3.522303255014961906e+03 3.211930303426102910e+03 2.999487874837205709e+03 2.794702723400283503e+03 2.527000182282848527e+03 2.202764617246043599e+03 1.896701935895758425e+03 1.683961886918064010e+03 1.544379771246211249e+03 1.401155373472574865e+03 1.222214814434255459e+03 1.062395943555491385e+03 9.524309439554067467e+02 8.524884482926573810e+02 7.448875258183412598e+02 6.578015700152534464e+02 5.851095322186230305e+02 5.144154915634010194e+02 4.553389508366938117e+02 4.026026295419188159e+02 3.559446402123917323e+02 3.152292754236375458e+02 2.792699378193797770e+02 2.477672573201284081e+02 2.201128959164191770e+02 1.958117565122250596e+02 1.745106005924253054e+02 1.557973920645791281e+02 1.393533223486727763e+02 1.249009055331532210e+02 1.121870425271362421e+02 1.009861434096619206e+02 9.110321132351607787e+01 8.236562712327642544e+01 7.462253079119648191e+01 6.774444904267964773e+01 6.161545679039855372e+01 5.613390529793210248e+01 5.121358750545613248e+01 4.677849510996497884e+01 4.276275432887411654e+01 3.911098610111535834e+01 3.577507933902899140e+01 3.271389714492401879e+01 2.989346109125424178e+01 2.728693829469490595e+01 2.487277949157450507e+01 2.263309607030246795e+01 2.055452626957690399e+01 1.862653416821224184e+01 1.683989852693017397e+01 1.518805655739070914e+01 1.366554812810896458e+01 1.226661922715073416e+01 1.098622678970352062e+01 9.819269128947821557e+00 8.759914214876060257e+00 7.802121336604972868e+00 6.939567202281628155e+00 6.165581671868705982e+00 5.473380804460990845e+00 4.856205251551638291e+00 4.307436726168778485e+00 3.820785403674596736e+00
2.541194746942194342e+03 2.718706747799662480e+03 2.907741582712804302e+03 3.108890315899766392e+03 3.322747099779069686e+03 3.549904362875457537e+03 3.790945193852022840e+03 4.046434562046961219e+03 4.316908792986723711e+03 4.602863198137205472e+03 4.904742867017693243e+03 5.222931415881977046e+03 5.557736626010681903e+03 5.909372341236575267e+03 6.277948194987443458e+03 6.663449763948752661e+03 7.065714939014208539e+03 7.484417261516169674e+03 7.919038886589879439e+03 8.368844118536540918e+03 8.832851586585948098e+03 9.309798675137069949e+03 9.798134573749885021e+03 1.029597009034223993e+04 1.080099505366293488e+04 1.131076825979329806e+04 1.182216015096016235e+04 1.233104822595705627e+04 1.283331438013270053e+04 1.332464583748626319e+04 1.380016328372931639e+04 1.425410181429542536e+04 1.468007396345794405e+04 1.507117305586592556e+04 1.542005092386550677e+04 1.571896884375755508e+04 1.595971911287831426e+04 1.613389167781434480e+04 1.623316037892331769e+04 1.624951791471601427e+04 1.617574410440731845e+04 1.600593373229148165e+04 1.573608941699476418e+04 1.536487872784115280e+04 1.489444168932163120e+04 1.433106418099467191e+04 1.368573732523528633e+04 1.297455578895202962e+04 1.221850848507644332e+04 1.144222105473291776e+04 1.067252443480253169e+04 9.938158652050362434e+03 9.260625269089439826e+03 8.655568896908356692e+03 8.143180121929964116e+03 7.710684681739994630e+03 7.331150051582963897e+03 6.976567744094736554e+03 6.609739195409167223e+03 6.183181583501315799e+03 5.665839025178524025e+03 5.073721060679953553e+03 4.465017028648207088e+03 3.908816334509098851e+03 3.465260159293193738e+03 3.159758786679482455e+03 2.950775302591782292e+03 2.749352269167706254e+03 2.485872314974603796e+03 2.166559405718388462e+03 1.865095412927412781e+03 1.655688275484957558e+03 1.518504305335125991e+03 1.377692886722922140e+03 1.201492508065306765e+03 1.044096187239564642e+03 9.359628633997825773e+02 8.376896919643495494e+02 7.317341828863862929e+02 6.460394038652341351e+02 5.745609085053058607e+02 5.049805888978834787e+02 4.468759569740098527e+02 3.950067275869645869e+02 3.491175563876490173e+02 3.090851103861854199e+02 2.737319098660115628e+02 2.427674254373915517e+02 2.155909941720698555e+02 1.917152908144517767e+02 1.707923125590723714e+02 1.524163994812056444e+02 1.362735771228799422e+02 1.220904975122984553e+02 1.096179563236552355e+02 9.863388998088510107e+01 8.894631957211728945e+01 8.038537597993007466e+01 7.280263526218674031e+01 6.607068798901590867e+01 6.007551233701865101e+01 5.471714914710152300e+01 4.991079281732170614e+01 4.558164652422775731e+01 4.166486308232806834e+01 3.810589248750999758e+01 3.485725252479531378e+01 3.187828509445433056e+01 2.913537860724670736e+01 2.660187108524334931e+01 2.425628331921254244e+01 2.208078647232454728e+01 2.006198644404803488e+01 1.818930047859532095e+01 1.645351825048648209e+01 1.484809043559513775e+01 1.336761182127282943e+01 1.200645818551371669e+01 1.075977257382676910e+01 9.622685799771135251e+00 8.589635127739111198e+00 7.654891228148228421e+00 6.812454627542662067e+00 6.055966506901167890e+00 5.378946475580357323e+00 4.774919280779757358e+00 4.237521609125537658e+00 3.760685433500274844e+00
2.500686735590235912e+03 2.675373067321944291e+03 2.861398414276354288e+03 3.059344397400142952e+03 3.269796231340444137e+03 3.493337406806620947e+03 3.730540267947711527e+03 3.981960663679571553e+03 4.248127988614267451e+03 4.529529219060570540e+03 4.826602509039938013e+03 5.139724670965514633e+03 5.469197361029681815e+03 5.815235097880280591e+03 6.177943445768755737e+03 6.557305148160200588e+03 6.953165740304166320e+03 7.365203357174545090e+03 7.792906736295319206e+03 8.235551473789908414e+03 8.692172011104194098e+03 9.161527677951469741e+03 9.642092090337251648e+03 1.013200413313170429e+04 1.062899333880810991e+04 1.113065783438545077e+04 1.163391514332371662e+04 1.213470592986072552e+04 1.262898306112070895e+04 1.311250243458202203e+04 1.358045979845327747e+04 1.402718506893985978e+04 1.444639317199957804e+04 1.483128255812510361e+04 1.517461947572135432e+04 1.546879942714429671e+04 1.570573803629895701e+04 1.587715646883099907e+04 1.597486973356618000e+04 1.599098920072310830e+04 1.591841289268041692e+04 1.575133180631298274e+04 1.548580446365185526e+04 1.512053311053625657e+04 1.465761629271106904e+04 1.410322746024111257e+04 1.346819385049466655e+04 1.276834875533773993e+04 1.202434360462185759e+04 1.126041459724912056e+04 1.050296492183010014e+04 9.780276819528686246e+03 9.113511936052173041e+03 8.518073187368237996e+03 8.013844038525154247e+03 7.588257089112374160e+03 7.214808386304740452e+03 6.865932412534954892e+03 6.505006315504519080e+03 6.085266116994235745e+03 5.576097579689960185e+03 4.993230697597730796e+03 4.393945512082832465e+03 3.846291604191826536e+03 3.409547272495442030e+03 3.108808925267396717e+03 2.903201915484699384e+03 2.705059042198965017e+03 2.445704042470834793e+03 2.131206822511993323e+03 1.834242465163152247e+03 1.628091950129702354e+03 1.493246326455016515e+03 1.354789516291704103e+03 1.181270884369372425e+03 1.026246258796418260e+03 9.199015430198990089e+02 8.232588673716327321e+02 7.189135953017782867e+02 6.345787190279878587e+02 5.642853104642369999e+02 4.957937732477070085e+02 4.386383456808664505e+02 3.876159925275085243e+02 3.424776134835941548e+02 3.031118276093756663e+02 2.683502577096224968e+02 2.379109208826179156e+02 2.112006473445202914e+02 1.877398817496325876e+02 1.671856187149143693e+02 1.491384176430676973e+02 1.332890572568049947e+02 1.193682562205631115e+02 1.071306140035193266e+02 9.635750066313862305e+01 8.685987941607622531e+01 7.847056460311013382e+01 7.104351106150492967e+01 6.445332590190857047e+01 5.858784290132108907e+01 5.334874909226404327e+01 4.865260751143024009e+01 4.442581253318302004e+01 4.060453146142497616e+01 3.713503570391417696e+01 3.397047312424223264e+01 3.107067030123354101e+01 2.840238909097172737e+01 2.593915218707806503e+01 2.365956562478557501e+01 2.154587124784296392e+01 1.958465247816189247e+01 1.776528608132030129e+01 1.607857341587387978e+01 1.451797546923737237e+01 1.307813478291844511e+01 1.175354582814601656e+01 1.053952237585296281e+01 9.431410435828418315e+00 8.423899332954507102e+00 7.511552984362801055e+00 6.688678563485589201e+00 5.949213821151137616e+00 5.286969614911375182e+00 4.695744482862608038e+00 4.169421364487568837e+00 3.702147123140395291e+00
2.461106860747962855e+03 2.633031953741648522e+03 2.816117184312116933e+03 3.010934155499438020e+03 3.218058380040472912e+03 3.438065210772826958e+03 3.671518643559617885e+03 3.918964556780907969e+03 4.180922636594696996e+03 4.457875325718024214e+03 4.750252874066305594e+03 5.058424576797047848e+03 5.382688465151230048e+03 5.723254940788045133e+03 6.080228641642316688e+03 6.453593589009214156e+03 6.843196583081209610e+03 7.248720044145896281e+03 7.669662520509813476e+03 8.105312663447692103e+03 8.554716668501469030e+03 9.016653202826364577e+03 9.489623003440077810e+03 9.971796232819038778e+03 1.046093208977453833e+04 1.095466895420056062e+04 1.144997803548623961e+04 1.194286286794177613e+04 1.242933484926990241e+04 1.290521809556034168e+04 1.336578911551755664e+04 1.380546735075201650e+04 1.421806257595125498e+04 1.459688101602946153e+04 1.493480736541432452e+04 1.522435610425679442e+04 1.545756832621913600e+04 1.562629674046592299e+04 1.572248853658932239e+04 1.573837745955701394e+04 1.566697159690891385e+04 1.550255509002200051e+04 1.524125179982152986e+04 1.488177824765591504e+04 1.442620158445681045e+04 1.388060004094204669e+04 1.325562136218352862e+04 1.256685166418411063e+04 1.183461530120802126e+04 1.108276048278201233e+04 1.033727475998280534e+04 9.625996295883342100e+03 8.969755754480747783e+03 8.383717550948151256e+03 7.887459001386836462e+03 7.468619194395166232e+03 7.101114658507793138e+03 6.757812696445022084e+03 6.402652485760388117e+03 5.989571457413584540e+03 5.488394619646262072e+03 4.914573355199836442e+03 4.324501453124272302e+03 3.785208848462288643e+03 3.355127962009806197e+03 3.059046112390359212e+03 2.856736039093559612e+03 2.661795208291891868e+03 2.406471004243560856e+03 2.096684568242233581e+03 1.804123834836001379e+03 1.601156379376448285e+03 1.468590507190557446e+03 1.332431758292047789e+03 1.161537622173367254e+03 1.008834403386898543e+03 9.042369031744314043e+02 8.091867062261942465e+02 7.064170884244489343e+02 6.234115814228119916e+02 5.542755668077113569e+02 4.868482946712813941e+02 4.306201353123307172e+02 3.804247957338622541e+02 3.360196777477918317e+02 2.973046865245568142e+02 2.631205218260574838e+02 2.331935954265901216e+02 2.069380988887395176e+02 1.838819013947230019e+02 1.636871934195757774e+02 1.459603267514483775e+02 1.303967881666247592e+02 1.167313506139138042e+02 1.047223385817041361e+02 9.415445407952272205e+01 8.484152045643705264e+01 7.661896689212244382e+01 6.934306977193989496e+01 6.289040595876017647e+01 5.715062090789926685e+01 5.202700908154695014e+01 4.743747201837415872e+01 4.330957259122997982e+01 3.958047597919507155e+01 3.619726407747461394e+01 3.311371523135990458e+01 3.029014690924012498e+01 2.769370099868564239e+01 2.529809724935033088e+01 2.308204035932942944e+01 2.102785261149045581e+01 1.912210443606459620e+01 1.735413864810469775e+01 1.571476955650299168e+01 1.419746639149152045e+01 1.279691360120262011e+01 1.150771439840798394e+01 1.032533837058996617e+01 9.245329649500027003e+00 8.262612853368995758e+00 7.372028330830873166e+00 6.568174193821706197e+00 5.845270971453976117e+00 5.197408595958968647e+00 4.618648900932343260e+00 4.103112287663731372e+00 3.645153752822822835e+00
2.422428455946223949e+03 2.591655034615430395e+03 2.771866370921180987e+03 2.963625429949946920e+03 3.167498837698932221e+03 3.384051870314823191e+03 3.613840404266483347e+03 3.857402153876998455e+03 4.115247920683328630e+03 4.387852465560604287e+03 4.675640079428635545e+03 4.978974545496168503e+03 5.298148280952679670e+03 5.633368203425624415e+03 5.984738590774003569e+03 6.352243883600844129e+03 6.735730734597461378e+03 7.134889293970811195e+03 7.549225401809737377e+03 7.978036444140403546e+03 8.420387826833348299e+03 8.875076645405588351e+03 9.340625171989680894e+03 9.815232775226895683e+03 1.029669611059725685e+04 1.078268858750216896e+04 1.127022714988470216e+04 1.175538105796443597e+04 1.223422764656828258e+04 1.270265291296632131e+04 1.315600385413858930e+04 1.358879296244762190e+04 1.399492591370292939e+04 1.436781328701296479e+04 1.470045239607153962e+04 1.498547303315497811e+04 1.521504447420952602e+04 1.538114664523334250e+04 1.547584795898903940e+04 1.549150950530144291e+04 1.542124837527295858e+04 1.525943593844451243e+04 1.500225841916461468e+04 1.464845064915174953e+04 1.420004698577337331e+04 1.366303014662128408e+04 1.304787816951734931e+04 1.236993199719216864e+04 1.164919574350373296e+04 1.090914112283423492e+04 1.017534692877082671e+04 9.475217344177441191e+03 8.829259442683320231e+03 8.252404957119715618e+03 7.763937678833614882e+03 7.351690434040458968e+03 6.989993662218650570e+03 6.652136681592505738e+03 6.302607206939745083e+03 5.896035458814833873e+03 5.402669188864839271e+03 4.837694581191883117e+03 4.256634872664507384e+03 3.725523016726980586e+03 3.301962315477759603e+03 3.010434603996956866e+03 2.811343385613238297e+03 2.619527783741415078e+03 2.368142298072309131e+03 2.062965413082909890e+03 1.774714618435708417e+03 1.574858732175489649e+03 1.444516151239030251e+03 1.310600662369660995e+03 1.142274961451223362e+03 9.918450412246289716e+02 8.889540814405215770e+02 7.954595868825035723e+02 6.942323711863670042e+02 6.125265313696838803e+02 5.445210795950467855e+02 4.781345622045897130e+02 4.228123828817136314e+02 3.734250196251701368e+02 3.297360355707601229e+02 2.916565851402858698e+02 2.580361335230771260e+02 2.286093761447448856e+02 2.027976743682126823e+02 1.801361831504690372e+02 1.602919218225494831e+02 1.428773566777370547e+02 1.275924649099387977e+02 1.141758503486981624e+02 1.023894649712631235e+02 9.202130564319926975e+01 8.288801715205224241e+01 7.482758148180199953e+01 6.769852945940277777e+01 6.137935440079149885e+01 5.576146938756572524e+01 5.074974026476660782e+01 4.626337896844741948e+01 4.223109568017542159e+01 3.859103785091073036e+01 3.529108725775657263e+01 3.228565083582337536e+01 2.953553991050405259e+01 2.700828068469542131e+01 2.467780174337352861e+01 2.252292017492304410e+01 2.052604886510069093e+01 1.867375538545540081e+01 1.695535592843975436e+01 1.536167974260359870e+01 1.388620191995631359e+01 1.252364245171849255e+01 1.126870353667037428e+01 1.011699756063065969e+01 9.064252085520784874e+00 8.105611970811349209e+00 7.236177602741135750e+00 6.450822225601910098e+00 5.744035476669897555e+00 5.110174930924699765e+00 4.543556106810734185e+00 4.038528668718946335e+00 3.589649018660161506e+00
2.384624640124776306e+03 2.551214182203405926e+03 2.728616890229887758e+03 2.917387085153267435e+03 3.118083125067111723e+03 3.331261140281907956e+03 3.557467444374641673e+03 3.797232120447659327e+03 4.051059506383739517e+03 4.319414807035193917e+03 4.602715900865448930e+03 4.901321930185394194e+03 5.215520553289951749e+03 5.545515399963080199e+03 5.891408622946908508e+03 6.253185204707116100e+03 6.630695822131023306e+03 7.023633021655589801e+03 7.431511087925701759e+03 7.853640973333503098e+03 8.289099743364689857e+03 8.736703274504714500e+03 9.194997914242914703e+03 9.662211386406001111e+03 1.013617515293485303e+04 1.061459850562301654e+04 1.109454490115288172e+04 1.157214528086554310e+04 1.204353492480047316e+04 1.250466817612281193e+04 1.295096672798219333e+04 1.337701831149753889e+04 1.377683411241887188e+04 1.414392882633293266e+04 1.447139937649087005e+04 1.475199427426875627e+04 1.497800582287644102e+04 1.514153782300616695e+04 1.523478226634826387e+04 1.525022130906966413e+04 1.518107720319744658e+04 1.502180776332731512e+04 1.476866138484854309e+04 1.442039048676944185e+04 1.397899673869028811e+04 1.345036997216558302e+04 1.284482387902940172e+04 1.217745702131704638e+04 1.146795914371862636e+04 1.073943543816343845e+04 1.001706718988538887e+04 9.327835655471166319e+03 8.691930633383806708e+03 8.124053101385658920e+03 7.643197135218149924e+03 7.237394565127677197e+03 6.881373040887114257e+03 6.548833353228658780e+03 6.204807746241838686e+03 5.804596278914439608e+03 5.318866458692901688e+03 4.762543445030513794e+03 4.190301062022236692e+03 3.667194185200135962e+03 3.250014693105602873e+03 2.962939528473507380e+03 2.766993034795544645e+03 2.578228258775141967e+03 2.330693378272309019e+03 2.030027400931022385e+03 1.745994861975056892e+03 1.549180988492928918e+03 1.421006792440647814e+03 1.289280852820467999e+03 1.123469568127094817e+03 9.752652929937426052e+02 8.740418034178784410e+02 7.820671676116728577e+02 6.823497466605617774e+02 6.019149209601914663e+02 5.350139910913528638e+02 4.696453647387041315e+02 4.152082727319710784e+02 3.666103762348296300e+02 3.236210960509205279e+02 2.861623370583888573e+02 2.530922973468389898e+02 2.241537567214321598e+02 1.987751291945305923e+02 1.764986441671770194e+02 1.569964665144308071e+02 1.398863900750070002e+02 1.248729448264731019e+02 1.116986755651362841e+02 1.001291000554998192e+02 8.995537943742273512e+01 8.099687978460778481e+01 7.309407134380231241e+01 6.610769530918308590e+01 5.991812347046116116e+01 5.441849278583895710e+01 4.951519813966331185e+01 4.512872942613653038e+01 4.118892217100808750e+01 3.763489134716476769e+01 3.441530855109421339e+01 3.148520768089631616e+01 2.880589691388459528e+01 2.634529076371917355e+01 2.407753665443110691e+01 2.198157560951825573e+01 2.003991986262694880e+01 1.823914400152142790e+01 1.656854536173785419e+01 1.501897073857612419e+01 1.358389933304050778e+01 1.225808101312934717e+01 1.103630804331440984e+01 9.914323667384396188e+00 8.888025294104128449e+00 7.952763925688541846e+00 7.103884342170756483e+00 6.336519704830185340e+00 5.645415565057830598e+00 5.025185957540438508e+00 4.470390637426806535e+00 3.975600560744110723e+00 3.535567394392260976e+00
2.347671069240428096e+03 2.511682313233003242e+03 2.686339868060907065e+03 2.872189062538338931e+03 3.069778927919981925e+03 3.279657300406131071e+03 3.502362288359155627e+03 3.738415669797778264e+03 3.988313744705512363e+03 4.252514833575480225e+03 4.531430950273297640e+03 4.825415584475734249e+03 5.134750928081948587e+03 5.459637519839923698e+03 5.800177360516762747e+03 6.156355764523218568e+03 6.528022911717145689e+03 6.914878579078683288e+03 7.316445084710006086e+03 7.732042210071028421e+03 8.160762500453392931e+03 8.601440846599440192e+03 9.052645518580475255e+03 9.512630730706296163e+03 9.979262413882339388e+03 1.045028509740074878e+04 1.092280873320282990e+04 1.139302656879107599e+04 1.185712873559195759e+04 1.231113269809150188e+04 1.275053504010934921e+04 1.317000649647408500e+04 1.356364757992654268e+04 1.392507414002120640e+04 1.424749280270580130e+04 1.452376115068840772e+04 1.474629103499292432e+04 1.490731088856085807e+04 1.499913412999149296e+04 1.501435432391190807e+04 1.494630080140346581e+04 1.478951980082620503e+04 1.454031432987607332e+04 1.419745475245112721e+04 1.376291256282440918e+04 1.324248623317655256e+04 1.264632655976433125e+04 1.198929860438950527e+04 1.129078545587404733e+04 1.057353287578389791e+04 9.862336680587963201e+03 9.183759061462469617e+03 8.557677715519128469e+03 7.998573951890925855e+03 7.525161721969989230e+03 7.125657263044649881e+03 6.775179261463052171e+03 6.447837982852525784e+03 6.109189636677071576e+03 5.715193979312130978e+03 5.236931929514888907e+03 4.689071762900539397e+03 4.125456215500973485e+03 3.610185494156251025e+03 3.199248583068006610e+03 2.916529839193865428e+03 2.723654526079714742e+03 2.537869787107733828e+03 2.294098703628250860e+03 1.997847022263421877e+03 1.717944241984100927e+03 1.524104470823753900e+03 1.398045771920022844e+03 1.268457892424019064e+03 1.105107678347194224e+03 9.590828631377213469e+02 8.594888500796854487e+02 7.689993513183986806e+02 6.707599787859778644e+02 5.915681922874622387e+02 5.257463981565081212e+02 4.613733090015097673e+02 4.078012164351310389e+02 3.599747758456908855e+02 3.176690971936811252e+02 2.808165837834661147e+02 2.482840915619187570e+02 2.198222083494491699e+02 1.948662851462631238e+02 1.729655357442390482e+02 1.537969178820588070e+02 1.369837698052803887e+02 1.222349995712722404e+02 1.092969190106968966e+02 9.793852358154506987e+01 8.795409324858698596e+01 7.916567187279761697e+01 7.141615984037755993e+01 6.456844886839409980e+01 5.850474101162318874e+01 5.311985521837280544e+01 4.832167997009020155e+01 4.403195520637890326e+01 4.018161932449493179e+01 3.671073730386591194e+01 3.356875838688701208e+01 3.071134069736699601e+01 2.810029166542762269e+01 2.570391754523604178e+01 2.349659387661112220e+01 2.145739647021504481e+01 1.956894510638055351e+01 1.781783008708507410e+01 1.619333651185658951e+01 1.468633099282006604e+01 1.329029665960515416e+01 1.200000987725335655e+01 1.081034579683576169e+01 9.717167047891409837e+00 8.716527256885536090e+00 7.803969679334462839e+00 6.975068745724646746e+00 6.225203378393975306e+00 5.549362610452355682e+00 4.942406235318946628e+00 4.399129098677552641e+00 3.914315644676946704e+00 3.482906403348120072e+00
2.311543582503008565e+03 2.473033690725375891e+03 2.645006616768770527e+03 2.827999853347877888e+03 3.022553294285014999e+03 3.229205899575257263e+03 3.448487942164137621e+03 3.680913370862907414e+03 3.926970430827510881e+03 4.187110234753567966e+03 4.461738718621782937e+03 4.751204594006206207e+03 5.055786151153747596e+03 5.375679422557673206e+03 5.710984312843945190e+03 6.061687507346089660e+03 6.427643177901723902e+03 6.808553829045806197e+03 7.203948669391557814e+03 7.613159446532315087e+03 8.035292753347973303e+03 8.469201060193663579e+03 8.913474021980196994e+03 9.366392160214889373e+03 9.825854957676567210e+03 1.028964467579468146e+04 1.075491432322176479e+04 1.121790925478065583e+04 1.167488582076727653e+04 1.212192171745198902e+04 1.255457893952867016e+04 1.296761697794025167e+04 1.335522094265984197e+04 1.371110510447541856e+04 1.402858633876791282e+04 1.430062548530330969e+04 1.451975372131024051e+04 1.467831936532689178e+04 1.476874894892577140e+04 1.478375533290557360e+04 1.471676822328978233e+04 1.456241550857635957e+04 1.431706150975554920e+04 1.397949202630368563e+04 1.355164687305333246e+04 1.303923657199361878e+04 1.245225510415292592e+04 1.180533448560499528e+04 1.111756032526326271e+04 1.041133044125139713e+04 9.711053287596765585e+03 9.042888502002761015e+03 8.426414030969775922e+03 7.875890388489749057e+03 7.409751969443104826e+03 7.016403505497701190e+03 6.671347182941010942e+03 6.349084500412378475e+03 6.015691339174277346e+03 5.627773205011486425e+03 5.156812105409756441e+03 4.617231480573218505e+03 4.062058614621106699e+03 3.554456256440510060e+03 3.149631381242902535e+03 2.871173804080371610e+03 2.681299393518245779e+03 2.498424695764120770e+03 2.258333841292773286e+03 1.966403411415670917e+03 1.690544276244246475e+03 1.499612566609313262e+03 1.375617558341107042e+03 1.248117092522169287e+03 1.087176439713677610e+03 9.432861475425288518e+02 8.452843270467897128e+02 7.562461074863658723e+02 6.594541420393121598e+02 5.814780936901813675e+02 5.167108603532806228e+02 4.533115907434337828e+02 4.005849466631593714e+02 3.535124438045347688e+02 3.118747167683818589e+02 2.756144607843644962e+02 2.436069744027314812e+02 2.156104851382779657e+02 1.910671889621248170e+02 1.695331445943616302e+02 1.506898830811227867e+02 1.341663247117132869e+02 1.196756309078475766e+02 1.069677530604131164e+02 9.581508334899552892e+01 8.601496484617645422e+01 7.739206919432086806e+01 6.979167031962681733e+01 6.307875543527877937e+01 5.713731188572247532e+01 5.186379888541313221e+01 4.716756188834289532e+01 4.297156221303872314e+01 3.920781900978831658e+01 3.581733049691801796e+01 3.275031172274152880e+01 2.996304147238085847e+01 2.741782751542902119e+01 2.508337017198011409e+01 2.293428112350545334e+01 2.094978069591388348e+01 1.911260374377805249e+01 1.740936512680943338e+01 1.582934492860693965e+01 1.436343243758822119e+01 1.300511448432276218e+01 1.174919039331535053e+01 1.059061129689564318e+01 9.525348706380299291e+00 8.549600051844787885e+00 7.659088016791742781e+00 6.849602826509253894e+00 6.116755734681187384e+00 5.455767401085338086e+00 4.861732961546166187e+00 4.329673371804983795e+00 3.854578978409866075e+00 3.431573232108596105e+00
2.276217566036099925e+03 2.435243937937873852e+03 2.604592780799607226e+03 2.784792895951983155e+03 2.976376974071505629e+03 3.179875531018150923e+03 3.395810569432420834e+03 3.624687945041489002e+03 3.866988538543888353e+03 4.123157920497058512e+03 4.393594950072913889e+03 4.678642153080699245e+03 4.978574537686801705e+03 5.293585264396826460e+03 5.623772248702666730e+03 5.969122460052138194e+03 6.329493458073522561e+03 6.704591406232315421e+03 7.093951985803570096e+03 7.496917704705481810e+03 7.912609935784105801e+03 8.339896986242738421e+03 8.777390684388665250e+03 9.223400695175303554e+03 9.675855097610006851e+03 1.013256932811006845e+04 1.059074216106552012e+04 1.104667839011614706e+04 1.149668950924697310e+04 1.193691168518091763e+04 1.236297478272853732e+04 1.276971917543199379e+04 1.315142123237953456e+04 1.350188865407626690e+04 1.381453682901179491e+04 1.408244012403351553e+04 1.429824091700322606e+04 1.445440356178856746e+04 1.454347433835277116e+04 1.455827144177036098e+04 1.449232638735046748e+04 1.434035011937677518e+04 1.409875758677501472e+04 1.376636060885063853e+04 1.334506770722169858e+04 1.284049503883013131e+04 1.226248403393724948e+04 1.162544551254284306e+04 1.094817275165931096e+04 1.025271886988647930e+04 9.563120021954047843e+03 8.905137708887388726e+03 8.298055157997840070e+03 7.755921887220269127e+03 7.296896463422917805e+03 6.909565913984042709e+03 6.569807253432451944e+03 6.252509152779918622e+03 5.924253339275537655e+03 5.542276381685206616e+03 5.078458616554786204e+03 4.546977746251957797e+03 4.000067822850923221e+03 3.499971955431657989e+03 3.101129009392114767e+03 2.826840527910833771e+03 2.639899514130797797e+03 2.459867262390421274e+03 2.223375625111814770e+03 1.935675222670280164e+03 1.663775091585899190e+03 1.475687260589861580e+03 1.353706226413456761e+03 1.228244197387126178e+03 1.069662672275266459e+03 9.278629202231405770e+02 8.314173442332096329e+02 7.437976636842855669e+02 6.484228296159117235e+02 5.716360846554699719e+02 5.078995863572502572e+02 4.454530541199807203e+02 3.935528181875267251e+02 3.472172565931149393e+02 3.062324441663236030e+02 2.705507531425388379e+02 2.390561393097058271e+02 2.115141914999518065e+02 1.873737761494040797e+02 1.661976208124064271e+02 1.476719204744562148e+02 1.314308504013560821e+02 1.171917817413365128e+02 1.047082853746775726e+02 9.375608142413240387e+01 8.413549136210995982e+01 7.567374575478085319e+01 6.821843441932858809e+01 6.163659182349215371e+01 5.581395062521256989e+01 5.064857188949620337e+01 4.605122357252029275e+01 4.194606102173361251e+01 3.826616153960265621e+01 3.495343853234442122e+01 3.195885992999202330e+01 2.923932031551265354e+01 2.675762759534128676e+01 2.448287751961737868e+01 2.238992567759155250e+01 2.045814674007001344e+01 1.867039820843129050e+01 1.701332787411481107e+01 1.547621748852015600e+01 1.404998171056815437e+01 1.272811107658337626e+01 1.150542483574103336e+01 1.037694387748265790e+01 9.338739334569622130e+00 8.387141378446218098e+00 7.518040331734303194e+00 6.727429018219476475e+00 6.011138012203625536e+00 5.364608048918716676e+00 4.783159334359154080e+00 4.262030032174369154e+00 3.796408907923589648e+00 3.381596621109498990e+00
2.241671867112829659e+03 2.398287913864143775e+03 2.565070185971601404e+03 2.742539264985877253e+03 2.931219366729557350e+03 3.131633563429197238e+03 3.344295523410401074e+03 3.569703389370299647e+03 3.808331218581545727e+03 4.060617085602599218e+03 4.326954520759672960e+03 4.607681157099641496e+03 4.903066751267533618e+03 5.213302676768023957e+03 5.538485108422805752e+03 5.878600406880208538e+03 6.233509050873187334e+03 6.602921811881636131e+03 6.986381537392278915e+03 7.383240750331289746e+03 7.792633559673942727e+03 8.213445475490283570e+03 8.644309767322911284e+03 9.083562274046809762e+03 9.529163248058848694e+03 9.978960342907676022e+03 1.043019456626679676e+04 1.087922787296772367e+04 1.132242438211053377e+04 1.175598165828756100e+04 1.217559868971746619e+04 1.257618804425447343e+04 1.295211681265246807e+04 1.329728791673184605e+04 1.360521262515669878e+04 1.386906952309203189e+04 1.408161582524316145e+04 1.423543072184163429e+04 1.432316949997013216e+04 1.433775787187760761e+04 1.427282936199268624e+04 1.412317775356693164e+04 1.388526899419344409e+04 1.355792985514771863e+04 1.314303893041829178e+04 1.264612885087016002e+04 1.207689405886912937e+04 1.144952036653553114e+04 1.078251372966672898e+04 1.009759605311240193e+04 9.418440472255966597e+03 8.770419188760486577e+03 8.172523001993146863e+03 7.638591130949818762e+03 7.186521485924226909e+03 6.805076074696939031e+03 6.470497985095686090e+03 6.158053531065645075e+03 5.834818622261550445e+03 5.458652024406966120e+03 5.001819753967989527e+03 4.478265478383544178e+03 3.939442735496883870e+03 3.446695860521853319e+03 3.053710650391081799e+03 2.783501074982673799e+03 2.599426561021989983e+03 2.422172305569148648e+03 2.189200575574838240e+03 1.905641639338774212e+03 1.637618569449662118e+03 1.452313093292247004e+03 1.332296967618468443e+03 1.208826253748933368e+03 1.052554480602381091e+03 9.128024396744335718e+02 8.178779085978770809e+02 7.316448749492237766e+02 6.376579917827366444e+02 5.620348601493974456e+02 4.993056891857360142e+02 4.377914246282640534e+02 3.866991890377263985e+02 3.410840611929617125e+02 3.007373451938257745e+02 2.656210949332810856e+02 2.346274691810558579e+02 2.075294906691267727e+02 1.837824765413941464e+02 1.629557125026964002e+02 1.447398681449243156e+02 1.287743877156099472e+02 1.147807390967706027e+02 1.025160053045188846e+02 9.175915920126888636e+01 8.231344418624024684e+01 7.400859994601267999e+01 6.669447961687825455e+01 6.024011514266957334e+01 5.453294318768569582e+01 4.947258616240570461e+01 4.497119794200582277e+01 4.095409934133906660e+01 3.735540441172493331e+01 3.411792577590178865e+01 3.119337257628320614e+01 2.853924953462911063e+01 2.611886281581530156e+01 2.390170366134038460e+01 2.186287846344998442e+01 1.998192552140063682e+01 1.824183219332034511e+01 1.662928709433334262e+01 1.513357997017459056e+01 1.374565357128199672e+01 1.245900277899288966e+01 1.126846466466593455e+01 1.016912453934352456e+01 9.157144452830531023e+00 8.228976683329602082e+00 7.380667902914728629e+00 6.608400808448458896e+00 5.908212734736000726e+00 5.275753418478043244e+00 4.706558541792642991e+00 4.196075250154726710e+00 3.739683725184743235e+00 3.332856218197646658e+00
2.207883702516762241e+03 2.362142180411096888e+03 2.526414157832952242e+03 2.701212402557871428e+03 2.887052661616361092e+03 3.084449833112492342e+03 3.293910435406149190e+03 3.515924975077722593e+03 3.750959813113053769e+03 3.999447960188604156e+03 4.261776336617691413e+03 4.538276454821561856e+03 4.829214586996710750e+03 5.134779792984868436e+03 5.455067537131026256e+03 5.790063881439004035e+03 6.139629234086698489e+03 6.503481181547328561e+03 6.881170573808480185e+03 7.272057904977085855e+03 7.675288844046129270e+03 8.089767569314287357e+03 8.514148683120130954e+03 8.946791585791002944e+03 9.385688565187179847e+03 9.828720229348340581e+03 1.027316796510537642e+04 1.071544737728907421e+04 1.115198144041632804e+04 1.157902223911154942e+04 1.199233016668722303e+04 1.238690052362856477e+04 1.275718309289902572e+04 1.309717061827844373e+04 1.340047395722516376e+04 1.366037661594682868e+04 1.386974082960089618e+04 1.402125576632109187e+04 1.410769086956203864e+04 1.412207873343102619e+04 1.405814745949327880e+04 1.391076751503760897e+04 1.367645705984191045e+04 1.335406172098303978e+04 1.294543368557770918e+04 1.245602123945999483e+04 1.189536750408877379e+04 1.127744512834622401e+04 1.062048131999904217e+04 9.945869588473342446e+03 9.276927802030400926e+03 8.638646925070448560e+03 8.049735285936090804e+03 7.523829574167441024e+03 7.078561999333070162e+03 6.702871051666256790e+03 6.373359515283373185e+03 6.065661695243152280e+03 5.747337615316710981e+03 5.376852940744943226e+03 4.926855505765417547e+03 4.411059628353108565e+03 3.880154861177775274e+03 3.394603942885606102e+03 3.007353738528827762e+03 2.741137790804658835e+03 2.559866304401799425e+03 2.385326956092202181e+03 2.155799781544167672e+03 1.876295866365998563e+03 1.612070272612087365e+03 1.429485944718859173e+03 1.311387940989338631e+03 1.189861717602909948e+03 1.035851576779051356e+03 8.981046755441821006e+02 8.046668168760674007e+02 7.197889565942929266e+02 6.271609176662012715e+02 5.526755843617567052e+02 4.909307736068416261e+02 4.303282206302762916e+02 3.800253726769240075e+02 3.351140948847391883e+02 2.953907182958191697e+02 2.608265266311779556e+02 2.303220069735320692e+02 2.036573153624096904e+02 1.802941112161253159e+02 1.598080501858115099e+02 1.418944166628967309e+02 1.261975432045800574e+02 1.124429514419968541e+02 1.003912350049774034e+02 8.982455841468967606e+01 8.054900457575372741e+01 7.239675514143966950e+01 6.521987173921726821e+01 5.888933841067417063e+01 5.329425752826521290e+01 4.833577454109858706e+01 4.392739411561795038e+01 3.999557446177704634e+01 3.647544292992247961e+01 3.331069235614869939e+01 3.045375913211690744e+01 2.786275198076280901e+01 2.550147372278978253e+01 2.333981092658106959e+01 2.135312547589351695e+01 1.952112572870662888e+01 1.782693410763094022e+01 1.625728763045177772e+01 1.480149088874624930e+01 1.345051788536842707e+01 1.219786857048354634e+01 1.103839571367676342e+01 9.967243823558071369e+00 8.980657423832207442e+00 8.075200583096513895e+00 7.247065386341511761e+00 6.492612562150878119e+00 5.808074570469896614e+00 5.189299575239806117e+00 4.632028932687223488e+00 4.131910074436101254e+00 3.684507263156465040e+00 3.285458703661912949e+00
2.174832108340872765e+03 2.326784700098699886e+03 2.488601076628449846e+03 2.660786264642232254e+03 2.843848457663642876e+03 3.038294394991081390e+03 3.244623222678937509e+03 3.463318480870046642e+03 3.694839518433236208e+03 3.939612248936602555e+03 4.198018158599202252e+03 4.470384712991968627e+03 4.756974275589125682e+03 5.057970502583205416e+03 5.373468545326705680e+03 5.703456945633855867e+03 6.047796868667417584e+03 6.406209742062103032e+03 6.778252612516143017e+03 7.163295700398439294e+03 7.560500067061010668e+03 7.968785404447513429e+03 8.386825208650750938e+03 8.813003596803759137e+03 9.245342368302384784e+03 9.681754849855542489e+03 1.011956344209402596e+04 1.055523606001813459e+04 1.098525139835021218e+04 1.140591732202810454e+04 1.181305582883631723e+04 1.220173749658556881e+04 1.256649570408714135e+04 1.290141304512752504e+04 1.320019553210671802e+04 1.345622703232032291e+04 1.366247651087019221e+04 1.381174276982934862e+04 1.389690341801445538e+04 1.391109355708992553e+04 1.384813625596887141e+04 1.370297864717540142e+04 1.347218825502511027e+04 1.315463268342906667e+04 1.275213227613860727e+04 1.227004847677634280e+04 1.171778705297804481e+04 1.110910917237447211e+04 1.046196891326299192e+04 9.797440727532355595e+03 9.138488991886080839e+03 8.509735720788969047e+03 7.929612840406274699e+03 7.411554141133697158e+03 6.972940495057496264e+03 6.602878946638970774e+03 6.278320068563319182e+03 5.975261561876795895e+03 5.661739617759307293e+03 5.296811686620590990e+03 4.853501667704383181e+03 4.345295043227100905e+03 3.822141954929719759e+03 3.343636136278445974e+03 2.962001054328237842e+03 2.699691529910273857e+03 2.521159904841976186e+03 2.349272826234459444e+03 2.123113925245354949e+03 1.847582000242182630e+03 1.587075686727423772e+03 1.407153877425144174e+03 1.290928050746874078e+03 1.171301899573614264e+03 1.019507404180897538e+03 8.837262973049554375e+02 7.917428132432476104e+02 7.081906490591287593e+02 6.168948944165920238e+02 5.435243896442183313e+02 4.827430657119023181e+02 4.230340738694864058e+02 3.735042495011974779e+02 3.292822561853248544e+02 2.901693141412913519e+02 2.561457394370673342e+02 2.261201064989841143e+02 1.998794932414353127e+02 1.768919679539348806e+02 1.567394007962882085e+02 1.391212494346714266e+02 1.236871176215294099e+02 1.101664080474364908e+02 9.832301874038034839e+01 8.794222406186749197e+01 7.883292308774107937e+01 7.082971305724710476e+01 6.378681933772973878e+01 5.757712893767412510e+01 5.209137026036157181e+01 4.723217668023960414e+01 4.291437364384992037e+01 3.906553309821783415e+01 3.562177600343094497e+01 3.252765957878958858e+01 2.973633596779177068e+01 2.720651177720397840e+01 2.490248391279215667e+01 2.279453389537792063e+01 2.085828583484804710e+01 1.907362751282999014e+01 1.742382387225021745e+01 1.589566831340915876e+01 1.447848685292059123e+01 1.316328814604147723e+01 1.194357870381015196e+01 1.081422602304619218e+01 9.770429999875164029e+00 8.808511155053723840e+00 7.925137139665156205e+00 7.116636333512892598e+00 6.379536705479138980e+00 5.710254946717664204e+00 5.104827957016330409e+00 4.559194164429794860e+00 4.069193836720057078e+00 3.630569034289163000e+00 3.239119025008857733e+00
2.142496823750260774e+03 2.292193051457408728e+03 2.451607026066177696e+03 2.621236150088759132e+03 2.801580245591386301e+03 2.993139196932902450e+03 3.196404686010771911e+03 3.411852497404084261e+03 3.639934889052487051e+03 3.881072405203162816e+03 4.135640856409417211e+03 4.403962785263351179e+03 4.686297208995175424e+03 4.982824493491266367e+03 5.293637855309209044e+03 5.618726144606469461e+03 5.957953372337615292e+03 6.311045187114086730e+03 6.677564765525200528e+03 7.056891429007535407e+03 7.448199447027694987e+03 7.850424701311271747e+03 8.262260075963429699e+03 8.682113290890860299e+03 9.108035507402970325e+03 9.537972828928026502e+03 9.969287449923736858e+03 1.039849664655193192e+04 1.082213293879085722e+04 1.123656031530179098e+04 1.163766306272262773e+04 1.202058521597533218e+04 1.237994020213194563e+04 1.270989765276217076e+04 1.300425681947271187e+04 1.325649966004125235e+04 1.345970265987023959e+04 1.360677072272031910e+04 1.369068274196339735e+04 1.370467990400929921e+04 1.364267457295651366e+04 1.349968729016567158e+04 1.327234119196852771e+04 1.295951624115005689e+04 1.256300709169842230e+04 1.208809747766693727e+04 1.154404701432233924e+04 1.094441490453518054e+04 1.030688648337120503e+04 9.652218944384983843e+03 9.003041285786333901e+03 8.383610256696554643e+03 7.812085477240457294e+03 7.301707037980905625e+03 6.869603769091573668e+03 6.505048133805391444e+03 6.185334226429617956e+03 5.886814575029290609e+03 5.577988142663543840e+03 5.218497707136954887e+03 4.781730865959514631e+03 4.280956871121971744e+03 3.765391965243651612e+03 3.293788346450790868e+03 2.917651623500537880e+03 2.659167799098455362e+03 2.483315603917516455e+03 2.314022123128633666e+03 2.091160565796223182e+03 1.819518331329125431e+03 1.562655713312578428e+03 1.385339018241809981e+03 1.270941160482387431e+03 1.153171288484873230e+03 1.003546501769018960e+03 8.696907744153769499e+02 7.791286961337833645e+02 6.968725912319362124e+02 6.068814313580486441e+02 5.346013243827738961e+02 4.747616162662927195e+02 4.159265982394646244e+02 3.671522813685939468e+02 3.236039036451578568e+02 2.850873984895782201e+02 2.515917384861672588e+02 2.220337045315157241e+02 1.962071367297381244e+02 1.735862033632494104e+02 1.537588716703972125e+02 1.364291565351158795e+02 1.212511600019178104e+02 1.079582316724873436e+02 9.631769644312252865e+01 8.611789299722583735e+01 7.717042301739439836e+01 6.931221235527274871e+01 6.239959658762448669e+01 5.630733046061364178e+01 5.092773711718455587e+01 4.616490166356994251e+01 4.193493496667122145e+01 3.816649448865088345e+01 3.479667150547991383e+01 3.177086882457635042e+01 2.904294033358356941e+01 2.657218359083968551e+01 2.432338684401932483e+01 2.226722531808550087e+01 2.037958846162381477e+01 1.864054831042707860e+01 1.703351637571148558e+01 1.554534898566186563e+01 1.416539976042151849e+01 1.288471508229905282e+01 1.169680938287569383e+01 1.059656384512876848e+01 9.579229773219889665e+00 8.641196677476733257e+00 7.779226927152678606e+00 6.989775587420182568e+00 6.269527247801208958e+00 5.615072254540109498e+00 5.022626529931305761e+00 4.488316364945363901e+00 4.008166605878317412e+00 3.578090165025797464e+00 3.194042112066013406e+00
2.110857566875557950e+03 2.258346601085036127e+03 2.415410098853079489e+03 2.582537576623353289e+03 2.760221843366491612e+03 2.948956378776393194e+03 3.149223838233326205e+03 3.361493194343663617e+03 3.586212268469168521e+03 3.823793340418264961e+03 4.074607496465059739e+03 4.338972727212268182e+03 4.617142025894241669e+03 4.909296344120705726e+03 5.215526772507096211e+03 5.535820075233102216e+03 5.870044262359861023e+03 6.217929157939815923e+03 6.579044320596619400e+03 6.952778362960463710e+03 7.338317088537890413e+03 7.734612039611170076e+03 8.140375565586479752e+03 8.554039326178604824e+03 8.973684571677866188e+03 9.397285737618463827e+03 9.822243606993333742e+03 1.024513037303503916e+04 1.066252611944340060e+04 1.107084863314247377e+04 1.146604574346939808e+04 1.184333229780926922e+04 1.219739895917741887e+04 1.252250258851829858e+04 1.281253594087676356e+04 1.306107289200329069e+04 1.326129347850470549e+04 1.340620870619304151e+04 1.348889918106340519e+04 1.350270538026430040e+04 1.344163004626586735e+04 1.330076796426994770e+04 1.307679241319881839e+04 1.276859917002996553e+04 1.237795290728458895e+04 1.191005830367694216e+04 1.137404288603811074e+04 1.078325976800141325e+04 1.015513263873423421e+04 9.510116423629071505e+03 8.870503234730575059e+03 8.260193198856048184e+03 7.697081488953330336e+03 7.194217281417379127e+03 6.768483952876899821e+03 6.409314685305209423e+03 6.094340752278345462e+03 5.800261770955634347e+03 5.496029552675227933e+03 5.141857180826663352e+03 4.711494751578499745e+03 4.217997127001742228e+03 3.709864252828624558e+03 3.245018468768021194e+03 2.874268598982378080e+03 2.619529701096037115e+03 2.446298592376198030e+03 2.279541144837349748e+03 2.059905822365256881e+03 1.792074002992753549e+03 1.538781660676532510e+03 1.364014519258730388e+03 1.251401391245752848e+03 1.135445305422907722e+03 9.879456615409530968e+02 8.559764764137258908e+02 7.668046879667775784e+02 6.858162080345643972e+02 5.971030930407617916e+02 5.258903746949692959e+02 4.669715150153422769e+02 4.089921192722600836e+02 3.609568585739552873e+02 3.180673113151053712e+02 2.801341644014542567e+02 2.471546851542013599e+02 2.180537088178879515e+02 1.926317545030370582e+02 1.703689880607455223e+02 1.508594617185666493e+02 1.338111357989565420e+02 1.188831870754790430e+02 1.058126840244052573e+02 9.437012180331215916e+01 8.434682208274358572e+01 7.555708692244502345e+01 6.784015753737567422e+01 6.105443477056131485e+01 5.507648607788978978e+01 4.980018549060995525e+01 4.513103509948540903e+01 4.098640328948626177e+01 3.729601025731980002e+01 3.399789647368480416e+01 3.103829203391571667e+01 2.837173885964699593e+01 2.595811761577851584e+01 2.376270381887657734e+01 2.175656435916364728e+01 1.991585760365122937e+01 1.822084569866556336e+01 1.665509157132098395e+01 1.520552114729836468e+01 1.386152174422382188e+01 1.261418069280582088e+01 1.145702189101146118e+01 1.038493950018022360e+01 9.393232868451589113e+00 8.478354720792486532e+00 7.637154700428967047e+00 6.866206101306460141e+00 6.162339897131238864e+00 5.522309619215765686e+00 4.942500831293978436e+00 4.419219414439499616e+00 3.948667609360476227e+00 3.526923010748626020e+00 3.150091415707158671e+00
2.079895436506089482e+03 2.225224569305808927e+03 2.379987369564314577e+03 2.544666879062794123e+03 2.719749407570085168e+03 2.905718626444062465e+03 3.103052225779396849e+03 3.312212945418925756e+03 3.533639791133859489e+03 3.767740219999504461e+03 4.014879710922919912e+03 4.275371777628768541e+03 4.549467087652125883e+03 4.837341701362313870e+03 5.139085453935055739e+03 5.454687181767712900e+03 5.784016996749105601e+03 6.126805921673362718e+03 6.482631070773364627e+03 6.850892653321317084e+03 7.230784222230790874e+03 7.621275655635495241e+03 8.021099386269606839e+03 8.428706402209145381e+03 8.842207648830722974e+03 9.259607717929044156e+03 9.678345659961343699e+03 1.009504514007597390e+04 1.050633554554475631e+04 1.090868543754457278e+04 1.129810085123226781e+04 1.166986800280181524e+04 1.201876093834656422e+04 1.233911709831523694e+04 1.262491189456440770e+04 1.286982217287409003e+04 1.306712509867528752e+04 1.320993109163571535e+04 1.329142602093346613e+04 1.330504875455331239e+04 1.324488694205511638e+04 1.310610491630447905e+04 1.288542582691413736e+04 1.258176191033401301e+04 1.219685121204905045e+04 1.173582167806830330e+04 1.120766776667124213e+04 1.062554557707731692e+04 1.000662108342708598e+04 9.371048050038807560e+03 8.740793450122730064e+03 8.139410166194928024e+03 7.584532794101404761e+03 7.089021517394835428e+03 6.669521463068450430e+03 6.315623398620889020e+03 6.005286919740690792e+03 5.715550559016398438e+03 5.415811995500058401e+03 5.066845392038391765e+03 4.642751814765326344e+03 4.156377170194267819e+03 3.655522944593100419e+03 3.197298009220346103e+03 2.831824884996302444e+03 2.580752944079536974e+03 2.410085387814698606e+03 2.245807809004424598e+03 2.029331092351012330e+03 1.765232457905255842e+03 1.515438111664517464e+03 1.343166592017479843e+03 1.232296385325007122e+03 1.118112997588064218e+03 9.726952627732217707e+02 8.425746989060700116e+02 7.547626650220475995e+02 6.750136370028824331e+02 5.875531668952905875e+02 5.173852644857845462e+02 4.593670702461718633e+02 4.022254988114052026e+02 3.549132141222780206e+02 3.126681793421267344e+02 2.753055736275251206e+02 2.428308041874569199e+02 2.141767363083736484e+02 1.891502332266939845e+02 1.672374945020602865e+02 1.480383433558955915e+02 1.312649557346001927e+02 1.165811411674976483e+02 1.037276742182220204e+02 9.247824185177826450e+01 8.262709566608451439e+01 7.399115719434767868e+01 6.641191886803144939e+01 5.974980120831193631e+01 5.388315000001401245e+01 4.870735998088866836e+01 4.412931646485773740e+01 4.006761284631451048e+01 3.645300615084003937e+01 3.322446473692418323e+01 3.032902879666954732e+01 2.772191523243095546e+01 2.536357932752976652e+01 2.321977860911689717e+01 2.126196872598905685e+01 1.946658047029510286e+01 1.781407223806128926e+01 1.628816332859379656e+01 1.487585526030066063e+01 1.356657426086600893e+01 1.235145134461899019e+01 1.122402150032524482e+01 1.017919156625695720e+01 9.212306063856035010e+00 8.319875773467037661e+00 7.498830813387137972e+00 6.745854860322148205e+00 6.057915793380914238e+00 5.431920574138556113e+00 4.864415522472364195e+00 4.351877976165740236e+00 3.890680376711374233e+00 3.477058868512272305e+00 3.107265127453346931e+00
2.049592006022891837e+03 2.192806351149181864e+03 2.345317995280408013e+03 2.507602204833233827e+03 2.680136935780019030e+03 2.863400669499913874e+03 3.057863236870810852e+03 3.263980087228337197e+03 3.482184820917086654e+03 3.712878856833731334e+03 3.956422534845111386e+03 4.213124696424523790e+03 4.483231682539364556e+03 4.766917339949340203e+03 5.064270724858545691e+03 5.375280707412775882e+03 5.699818502691491631e+03 6.037620440702703490e+03 6.388269283058867586e+03 6.751172930361245562e+03 7.125539563938725223e+03 7.510351303269375421e+03 7.904358479898862242e+03 8.306038171597807377e+03 8.713526564947553197e+03 9.124858059009138742e+03 9.537509748430697073e+03 9.948152037777032092e+03 1.035346380043953104e+04 1.074996730501485945e+04 1.113372747411876662e+04 1.150009581504473135e+04 1.184392184391191950e+04 1.215962780717446549e+04 1.244127876971121259e+04 1.268264032988800682e+04 1.287708545117338508e+04 1.301782716801517563e+04 1.309815346647772276e+04 1.311159158175880111e+04 1.305231863476472063e+04 1.291557326160692901e+04 1.269812093206376994e+04 1.239888910441986991e+04 1.201959397950489802e+04 1.156528863846398235e+04 1.104482841316318627e+04 1.047118032557832703e+04 9.861261421117926147e+03 9.234930338661726637e+03 8.613836808206644491e+03 8.021190212108761443e+03 7.474370322531191960e+03 6.986056403101174510e+03 6.572657173575568777e+03 6.223917980430655007e+03 5.918118926808631841e+03 5.632632574440521239e+03 5.337291995810431217e+03 4.993418266935345855e+03 4.575460809075029829e+03 4.096062342896103473e+03 3.602337270545181127e+03 3.150597568084887826e+03 2.790293945154838639e+03 2.542813500165180358e+03 2.374654090917230860e+03 2.212802713638513978e+03 1.999417649704103042e+03 1.738976592417350503e+03 1.492610316131110949e+03 1.322781560831185743e+03 1.213613972880709298e+03 1.101163064863095997e+03 9.577848940346442532e+02 8.294759478591449806e+02 7.429939071822782353e+02 6.644575383083601992e+02 5.782243640692597637e+02 5.090796009485962372e+02 4.519425711859678358e+02 3.956213827774026299e+02 3.490164015775057464e+02 3.074019840264441541e+02 2.705975367558621656e+02 2.386163521215827359e+02 2.103992564593662848e+02 1.857593596378573579e+02 1.641886717227632744e+02 1.452928169763044082e+02 1.287880089321019170e+02 1.143425822756406376e+02 1.017009651933973942e+02 9.063999215682549959e+01 8.095678602304728599e+01 7.247082704265771724e+01 6.502580799625337704e+01 5.848412443783264791e+01 5.272586179773689707e+01 4.764790277008569319e+01 4.315848353027846684e+01 3.917739293724646643e+01 3.563640093239565942e+01 3.247538235649325600e+01 2.964216929539132650e+01 2.709263998364929193e+01 2.478781696499062193e+01 2.269393622204526650e+01 2.078284009402313615e+01 1.903123313161428953e+01 1.741977285978502366e+01 1.593233773094361716e+01 1.455601093068338159e+01 1.328026395886899813e+01 1.209627520334752404e+01 1.099759287146204478e+01 9.979136494397407020e+00 9.036293256256659134e+00 8.165627005137533700e+00 7.364141678289036541e+00 6.628623795670652186e+00 5.956169419315541447e+00 5.343830039919748920e+00 4.788304465312594793e+00 4.286233520285764875e+00 3.834152635553969013e+00 3.428450415638190307e+00 3.065519685163311525e+00
2.019929018565704610e+03 2.161074057450149212e+03 2.311381797040205129e+03 2.471320646948615376e+03 2.641362125773529442e+03 2.821977458021487109e+03 3.013629544478922980e+03 3.216767297336346928e+03 3.431818161868493917e+03 3.659177815777276464e+03 3.899200927942469207e+03 4.152192091378282385e+03 4.418395302129215452e+03 4.697981515250237862e+03 4.991037893926721154e+03 5.297553049748858939e+03 5.617399995184291583e+03 5.950320108089639689e+03 6.295902239302967246e+03 6.653562017775021559e+03 7.022519613790381300e+03 7.401771432956400531e+03 7.790086090366300596e+03 8.185963644846660827e+03 8.587566175240066514e+03 8.992956255580807920e+03 9.399648605478867466e+03 9.804363070544401126e+03 1.020382444346943885e+04 1.059460470693713978e+04 1.097282674504877468e+04 1.133390953833623462e+04 1.167277566518793355e+04 1.198392938537766713e+04 1.226152397182884488e+04 1.249941228971740202e+04 1.269106130020914316e+04 1.282978348600971549e+04 1.290896579064757498e+04 1.292222478257556941e+04 1.286382276540931889e+04 1.272906927462919703e+04 1.251477476585738987e+04 1.221988178635218901e+04 1.184608080707282716e+04 1.139835140414748639e+04 1.088542194369391473e+04 1.032006988145190917e+04 9.718966553213442239e+03 9.101683520635580862e+03 8.489556599584528158e+03 7.905463369339922792e+03 7.366533433928858358e+03 6.885262747058100103e+03 6.477834099737096039e+03 6.134144131177267809e+03 5.832786223716017048e+03 5.551458235581664667e+03 5.260421371930514397e+03 4.921532583207638709e+03 4.509583580103118948e+03 4.037016302153878314e+03 3.550276070807140513e+03 3.104890490420699280e+03 2.749651378614057194e+03 2.505688166457004172e+03 2.339983376041991960e+03 2.180504528085626134e+03 1.970147501447975174e+03 1.713290678568244630e+03 1.470284344217013768e+03 1.302846739743324406e+03 1.195342488992812832e+03 1.084585169371859593e+03 9.432054181624872626e+02 8.166720819946466463e+02 7.314910141487218880e+02 6.541411238539551505e+02 5.691108569634187688e+02 5.009677840016850041e+02 4.446927894590599522e+02 3.891750209275838301e+02 3.432622342062081771e+02 3.022648123452075879e+02 2.660063969560550277e+02 2.345080471341611599e+02 2.067182588720690148e+02 1.824563032243553664e+02 1.612199672610834682e+02 1.426204605319910286e+02 1.263780204428096994e+02 1.121654080699097449e+02 9.973062453853650311e+01 8.885358240622178982e+01 7.933421872099081895e+01 7.099452416836525970e+01 6.368034940105469843e+01 5.725602255259799733e+01 5.160332935417331868e+01 4.662060735883284224e+01 4.221741183139464226e+01 3.831469848867397587e+01 3.484522698749326253e+01 3.174975813930485558e+01 2.897689854833857837e+01 2.648317445241187684e+01 2.423016652105499702e+01 2.218458311583080089e+01 2.031864955557415442e+01 1.860934636571293055e+01 1.703753497385802618e+01 1.558725690816356568e+01 1.424568195482469868e+01 1.300233128158281737e+01 1.184843312231109635e+01 1.077755122973496427e+01 9.784618721270929242e+00 8.865063724661641942e+00 8.015498734093210231e+00 7.232995297138591795e+00 6.514435676995755209e+00 5.857035839412458422e+00 5.257983311804918181e+00 4.714121475062547084e+00 4.222247014045131586e+00 3.779051434973120127e+00 3.381069944053800125e+00 3.024832001934893988e+00
1.990889413220134429e+03 2.130008567900591970e+03 2.278158853647059004e+03 2.435801760728682439e+03 2.603402247252519373e+03 2.781424440713832155e+03 2.970325020815469088e+03 3.170546412498204063e+03 3.382509360812873638e+03 3.606604473731073995e+03 3.843181728390869921e+03 4.092541150015988023e+03 4.354922616161452424e+03 4.630494424954818896e+03 4.919342840124137183e+03 5.221457191405444973e+03 5.536712522043873832e+03 5.864853574002335336e+03 6.205475400916499893e+03 6.558002222241602794e+03 6.921663869847788192e+03 7.295472184945011577e+03 7.678214641709007992e+03 8.068412229352195027e+03 8.464251853388577729e+03 8.863825750216185043e+03 9.264685020675511623e+03 9.663593771540343369e+03 1.005732676144757716e+04 1.044250452989707446e+04 1.081530438848444646e+04 1.117121499859139112e+04 1.150522782724870194e+04 1.181192458231441560e+04 1.208554490437438653e+04 1.232002917324872033e+04 1.250894192640351866e+04 1.264568890734022170e+04 1.272374481147320694e+04 1.273682903327078384e+04 1.267928347703590225e+04 1.254647905893922325e+04 1.233527593830851401e+04 1.204463112575908417e+04 1.167620930038631923e+04 1.123491829631328801e+04 1.072936175904669290e+04 1.017213143524369480e+04 9.579657548015105931e+03 8.971230909737698312e+03 8.367882388540603642e+03 7.792160156647075382e+03 7.260952194039168717e+03 6.786582338643283947e+03 6.384998072176181267e+03 6.046249175361125708e+03 5.749240011293566567e+03 5.471981362793950211e+03 5.185155153877470184e+03 4.851147682040046675e+03 4.445081287883022924e+03 3.979206167952003398e+03 3.499306948056941565e+03 3.060148137289661918e+03 2.709872358545935185e+03 2.469354047788783646e+03 2.306051787092177619e+03 2.148894605197765486e+03 1.941502230803347857e+03 1.688158490889113637e+03 1.448445989354392168e+03 1.283349567642623697e+03 1.177470275286314973e+03 1.068368699085273420e+03 9.289468764942063217e+02 8.041541406537069179e+02 7.202460186034412573e+02 6.440568624322969526e+02 5.602056706917060183e+02 4.930436501730620193e+02 4.376121482368909028e+02 3.828812793955139568e+02 3.376459418525885212e+02 2.972523366771240489e+02 2.615283230853942200e+02 2.305022128906342118e+02 2.031303563161435193e+02 1.792379928789529231e+02 1.583285193390182712e+02 1.400186400643118532e+02 1.240325723934083726e+02 1.100473691733719335e+02 9.781454703078540547e+01 8.711704873547832051e+01 7.775757003080308039e+01 6.956055703662516976e+01 6.237397173660375671e+01 5.606403281489271961e+01 5.051418931149584779e+01 4.562420246570525961e+01 4.130491719703415754e+01 3.747842970501125137e+01 3.407846761683502734e+01 3.104665708007901159e+01 2.833236103082955282e+01 2.589273983582813798e+01 2.368992342887610292e+01 2.169108703573435903e+01 1.986883542903637334e+01 1.820042598423621882e+01 1.666692694298227551e+01 1.525254560709048590e+01 1.394454353788862022e+01 1.273249687780910477e+01 1.160768685504821107e+01 1.056369491025039231e+01 9.595468188006584853e+00 8.698473952978076795e+00 7.869369642700536183e+00 7.105289217982659444e+00 6.403204366904203582e+00 5.760442932303011965e+00 5.174320018677138755e+00 4.641815800562465455e+00 4.159875693757030923e+00 3.725340941023232322e+00 3.334887871916101254e+00 2.985178062649721742e+00
1.962456562368878622e+03 2.099591815934538317e+03 2.245629209616104617e+03 2.401024100205583181e+03 2.566234958807673593e+03 2.741718407422988548e+03 2.927924796501163200e+03 3.125290583782689282e+03 3.334230465706212726e+03 3.555129448906290691e+03 3.788332441951584315e+03 4.034135169004695399e+03 4.292774284474638080e+03 4.564416174198749104e+03 4.849145396731626533e+03 5.146951135615725434e+03 5.457711239736192510e+03 5.781173009279373218e+03 6.116936972215517926e+03 6.464436749729739859e+03 6.822914069745266715e+03 7.191393404374289275e+03 7.568678864025351686e+03 7.953313882420041409e+03 8.343511769954100600e+03 8.737391977161008981e+03 9.132539947759672941e+03 9.525765095760103577e+03 9.913888691594274860e+03 1.029358107501790982e+04 1.066107393339934970e+04 1.101191678337420672e+04 1.134117493260799165e+04 1.164350949091413167e+04 1.191324125514611842e+04 1.214439468157796728e+04 1.233062588809377303e+04 1.246543635286657991e+04 1.254239479142345772e+04 1.255530628719573360e+04 1.249859425837488016e+04 1.236769776928322244e+04 1.215952065673352081e+04 1.187303331003251878e+04 1.150987810423344490e+04 1.107489259021883663e+04 1.057655219783416214e+04 1.002727294513639208e+04 9.443249941757363558e+03 8.843494893141905777e+03 8.248742811708287263e+03 7.681219558570943263e+03 7.157572276272311683e+03 6.689954298771626782e+03 6.294094988661517164e+03 5.960185722259298018e+03 5.667430334014616164e+03 5.394156068885690729e+03 5.111453628762872540e+03 4.782223670985718854e+03 4.381919151205246635e+03 3.922598318816831124e+03 3.449402029386523282e+03 3.016346072009355339e+03 2.670932966514315922e+03 2.433790292753277754e+03 2.272839332286717763e+03 2.117954464603343240e+03 1.913465485960031856e+03 1.663565049275717683e+03 1.427080923793232614e+03 1.264277741282728357e+03 1.159986427813715864e+03 1.052503826369760645e+03 9.150008098684180595e+02 7.919142256591230762e+02 7.092515935566812004e+02 6.341982756855044272e+02 5.515028691677374582e+02 4.853017653775368103e+02 4.306955547183848694e+02 3.767356928966516421e+02 3.321633821628996657e+02 2.923607628559688578e+02 2.571597289601178886e+02 2.265956629235157607e+02 1.996326311550773767e+02 1.761017220225159576e+02 1.555118083800105069e+02 1.374850418179976828e+02 1.217495044337663899e+02 1.079864634981563540e+02 9.595087939296944057e+01 8.542866928356333744e+01 7.622523278896692034e+01 6.816742073353519515e+01 6.110526322809457866e+01 5.490683133087549805e+01 4.945720392802059706e+01 4.465753683882265790e+01 4.041993363642301773e+01 3.666760175415370071e+01 3.333521335622425852e+01 3.036524067015959361e+01 2.770778732066073147e+01 2.532063554567957908e+01 2.316645503430777353e+01 2.121288074982426508e+01 1.943289222708849806e+01 1.780402427829345058e+01 1.630755500734849761e+01 1.492786025821126650e+01 1.365229833213911981e+01 1.247050538191441049e+01 1.137381864074377091e+01 1.035583918617699339e+01 9.411528514971749360e+00 8.536391325218325221e+00 7.727126721603363890e+00 6.980926452817034722e+00 6.294845878244728077e+00 5.666317401171878210e+00 5.092775926124810226e+00 4.571331122062898267e+00 4.099070041703304135e+00 3.672977199558205452e+00 3.289864546787159671e+00 2.946521415302996161e+00
1.934613615298316290e+03 2.069805981407263062e+03 2.213774781261469343e+03 2.366968654424322267e+03 2.529839000064412630e+03 2.702836556493551143e+03 2.886404914442468453e+03 3.080974145283962571e+03 3.286953491289682006e+03 3.504722607928678372e+03 3.734621789082862961e+03 3.976942319578248316e+03 4.231916666973871543e+03 4.499709447737519440e+03 4.780404787922645482e+03 5.073991853190343136e+03 5.380349073938890797e+03 5.699228697877502782e+03 6.030236691633399460e+03 6.372813473975627858e+03 6.726213255868607121e+03 7.089474404130079165e+03 7.461416924796504645e+03 7.840604601700398234e+03 8.225278360568001517e+03 8.613582884442610521e+03 9.003136096343951067e+03 9.390794408667956304e+03 9.773426314249933057e+03 1.014774747984456553e+04 1.051004122629361882e+04 1.085592359703615330e+04 1.118052808646539961e+04 1.147859007372765336e+04 1.174451160577211886e+04 1.197240198144115129e+04 1.215600663180290394e+04 1.228891953554166503e+04 1.236480169927212046e+04 1.237754470272375875e+04 1.232165100435510976e+04 1.219262356729681778e+04 1.198740835487189179e+04 1.170499488813698190e+04 1.134699781985309164e+04 1.091818210769092366e+04 1.042691106802549439e+04 9.885417901017719487e+03 9.309667792047675903e+03 8.718407184200423217e+03 8.132069919872742503e+03 7.572574366369145537e+03 7.056335178266163894e+03 6.595329470926491013e+03 6.205073263097797280e+03 5.875901691500336710e+03 5.587313406332254090e+03 5.317939462530731362e+03 5.039272114781345408e+03 4.714720760532483837e+03 4.320058157749434940e+03 3.867159254332295404e+03 3.400532381775299200e+03 2.973456422416213172e+03 2.632809339911379084e+03 2.398973059882318921e+03 2.240323212853151745e+03 2.087661427943793569e+03 1.886015751213916474e+03 1.639489966653584816e+03 1.406170056734112222e+03 1.245611248173847116e+03 1.142870471445877229e+03 1.036969650006076790e+03 9.013459875262805099e+02 7.799306083646215484e+02 6.984857764632487260e+02 6.245433412080147946e+02 5.429801143318578625e+02 4.777193703325149272e+02 4.239206644255933725e+02 3.707153509925109347e+02 3.267915890340084957e+02 2.875670518164499185e+02 2.528773643963137658e+02 2.227650533667527100e+02 1.962015413687627188e+02 1.730237187549359987e+02 1.527458825532816320e+02 1.349954594291671128e+02 1.195042578234238988e+02 1.059578405944289727e+02 9.411450927009677514e+01 8.376304653443264669e+01 7.471150790228740846e+01 6.678912820057306021e+01 5.984798129109121589e+01 5.375796460900078699e+01 4.840576033055754834e+01 4.369389283444489536e+01 3.953570651876492548e+01 3.585550600049847958e+01 3.258889223707386407e+01 2.967916559422002720e+01 2.707715274121656890e+01 2.474124211376604165e+01 2.263462806445825493e+01 2.072539218090132707e+01 1.898687850580487435e+01 1.739689055809709117e+01 1.593690905856789541e+01 1.459147278203022147e+01 1.334803257327974180e+01 1.219628087351695456e+01 1.112760699668477749e+01 1.013562706645596201e+01 9.215311238313841358e+00 8.362194737028993075e+00 7.573008081782927725e+00 6.844989005256419290e+00 6.175265125928399712e+00 5.561360091607127742e+00 5.000815430076278822e+00 4.490859218236062489e+00 4.028709484839405164e+00 3.611484791679642203e+00 3.236125929687839076e+00 2.899545761039481917e+00
1.907345300778090859e+03 2.040635126021214091e+03 2.182577966072428808e+03 2.333615940161605522e+03 2.494193952201113461e+03 2.664756935602846625e+03 2.845741921502006790e+03 3.037572587769716392e+03 3.240652477566275138e+03 3.455355936094813387e+03 3.682018914938048056e+03 3.920928647622184599e+03 4.172313856569699965e+03 4.436337798111194388e+03 4.713082738518938640e+03 5.002537279226949977e+03 5.304583018568870102e+03 5.618974726313635983e+03 5.945324336847957056e+03 6.283081228680493041e+03 6.631508062430178143e+03 6.989657843341443368e+03 7.356367759548497816e+03 7.730220560750365621e+03 8.109483051826405244e+03 8.492326189672112378e+03 8.876401914677062450e+03 9.258611809354180878e+03 9.635864117412889755e+03 1.000492216407082924e+04 1.036212446416585772e+04 1.070314532381512618e+04 1.102319116921167551e+04 1.131707038204279525e+04 1.157925889951233330e+04 1.180395428394031114e+04 1.198498876543463484e+04 1.211604476890879232e+04 1.219087347876042259e+04 1.220344949107259163e+04 1.214835410929962018e+04 1.202115648086538931e+04 1.181884477624751526e+04 1.154041788360841019e+04 1.118747012582857133e+04 1.076470197800067035e+04 1.028035249300890609e+04 9.746483775410684757e+03 9.178836627580360073e+03 8.595892545896533193e+03 8.017800194033461594e+03 7.466166685857633638e+03 6.957177910313866050e+03 6.502650490370564512e+03 6.117883604456471403e+03 5.793350878846231353e+03 5.508842369692792090e+03 5.243287554889337116e+03 4.968571989336619481e+03 4.648601824171105363e+03 4.259464790953041302e+03 3.812857180876150323e+03 3.352666760581560538e+03 2.931451175434190191e+03 2.595475407444867415e+03 2.364877358494906730e+03 2.208478934152947659e+03 2.057991310145770058e+03 1.859128377979809784e+03 1.615907645812516876e+03 1.385686677788028646e+03 1.227322658617399156e+03 1.126093910766197723e+03 1.021736322466839624e+03 8.879506203641794855e+02 7.681702192115185426e+02 6.879143366454668467e+02 6.150564221932597775e+02 5.346004994819129479e+02 4.702589583525473245e+02 4.172489247058410911e+02 3.647811183161751387e+02 3.214909553735478767e+02 2.828310147914408503e+02 2.486405449678628656e+02 2.189690381925969689e+02 1.927952131056990766e+02 1.699615496995595549e+02 1.499876448675132394e+02 1.325061570741750074e+02 1.172525862776672199e+02 1.039165708209587109e+02 9.225974341338671536e+01 8.207375294376797115e+01 7.316928932696617949e+01 6.537793901881624947e+01 5.855378765753295056e+01 5.256855987721123569e+01 4.731055023126180714e+01 4.268364538265141306e+01 3.860243401580898848e+01 3.499232182908669841e+01 3.178983027696359542e+01 2.893907536662907276e+01 2.639159231713836107e+01 2.410635813571876085e+01 2.204706732232686406e+01 2.018222314628847514e+01 1.848551284086023472e+01 1.693498171019142617e+01 1.551228587351279664e+01 1.420210526639142756e+01 1.299196249938368908e+01 1.187158708518025207e+01 1.083240381120412010e+01 9.868025185281277700e+00 8.973410495770560047e+00 8.144107065326453565e+00 7.376853412692605083e+00 6.668908574327036654e+00 6.017450627394564044e+00 5.420069206415020879e+00 4.874388131147712855e+00 4.377734871777390957e+00 3.927440216076855783e+00 3.520741594608725933e+00 3.154698886449384787e+00 2.826343864793237071e+00
1.880636137389787336e+03 2.012062581303887782e+03 2.152020906832143282e+03 2.300947177094600193e+03 2.459280512880970491e+03 2.627458512807239458e+03 2.805912369464703715e+03 2.995060514075423271e+03 3.195300942618958288e+03 3.407002112210296218e+03 3.630495175119608120e+03 3.866064003564512859e+03 4.113934709526243751e+03 4.374266662890862790e+03 4.647141246868118287e+03 4.932548235851976642e+03 5.230370287093664956e+03 5.540366525788236686e+03 5.862153974861925235e+03 6.195188492313496681e+03 6.538743894785081466e+03 6.891887340303082055e+03 7.253472494667597857e+03 7.622101140146580292e+03 7.996062924464245043e+03 8.373555970227600483e+03 8.752265915357371341e+03 9.129135707002726122e+03 9.501119141197210411e+03 9.865024173030178645e+03 1.021723932362600681e+04 1.055350232766261433e+04 1.086908452027470594e+04 1.115886502217746238e+04 1.141739738214254430e+04 1.163896093501022733e+04 1.181747597497535207e+04 1.194671319717395818e+04 1.202050876956547290e+04 1.203292132081903401e+04 1.197861045784604175e+04 1.185320678708107334e+04 1.165373561643878020e+04 1.137921286701291137e+04 1.103121147279044635e+04 1.061436400768068415e+04 1.013679292105276727e+04 9.610392841050610514e+03 9.050683830779951677e+03 8.475886604812054429e+03 7.905867745509387532e+03 7.361936326409679168e+03 6.860052646337074293e+03 6.411867474293837404e+03 6.032477040519921502e+03 5.712489110949553833e+03 5.431974726507864034e+03 5.170158737586039933e+03 4.899313307959186204e+03 4.583829632110928287e+03 4.200107859240415564e+03 3.759664748058641180e+03 3.305783603225178013e+03 2.890313151127982110e+03 2.558916053546119201e+03 2.331492188403246473e+03 2.177298601124266042e+03 2.028938852928476308e+03 1.832803126894778870e+03 1.592823699017365243e+03 1.365642407497264230e+03 1.209428399431405296e+03 1.109677732500509137e+03 1.006829923513055178e+03 8.748459808585569135e+02 7.566685968588349169e+02 6.775764471052115141e+02 6.057801144751562106e+02 5.264101616041783700e+02 4.629690140662281692e+02 4.107311030732410586e+02 3.589860150597703523e+02 3.163162493382614002e+02 2.782090948675523236e+02 2.445074510496574760e+02 2.152673955349029313e+02 1.894748502920698172e+02 1.669779617450425633e+02 1.473014121564931713e+02 1.300829121994448485e+02 1.150616431064000835e+02 1.019312831342833761e+02 9.045670755192784895e+01 8.043235447405398020e+01 7.167149330351210779e+01 6.400802032233451655e+01 5.729799661495323448e+01 5.141493602472701951e+01 4.624870964033013365e+01 4.170453694998153082e+01 3.769822452104386912e+01 3.415625596875472070e+01 3.101605425522419779e+01 2.822253575860870356e+01 2.572793178208846143e+01 2.349179772659919152e+01 2.147832120273812961e+01 1.965642226264137093e+01 1.800012774055597475e+01 1.648772461314526083e+01 1.510104600938647934e+01 1.382491459421293278e+01 1.264692864828763064e+01 1.155685910140008055e+01 1.054616903754315516e+01 9.608469746237050302e+00 8.738710948423037195e+00 7.932451705244685236e+00 7.186437609695536466e+00 6.497947050753116294e+00 5.864205114150998988e+00 5.282862171796292472e+00 4.751618275402229585e+00 4.267894324572095499e+00 3.829128183640483574e+00 3.432670841290962116e+00 3.075696337376231160e+00 2.755350524189926542e+00
1.854471895221901605e+03 1.984072379264329356e+03 2.122086547471534686e+03 2.268944282493645005e+03 2.425077936351602148e+03 2.590920001657938428e+03 2.766895017247311443e+03 2.953415110262340932e+03 3.150873374988330852e+03 3.359633693058280642e+03 3.580021730268874308e+03 3.812317132329268134e+03 4.056744265566300783e+03 4.313460255024210710e+03 4.582544517050601826e+03 4.863986541869615394e+03 5.157671388631419177e+03 5.463361560568375353e+03 5.780679076755172900e+03 6.109087293285385385e+03 6.447870815501109064e+03 6.796110355031902145e+03 7.152674924921563615e+03 7.516184702922243559e+03 7.884954477243019937e+03 8.257206800201453007e+03 8.630659731669442408e+03 9.002301051697477305e+03 9.369123398332054421e+03 9.727978633319293294e+03 1.007530755979759124e+04 1.040690728119957021e+04 1.071811502165914317e+04 1.100388002707182204e+04 1.125883083866873312e+04 1.147732893102620983e+04 1.165337722558842142e+04 1.178083071426225251e+04 1.185361224967592352e+04 1.186586644889252057e+04 1.181232450718033033e+04 1.168867458129872284e+04 1.149198550801228885e+04 1.122129029804998754e+04 1.087813549592678464e+04 1.046708559081308704e+04 9.996156654818425523e+03 9.477073807668184600e+03 8.925139188651957738e+03 8.358322220294654471e+03 7.796212902939331798e+03 7.259825570009757030e+03 6.764901025591948382e+03 6.322931029285558907e+03 5.948806869750972510e+03 5.633269935547457862e+03 5.356668963418191197e+03 5.098515952919916344e+03 4.831460104834015510e+03 4.520370969023413636e+03 4.141954654742986349e+03 3.707551945526196960e+03 3.259855522273262068e+03 2.850018143173199860e+03 2.523110637081951154e+03 2.298797627883664518e+03 2.146763450668245696e+03 2.000488163473033637e+03 1.807024685318434422e+03 1.570223925810826586e+03 1.346023806250344251e+03 1.191916971681163432e+03 1.093611822553803222e+03 9.922408740646516208e+02 8.620233899666166053e+02 7.454179235990488905e+02 6.674648202082541957e+02 5.967079737148695813e+02 5.184028637449378039e+02 4.558441482320901628e+02 4.043621984445738917e+02 3.533254085136355229e+02 3.112632063888116249e+02 2.736974110229361372e+02 2.404744110261988510e+02 2.116567405198016445e+02 1.862374694823871266e+02 1.640701297795345397e+02 1.446844915456354101e+02 1.277232533875009750e+02 1.129291880054568651e+02 9.999988788366380277e+01 8.870342553906752414e+01 7.883699141901000473e+01 7.021638297351381652e+01 6.267775272011795806e+01 5.607909365503343224e+01 5.029567213208586907e+01 4.521890465074572774e+01 4.075531733171025905e+01 3.682190935965083156e+01 3.334621921452077942e+01 3.026655244071180562e+01 2.752861006761082407e+01 2.508530640925186717e+01 2.289676470383737694e+01 2.092765848908308257e+01 1.914731967248493305e+01 1.753011114015287220e+01 1.605456197034676080e+01 1.470268459807183703e+01 1.345944635084829066e+01 1.231252430703643519e+01 1.125173399260731699e+01 1.026857889349406960e+01 9.356671689438876172e+00 8.510954472519706826e+00 7.726998184426633998e+00 7.001554422664780120e+00 6.331918645029784187e+00 5.715359488034031266e+00 5.149583726292180863e+00 4.632362762360654251e+00 4.161205719276806825e+00 3.733651482554558143e+00 3.347158561636519813e+00 2.999009898542080332e+00 2.686461124748671381e+00
1.828837643772261572e+03 1.956649775415675322e+03 2.092759352285144359e+03 2.237590215551328583e+03 2.391569162745247922e+03 2.555122166513904176e+03 2.728668458772690428e+03 2.912614457072547793e+03 3.107346947263977199e+03 3.313225106184339893e+03 3.530571045692600364e+03 3.759660662781739575e+03 4.000713980204378913e+03 4.253885537536678385e+03 4.519254924742118419e+03 4.796812928389597801e+03 5.086445056186014881e+03 5.387915719477287894e+03 5.700853482266004903e+03 6.024731008759574252e+03 6.358840223725519536e+03 6.702273948133398335e+03 7.053918070620726212e+03 7.412413009533872355e+03 7.776095633087945316e+03 8.143214385995232078e+03 8.511518518027280152e+03 8.878033782919112127e+03 9.239798574534550426e+03 9.593708633071597433e+03 9.936251656818498304e+03 1.026328358693547671e+04 1.057020331698155860e+04 1.085203281150422299e+04 1.110347889279230003e+04 1.131897251208731541e+04 1.149260228152390664e+04 1.161830982008943647e+04 1.169009765810958015e+04 1.170219526353994297e+04 1.164940497670777586e+04 1.152747289537629877e+04 1.133351140173008389e+04 1.106656280767941098e+04 1.072815453343716945e+04 1.032278950830636131e+04 9.858364762950131990e+03 9.346448517180197086e+03 8.802132552747187219e+03 8.243134198476316669e+03 7.688775397178106687e+03 7.159779552052598774e+03 6.671672475396144364e+03 6.235793279003220960e+03 5.866829008348216121e+03 5.555652077737412583e+03 5.282884629682095692e+03 5.028318428751998908e+03 4.764974887605794720e+03 4.458191255681957045e+03 4.084972878658342779e+03 3.656492493137925067e+03 3.214858651273009400e+03 2.810544003339814481e+03 2.488038802290085641e+03 2.266775241771383662e+03 2.116856857131583638e+03 1.972623032717207252e+03 1.781778545084455800e+03 1.548095703635297014e+03 1.326820317482441396e+03 1.174778121060359354e+03 1.077886749517884482e+03 9.779609307621252583e+02 8.494752544266536916e+02 7.344117334759437199e+02 6.575736867901247251e+02 5.878344137457403349e+02 5.105737329576626280e+02 4.488797277806413604e+02 3.981380541594709257e+02 3.477955721209389708e+02 3.063284378353010311e+02 2.692928225393638400e+02 2.365386090814718045e+02 2.081344363213027009e+02 1.830805762383685078e+02 1.612357505985262662e+02 1.421347987007361837e+02 1.254252121691762056e+02 1.108533834685713373e+02 9.812067680135417902e+01 8.699830541524212890e+01 7.728617213593925328e+01 6.880255482451578075e+01 6.138581475582101632e+01 5.489583717284961750e+01 4.920960379909074334e+01 4.422004333619610605e+01 3.983496123471255146e+01 3.597252496937760213e+01 3.256130656185384709e+01 2.954047649782641116e+01 2.685650565568346337e+01 2.446297891749920339e+01 2.232057715124956232e+01 2.039445218466144283e+01 1.865434207030610381e+01 1.707494158694907327e+01 1.563502184423462893e+01 1.431677647843183543e+01 1.310531911265973548e+01 1.198840850876084296e+01 1.095590780454212876e+01 9.999362938056952643e+00 9.112390726989138656e+00 8.289927817858517400e+00 7.527557434763154198e+00 6.822036443930888261e+00 6.170675433682822231e+00 5.570783389080975034e+00 5.020118955470176836e+00 4.516519691544103488e+00 4.057577688630424007e+00 3.640927591122069540e+00 3.264130398410030054e+00 2.924573316280775881e+00 2.619617346951950587e+00
1.803719614830748696e+03 1.929779059237951969e+03 2.064022326463598347e+03 2.206867324897865728e+03 2.358735003225424407e+03 2.520045843650089864e+03 2.691212042368066250e+03 2.872634679108884029e+03 3.064696854304961107e+03 3.267751269700623197e+03 3.482116027691044565e+03 3.708063987057425948e+03 3.945811555886179576e+03 4.195511478035399705e+03 4.457241913787748672e+03 4.730993279036826607e+03 5.016653247846430531e+03 5.313990624287066566e+03 5.622637977199546185e+03 5.942073741903172049e+03 6.271602108770460291e+03 6.610327221375376212e+03 6.957150138691608845e+03 7.310732103169793845e+03 7.669431098989788552e+03 8.031518491746161999e+03 8.394775522028970954e+03 8.756270694344493677e+03 9.113080000944031781e+03 9.462142809636405218e+03 9.799996087438787072e+03 1.012254809626569295e+04 1.042526854915106378e+04 1.070324618575454588e+04 1.095125245619549605e+04 1.116380222287488868e+04 1.133506179850851731e+04 1.145905531330871054e+04 1.152987381966103021e+04 1.154181980901664610e+04 1.148976520682682349e+04 1.136951686245787278e+04 1.117822802705871618e+04 1.091495152979107843e+04 1.058119312375253139e+04 1.018139514540026539e+04 9.723346403166582604e+03 9.218453393129042524e+03 8.681600132531548297e+03 8.130262377374348944e+03 7.583497069190751972e+03 7.061744830889958394e+03 6.580319233178482136e+03 6.150405426549781623e+03 5.786497302096498970e+03 5.479593547324056090e+03 5.210581469547933011e+03 4.959529659453942259e+03 4.699822096561268154e+03 4.397257718365135588e+03 4.029133243907784163e+03 3.606457859970793834e+03 3.170768975681890879e+03 2.771869425123127712e+03 2.453681199618609298e+03 2.235407598432921986e+03 2.087561704418452337e+03 1.945327493618598055e+03 1.757050701295811223e+03 1.526426347206229821e+03 1.308020249062088624e+03 1.158002029806407791e+03 1.062493304727499662e+03 9.639817275823301088e+02 8.371943117064042781e+02 7.236430121272068163e+02 6.478970026628019241e+02 5.791539891448979915e+02 5.029177431115592753e+02 4.420712868903304411e+02 3.920544487766944712e+02 3.423926501692794204e+02 3.015083890363565615e+02 2.649921450612088734e+02 2.326970222436208076e+02 2.046977676721551234e+02 1.800016447201712424e+02 1.584725364563682319e+02 1.396501657832655212e+02 1.231868164829559191e+02 1.088323302409694975e+02 9.629186584765176349e+01 8.533969899818571037e+01 7.577836922760289440e+01 6.742858153789639175e+01 6.013086602098227473e+01 5.374696592251227401e+01 4.815554427046350838e+01 4.325101047958425937e+01 3.894242314775328140e+01 3.514909367447755528e+01 3.180060581117908924e+01 2.883697706367851410e+01 2.620543310835488526e+01 2.386021676792427826e+01 2.176255634363564084e+01 1.987807528222429809e+01 1.817691331733249172e+01 1.663409365736801249e+01 1.522862827804857311e+01 1.394289214067799598e+01 1.276214563522587753e+01 1.167423248276801573e+01 1.066906749506804353e+01 9.738241811469322329e+00 8.875378832235471194e+00 8.075411273039543758e+00 7.333934652692033929e+00 6.647710268987417237e+00 6.014061997731848130e+00 5.430336208446621349e+00 4.894339564572655732e+00 4.403971372034803267e+00 3.956901989325092295e+00 3.550856613253554617e+00 3.183493569867043238e+00 2.852299658060732490e+00 2.554736996725378351e+00
1.779104708129767459e+03 1.903446612023143871e+03 2.035860831525169715e+03 2.176759830933197009e+03 2.326558914174813708e+03 2.485671364500763048e+03 2.654504915730586163e+03 2.833455687045175637e+03 3.022900608151690903e+03 3.223188348364938975e+03 3.434632023402581581e+03 3.657500296434025586e+03 3.892007759590510886e+03 4.138305763394484529e+03 4.396470497072280523e+03 4.666491563223869889e+03 4.948259004124843159e+03 5.241544885035524203e+03 5.545986789368941572e+03 5.861070512821421289e+03 6.186110165436537500e+03 6.520222895250048168e+03 6.862323212789856370e+03 7.211087986148587333e+03 7.564900692074194012e+03 7.922058206093037370e+03 8.280370824025623733e+03 8.636944442889009224e+03 8.988897443984506026e+03 9.333210606390612156e+03 9.666467107709569973e+03 9.984633611540795755e+03 1.028323724637109626e+04 1.055743469989488585e+04 1.080207330193781308e+04 1.101173795318576231e+04 1.118067557154585847e+04 1.130299293112196756e+04 1.137285910935845277e+04 1.138465294832363907e+04 1.133331782111300527e+04 1.121471962124354650e+04 1.102604987773623361e+04 1.076637129571543119e+04 1.043716878144221664e+04 1.004282611073549197e+04 9.591026656473253752e+03 9.093016859204577486e+03 8.563477085686527062e+03 8.019646985042824781e+03 7.480322068859471074e+03 6.965668415404265033e+03 6.490792200790622701e+03 6.066724964502999683e+03 5.707771447742831697e+03 5.405054383456982578e+03 5.139721385382173139e+03 4.892112420806634873e+03 4.635968675866825834e+03 4.337537674075319956e+03 3.974407585282080163e+03 3.557422350414885841e+03 3.127561494247602695e+03 2.733974426768706962e+03 2.420019714922264484e+03 2.204677418462099467e+03 2.058862349879013436e+03 1.918587486133267703e+03 1.732828367107014401e+03 1.505204501301302798e+03 1.289613458323137820e+03 1.141579249223780153e+03 1.047423563682061740e+03 9.502960393593625668e+02 8.251739199286876101e+02 7.131059151004889145e+02 6.384291002726098441e+02 5.706618701172801593e+02 4.954304685124982370e+02 4.354146261119657311e+02 3.861077932755602546e+02 3.371133125466292881e+02 2.967999873848203265e+02 2.607925240139965695e+02 2.289471120243873656e+02 2.013443520678558230e+02 1.769985164800108635e+02 1.557784423953994519e+02 1.372287234566497318e+02 1.210063022267207771e+02 1.068644374181098868e+02 9.451198057692094778e+01 8.372621040873632126e+01 7.431226173003690860e+01 6.609322039402132987e+01 5.891174032953867368e+01 5.263138525619898900e+01 4.713246486214825381e+01 4.231083848453262419e+01 3.807679238995104498e+01 3.435075882363478428e+01 3.106331283963058709e+01 2.815530195794854151e+01 2.557469145709852398e+01 2.327636889112383400e+01 2.122209941594441318e+01 1.937797133069697963e+01 1.771452161369915501e+01 1.620709847260711101e+01 1.483495391097135752e+01 1.358064473281117124e+01 1.242957870529427389e+01 1.136968688965513685e+01 1.039093860148482840e+01 9.484972134931510368e+00 8.645419937655651310e+00 7.867212730241127439e+00 7.145958734360291942e+00 6.478423188213106698e+00 5.861941724124173803e+00 5.293895427172271795e+00 4.772135436181474510e+00 4.294618683126751435e+00 3.859089316342369180e+00 3.463357954021097918e+00 3.105175103961655747e+00 2.782122541634997059e+00 2.491759421421977372e+00
1.754979940028955070e+03 1.877638234944574378e+03 2.008260189922905283e+03 2.147252116385434419e+03 2.295022486479689178e+03 2.451981014229125776e+03 2.618529275773017162e+03 2.795056916578797882e+03 2.981935981680690475e+03 3.179511625416050720e+03 3.388092849986140664e+03 3.607943903160606169e+03 3.839275786022298234e+03 4.082238566839097530e+03 4.336907779310768092e+03 4.603272973679081588e+03 4.881225495540918928e+03 5.170540531511860536e+03 5.470861117422584357e+03 5.781680343738635202e+03 6.102320560142989052e+03 6.431910650810787956e+03 6.769380762758503806e+03 7.113426715962928938e+03 7.462452650832449763e+03 7.814777420242429798e+03 8.168241795506436574e+03 8.519993118881438932e+03 8.867187192109331590e+03 9.206844024366326266e+03 9.535593866580786198e+03 9.849461235442404359e+03 1.014403260465029416e+04 1.041452780214719860e+04 1.065586316784636620e+04 1.086269892136461385e+04 1.102936019082264465e+04 1.115003199871982542e+04 1.121896169976266719e+04 1.123060889174239310e+04 1.117998267759773262e+04 1.106300121965596554e+04 1.087689617837922378e+04 1.062074403705428085e+04 1.029600890699609954e+04 9.907013465925740093e+03 9.461335593881120076e+03 8.970070029814691225e+03 8.447698791428889308e+03 7.911227871773648985e+03 7.379198120572702464e+03 6.871501581589914167e+03 6.403042263934517905e+03 5.984707234161228371e+03 5.630608521871787161e+03 5.331993792800325537e+03 5.070267068551497687e+03 4.826032334534657821e+03 4.573380486407461831e+03 4.279000722157091332e+03 3.920763613961618830e+03 3.509358740209691405e+03 3.085214153778088985e+03 2.696836078203944453e+03 2.387034344648097886e+03 2.174566426951204903e+03 2.030741801572694385e+03 1.892386277784006097e+03 1.709095711019653436e+03 1.484415573054161086e+03 1.271587431124818750e+03 1.125498106115071550e+03 1.032666106528546834e+03 9.368935087735653724e+02 8.134047141283779183e+02 7.027919591923425742e+02 6.291622550780027723e+02 5.623506649764817666e+02 4.881052328848920752e+02 4.289038054447275954e+02 3.802924191087859072e+02 3.319523713517784813e+02 2.921985084193693751e+02 2.566895683929076313e+02 2.252848421366772129e+02 1.980704750965136611e+02 1.740677294869978198e+02 1.531503098018285129e+02 1.348675520744488665e+02 1.188809450498111886e+02 1.049472137353452581e+02 9.277870407158489741e+01 8.215567241582948554e+01 7.288582787968898913e+01 6.479459235495080804e+01 5.772669241548705799e+01 5.154747118287692587e+01 4.613885201449895845e+01 4.139811700877094580e+01 3.723675705352342646e+01 3.357630199183532937e+01 3.034829659440996608e+01 2.749440093709241140e+01 2.496330646906843853e+01 2.271053477071203375e+01 2.069837885100690045e+01 1.889338407239227280e+01 1.726647817583796041e+01 1.579332960578057055e+01 1.445342979174345466e+01 1.322951881285434617e+01 1.210715308437557880e+01 1.107435362036976301e+01 1.012114709017484238e+01 9.239220887634154167e+00 8.422218599015359075e+00 7.665070443724423477e+00 6.963397576295538016e+00 6.313969061386957904e+00 5.714131361945207210e+00 5.161298088772983128e+00 4.653361365770352975e+00 4.188331541720867079e+00 3.764022150548604895e+00 3.378324615995434765e+00 3.029077114275597449e+00 2.713952226800578682e+00 2.430602212252482630e+00
1.731332322312583983e+03 1.852340862675325525e+03 1.981205468545391341e+03 2.118327432149708784e+03 2.264110588791498685e+03 2.418957628068940721e+03 2.583265086054716903e+03 2.757417984110056295e+03 2.941783088442056851e+03 3.136700340013690948e+03 3.342474735584614336e+03 3.559367620432993590e+03 3.787587527517113358e+03 4.027281499346980581e+03 4.278524146218210262e+03 4.541305988650356994e+03 4.815519886844934263e+03 5.100943215751968637e+03 5.397223407949340071e+03 5.703861054424031863e+03 6.020188887092119330e+03 6.345345970211627900e+03 6.678276846767428651e+03 7.017696999085369498e+03 7.362030241494538132e+03 7.709618264544978956e+03 8.058331780517949483e+03 8.405355829687587175e+03 8.747883812551375740e+03 9.082977018457206213e+03 9.407311742362117002e+03 9.716963768339861417e+03 1.000758037488750233e+04 1.027444532155774868e+04 1.051254220382308085e+04 1.071660684509226121e+04 1.088103782330559807e+04 1.100009743753248586e+04 1.106811304278391071e+04 1.107961304511056369e+04 1.102967841744702855e+04 1.091428475973187051e+04 1.073069270821407372e+04 1.047799586304217519e+04 1.015764009845387409e+04 9.773886445207472207e+03 9.334208499039725211e+03 8.849553723345705293e+03 8.334209037562293815e+03 7.804949933577480806e+03 7.280069928718158735e+03 6.779194077959658898e+03 6.317025835497921435e+03 5.904307836417161525e+03 5.554969290216170521e+03 5.260376208462826071e+03 5.002183099406380279e+03 4.761255041506062298e+03 4.512024403686861660e+03 4.221615297484355324e+03 3.868177238005422623e+03 3.462243041299470406e+03 3.043705064191820838e+03 2.660437386485629759e+03 2.354708576567467844e+03 2.145060040776758797e+03 2.003185910815982425e+03 1.866711715444230322e+03 1.685841529017599214e+03 1.464050457773767448e+03 1.253933806127956814e+03 1.109751737365945019e+03 1.018215159907608268e+03 9.237688109168291248e+02 8.018820978026275270e+02 6.926970417318426598e+02 6.200929411319696101e+02 5.542172937362927314e+02 4.809392510826265266e+02 4.225363194211532800e+02 3.746062146597000719e+02 3.269078769355931513e+02 2.877022570707536033e+02 2.526817851168013078e+02 2.217088152492279960e+02 1.948748483936819866e+02 1.712081161372064173e+02 1.505870158995863051e+02 1.325655667444977155e+02 1.168098062982606535e+02 1.030797190468686892e+02 9.109115049107421669e+01 8.062726918236963058e+01 7.149830397069410992e+01 6.353196708227696377e+01 5.657501900828604136e+01 5.049454918026658135e+01 4.517406193014656424e+01 4.051223209489647559e+01 3.642173046853695695e+01 3.282516254953952028e+01 2.965502361353836847e+01 2.685377023150059728e+01 2.437080529390830463e+01 2.216227141448230142e+01 2.019097907013500048e+01 1.842392409952944732e+01 1.683242068738952213e+01 1.539245405685755763e+01 1.408375350048234154e+01 1.288924192179514350e+01 1.179462430091503400e+01 1.078801375429216414e+01 9.859497162106064749e+00 9.000813026950650553e+00 8.205618417344487270e+00 7.468844869485250726e+00 6.786126942088776204e+00 6.154237292997494002e+00 5.570532065704144387e+00 5.032455147055565625e+00 4.537936429536093108e+00 4.085035861840113469e+00 3.671632266799132793e+00 3.295693428402735936e+00 2.955140776963395055e+00 2.647733618775263587e+00 2.371213483528352484e+00
1.708150020555407082e+03 1.827541231105682073e+03 1.954683347401496803e+03 2.089972177211161579e+03 2.233806657553006971e+03 2.386583661357155961e+03 2.548694599921589543e+03 2.720519338926143973e+03 2.902419421336759115e+03 3.094730613270901358e+03 3.297753800438240887e+03 3.511746686802505337e+03 3.736915214258355718e+03 3.973404881235678204e+03 4.221288979378385193e+03 4.480557554413854632e+03 4.751105047354104499e+03 5.032712863157552420e+03 5.325033387885312550e+03 5.627572937787139381e+03 5.939672275831415391e+03 6.260483975786827614e+03 6.588966740042961646e+03 6.923850660513061484e+03 7.263582204398119757e+03 7.606527260178014330e+03 7.950584058417821325e+03 8.292971850442108916e+03 8.630924932442432691e+03 8.961545186418152298e+03 9.281551580613248007e+03 9.587071008686049026e+03 9.873810161415132825e+03 1.013711679531287336e+04 1.037204111862949685e+04 1.057338828991737864e+04 1.073563100328188921e+04 1.085310972165672138e+04 1.092022943347363798e+04 1.093158709984484994e+04 1.088232843363258144e+04 1.076848631772431872e+04 1.058736148083290027e+04 1.033805382295261006e+04 1.002198807585188661e+04 9.643370876019680509e+03 9.209577076650974050e+03 8.731405356035957084e+03 8.222949977344171202e+03 7.700761800603574557e+03 7.182889005514057317e+03 6.688697670662152632e+03 6.232697161051039984e+03 5.825487122790912508e+03 5.480814441735202308e+03 5.190163824593629215e+03 4.935435048873839150e+03 4.697746697343115557e+03 4.451870296120574494e+03 4.165354257130036785e+03 3.816620197769621882e+03 3.416051758708895704e+03 3.003012881994384770e+03 2.624757944116948238e+03 2.323025864595829262e+03 2.116142298117732935e+03 1.976180474378142208e+03 1.841549806152931524e+03 1.663053470550451266e+03 1.444097780233605135e+03 1.236642138650792958e+03 1.094330456692914140e+03 1.004061690126192957e+03 9.109141680295608694e+02 7.905990551784806257e+02 6.828147112621825272e+02 6.112151200137757314e+02 5.462566156163388769e+02 4.739277153200538351e+02 4.163076123239408730e+02 3.690449411677358853e+02 3.219760178632641328e+02 2.833076584922074517e+02 2.487658723009632524e+02 2.182160197920412941e+02 1.917547389200276484e+02 1.684171375513171824e+02 1.480862774197907470e+02 1.303206909503127520e+02 1.147909161090531001e+02 1.012600697540753458e+02 8.944756725670606556e+01 7.913939566484437194e+01 7.014821160069149641e+01 6.230396854890626912e+01 5.545543310062289777e+01 4.947141524952247238e+01 4.423696969464886308e+01 3.965213369664768095e+01 3.563073311724717485e+01 3.209642698180000764e+01 2.898264173546154154e+01 2.623261456368216216e+01 2.379644665274866000e+01 2.163089064108375936e+01 1.969926529672662951e+01 1.796900930774780747e+01 1.641181707898212494e+01 1.500398593742875875e+01 1.372548202614875379e+01 1.255941188386330687e+01 1.149162976060781283e+01 1.051034245570529002e+01 9.605698826540338686e+00 8.769489810116203543e+00 7.995388584306122759e+00 7.278330518330506926e+00 6.613964548774331931e+00 5.999066574025185616e+00 5.431000937359700131e+00 4.907239444085434776e+00 4.425746952611918417e+00 3.984629786106664184e+00 3.581828389559080339e+00 3.215382560240746646e+00 2.883292534246017169e+00 2.583400285167563037e+00 2.313532950074827177e+00
1.685421311683670183e+03 1.803226177643581423e+03 1.928679640183482888e+03 2.062171901393565804e+03 2.204095465820815207e+03 2.354843025409619258e+03 2.514800349328740140e+03 2.684342061525649115e+03 2.863825537459334555e+03 3.053581758547589288e+03 3.253907349737166442e+03 3.465057054161573433e+03 3.687234791514969402e+03 3.920582638884646258e+03 4.165173130607776329e+03 4.420997449123792649e+03 4.687950871633844145e+03 4.965817465410627847e+03 5.254254607140194821e+03 5.552775731846223607e+03 5.860730242193802951e+03 6.177281109196417674e+03 6.501400790632676944e+03 6.831837444473147116e+03 7.167059041617729235e+03 7.505451620795611234e+03 7.844940922003959713e+03 8.182785757569164161e+03 8.516256167861334688e+03 8.842489808228046968e+03 9.158249563145378488e+03 9.459718994430008024e+03 9.742656354586510133e+03 1.000247249612603082e+04 1.023428849527863895e+04 1.043296924852575830e+04 1.059306552752060816e+04 1.070899569045990393e+04 1.077523337017873928e+04 1.078645097449306377e+04 1.073785840343654490e+04 1.062553903286438435e+04 1.044683006169467808e+04 1.020084505746435934e+04 9.888987358608012073e+03 9.515405387137469006e+03 9.087378929984721253e+03 8.615561752435431117e+03 8.113859521728539221e+03 7.598603791590462606e+03 7.087604022730920406e+03 6.599968368728036694e+03 6.150014249191895942e+03 5.748204245799271121e+03 5.408107566627666529e+03 5.121321607281260185e+03 4.869988040921790343e+03 4.635477580564832351e+03 4.392888123344307132e+03 4.110187602205359326e+03 3.766066884459057292e+03 3.370761128518261103e+03 2.963116534139831401e+03 2.589780060824350585e+03 2.291969211348558019e+03 2.087797538334175442e+03 1.949710085568228578e+03 1.816886732963653230e+03 1.640719261161387976e+03 1.424546484150351944e+03 1.219703086637035085e+03 1.079225825688168015e+03 9.901982276298751913e+02 8.983223275647477521e+02 7.795489473340982158e+02 6.731392581060295015e+02 6.025238454924325424e+02 5.384635086695535620e+02 4.670661553654860541e+02 4.102137183832189180e+02 3.636051887870677888e+02 3.171535840801320774e+02 2.790117439038909311e+02 2.449392376440445673e+02 2.148040149738705509e+02 1.887078758534775602e+02 1.656927299093434840e+02 1.456460999859760364e+02 1.281310946259690979e+02 1.128225890489379992e+02 9.948675154488667260e+01 8.784655105697154909e+01 7.769072623684252221e+01 6.883430037260428946e+01 6.110942440804877407e+01 5.436683744729824497e+01 4.847704069392804627e+01 4.332660882098765853e+01 3.881691301799797600e+01 3.486291074184948968e+01 3.138929352176868903e+01 2.833040049971964791e+01 2.563023411129950091e+01 2.323958005754541034e+01 2.111578896318627940e+01 1.922267813548579340e+01 1.752812215438514443e+01 1.600419054282375697e+01 1.462748873865306187e+01 1.337821813389777503e+01 1.223966862141767109e+01 1.119784372108853709e+01 1.024104593631621185e+01 9.359488758204530967e+00 8.545017392889361574e+00 7.791322888794181445e+00 7.093345645686959244e+00 6.446749191420943603e+00 5.848312772417935790e+00 5.295408410506277974e+00 4.785534197551510438e+00 4.316687402764272541e+00 3.887017535427431003e+00 3.494523076358538205e+00 3.137311628887569981e+00 2.813457946385104158e+00 2.520882763246025782e+00 2.257495332179998204e+00
1.663134218227492056e+03 1.779384242003525060e+03 1.903181654741198372e+03 2.034911515520336025e+03 2.174961733382522198e+03 2.323719420704523600e+03 2.481565025433968913e+03 2.648868266673993730e+03 2.825981932940522711e+03 3.013232588545012732e+03 3.210913217878193336e+03 3.419275305665249562e+03 3.638519714897297035e+03 3.868786601848254122e+03 4.110147990513067271e+03 4.362595093339546111e+03 4.626023575917262860e+03 4.900222479425264282e+03 5.184852976361945366e+03 5.479432760937625972e+03 5.783322652639720218e+03 6.095696087603469095e+03 6.415538392663129343e+03 6.741615151632895504e+03 7.072413835578961880e+03 7.406341678866206166e+03 7.741352314700634452e+03 8.074741184438181335e+03 8.403814240702622556e+03 8.725747185237796657e+03 9.037345284284481750e+03 9.334840931596670998e+03 9.614050928660888530e+03 9.870446640414791545e+03 1.009921106278161278e+04 1.029527816687864470e+04 1.045327087419509371e+04 1.056768093518223941e+04 1.063305458830919451e+04 1.064413343096030076e+04 1.059619390329054113e+04 1.048537096638549156e+04 1.030903019300780579e+04 1.006630007457640022e+04 9.758568286253821498e+03 9.389926542097093261e+03 8.967553782199347552e+03 8.501966720223081211e+03 8.006888344378757211e+03 7.498431599646972245e+03 6.994170537562631580e+03 6.512962813571232800e+03 6.068938089450423831e+03 5.672422127929139606e+03 5.336810327287441396e+03 5.053814912690373603e+03 4.805811347086467322e+03 4.574413954800057581e+03 4.335047891661497488e+03 4.056089418662398657e+03 3.716493120698928578e+03 3.326349886087000868e+03 2.923996807322244422e+03 2.555486733731388995e+03 2.261523114955214169e+03 2.060012948645988672e+03 1.923763179800183252e+03 1.792711600922774096e+03 1.618828812375544885e+03 1.405387215595823591e+03 1.203108596798155304e+03 1.064430537365372402e+03 9.766185035333229507e+02 8.859880869146090845e+02 7.687273671421113477e+02 6.636665970063615987e+02 5.940152259594990483e+02 5.308351261110650512e+02 4.603519047490026423e+02 4.042522669364324770e+02 3.582845682387784336e+02 3.124384806924982172e+02 2.748127993130268010e+02 2.412000922613443663e+02 2.114712591617047224e+02 1.857328744695110458e+02 1.630336031603940512e+02 1.432653608766904938e+02 1.259957342538380942e+02 1.109037688770973205e+02 9.775891962155220938e+01 8.628730362928725128e+01 7.628043312577817403e+01 6.755574529448144006e+01 5.994755487576413344e+01 5.330850920849012198e+01 4.751075162108870131e+01 4.244234392952925106e+01 3.800596779183859297e+01 3.411769225862153121e+01 3.070322133700670264e+01 2.769778824828026842e+01 2.504614529566741510e+01 2.269974945042102021e+01 2.061653798569592411e+01 1.876081742730218593e+01 1.710089110178618554e+01 1.560919809117306656e+01 1.426264759366617696e+01 1.304167443843866003e+01 1.192975145356344235e+01 1.091303126898714382e+01 9.979913668442474517e+00 9.120678922919378095e+00 8.327228028305325935e+00 7.593271812474375437e+00 6.913757253002290604e+00 6.284362951685658061e+00 5.701871666881183742e+00 5.163662554508973379e+00 4.667258373787026571e+00 4.210686174626278699e+00 3.792135390637453973e+00 3.409658999469054486e+00 3.061428668839739853e+00 2.745589943737962280e+00 2.460138761027713894e+00 2.203062912690165298e+00
1.641278170967131473e+03 1.756002918943373061e+03 1.878176266479830019e+03 2.008178272088418680e+03 2.146391601663435267e+03 2.293197792496674992e+03 2.448972514582433632e+03 2.614080653212115976e+03 2.788870117551155545e+03 2.973663777025308718e+03 3.168750576213954446e+03 3.374378355975144586e+03 3.590745749833236914e+03 3.817992038880415294e+03 4.056186938243581153e+03 4.305321070859292377e+03 4.565294306614357083e+03 4.835896051081454971e+03 5.116791819952239166e+03 5.407507721300701633e+03 5.707411095782628763e+03 6.015686715387684671e+03 6.331334649069131956e+03 6.653136635267242127e+03 6.979597336613293919e+03 7.309146548399417043e+03 7.639766406375008955e+03 7.968785480364997056e+03 8.293544564759700734e+03 8.611258978479918369e+03 8.918777325017388648e+03 9.212377705589742618e+03 9.487932042119520702e+03 9.740971783836075701e+03 9.966743318367503889e+03 1.016024842819659170e+04 1.031617809147260778e+04 1.042909584289756822e+04 1.049362252238895599e+04 1.050456795560426872e+04 1.045726813001190931e+04 1.034790807284651783e+04 1.017388999272077126e+04 9.934353214655768170e+03 9.630666157964598824e+03 9.266867158796880176e+03 8.850042205438669043e+03 8.390565808192577606e+03 7.901980822066593646e+03 7.400191159198664536e+03 6.902537194837133029e+03 6.427632949440280754e+03 5.989424444118013525e+03 5.598100900268097575e+03 5.266889074633876589e+03 4.987609453737110016e+03 4.742870211679951353e+03 4.514527039918531955e+03 4.278320432810171042e+03 4.003030539205653895e+03 3.667872336638637535e+03 3.282792363646838567e+03 2.885631921714256350e+03 2.521857115336580136e+03 2.231669557692833223e+03 2.032769659224717316e+03 1.898322139874930826e+03 1.769007830220138203e+03 1.597365898298169441e+03 1.386606166068169159e+03 1.186845678235446258e+03 1.049932754393695632e+03 9.633106852621481266e+02 8.739003221196251161e+02 7.581237895599053900e+02 6.543870430039202120e+02 5.856805019714669243e+02 5.233629675159135104e+02 4.537771358265722483e+02 3.984159920666175481e+02 3.530765725443619658e+02 3.078247172338143969e+02 2.707051173249475369e+02 2.375432992835113453e+02 2.082130077812006448e+02 1.828252925763851522e+02 1.604356673691668504e+02 1.409402829054005508e+02 1.239110892605819458e+02 1.090313292005728556e+02 9.607346828989159349e+01 8.476695491536148097e+01 7.490597108262583959e+01 6.631025861962159240e+01 5.881624785638150144e+01 5.227847485031045949e+01 4.657070550656975882e+01 4.158246259082242346e+01 3.721771116420459435e+01 3.339360949973783477e+01 3.003685354375156891e+01 2.708355239330573738e+01 2.447919330180383923e+01 2.217589170205603466e+01 2.013216059355211129e+01 1.831278680429828754e+01 1.668649558993621440e+01 1.522609030513938499e+01 1.390877981968803034e+01 1.271523094567477763e+01 1.162909938551009859e+01 1.063668695020035315e+01 9.726492049182857258e+00 8.888863490903041509e+00 8.115759366061935154e+00 7.400912253731889656e+00 6.739277475347924096e+00 6.126549437893290317e+00 5.559514858944768712e+00 5.035559786339837807e+00 4.552230323737469497e+00 4.107580901269418661e+00 3.699837819405408013e+00 3.327105231155015552e+00 2.987615331558248766e+00 2.679580929079439677e+00 2.401069810286585948e+00 2.150145012973488257e+00
1.619842226830758364e+03 1.733071045113076480e+03 1.853651528817798180e+03 1.981958685970577562e+03 2.118370081760007452e+03 2.263262044053604313e+03 2.417005441896458251e+03 2.579960782174394808e+03 2.752471549613211664e+03 2.934855443704690515e+03 3.127398022740459055e+03 3.330344544289124769e+03 3.543890768500452396e+03 3.768173711430961703e+03 4.003262617039392353e+03 4.249148446043211152e+03 4.505731383457551601e+03 4.772804864221414391e+03 5.050038866511958986e+03 5.336964676157075701e+03 5.632958687023608036e+03 5.937216494641506870e+03 6.248749905840756583e+03 6.566355851100338441e+03 6.888563038550429155e+03 7.213819269649510716e+03 7.540130506604722541e+03 7.864863908389195785e+03 8.185394275381780062e+03 8.498971730768045745e+03 8.802485704244121735e+03 9.092264164664164127e+03 9.364233701418404962e+03 9.613982514430248557e+03 9.836817526786693634e+03 1.002780898986656575e+04 1.018171709443986219e+04 1.029317355346904696e+04 1.035686745068574601e+04 1.036767967175198464e+04 1.032100745582228592e+04 1.021308356525944328e+04 1.004134308459787826e+04 9.804939529377996223e+03 9.505220667834462802e+03 9.146169621882192587e+03 8.734785203097937483e+03 8.281302943878104998e+03 7.799086585388247840e+03 7.303834385237069000e+03 6.812662482317715330e+03 6.343941589697816198e+03 5.911436491730937632e+03 5.525206538834078856e+03 5.198308950744195499e+03 4.922673769173502478e+03 4.681136099719544291e+03 4.455787291114512300e+03 4.222679407307432484e+03 3.950987558295083090e+03 3.620181679284209622e+03 3.240069892914749289e+03 2.848005721929864649e+03 2.488878358498608577e+03 2.202396303754506334e+03 2.006058047158958971e+03 1.873378054265705032e+03 1.745766999725733285e+03 1.576324614857752294e+03 1.368197352236830284e+03 1.170909374714428623e+03 1.035728619476042923e+03 9.502721476640442688e+02 8.620567843359547169e+02 7.477369216897791375e+02 6.452995832292093610e+02 5.775189038474795780e+02 5.160466841927773203e+02 4.473415368727174268e+02 3.927047770360715617e+02 3.479811365468490294e+02 3.033122101172866110e+02 2.666887747333759080e+02 2.339690129468413602e+02 2.050293539113120005e+02 1.799853079955000226e+02 1.578990983267772208e+02 1.386709951378562380e+02 1.218773190651911449e+02 1.072053465961675158e+02 9.443052167991798740e+01 8.328560492221797062e+01 7.356738181245171404e+01 6.509783742753738522e+01 5.771547627150065551e+01 5.127669281575836635e+01 4.565684869689132341e+01 4.074689885913155507e+01 3.645206447065019972e+01 3.269057071144912641e+01 2.939008600569890461e+01 2.648757846585141351e+01 2.392925619784685054e+01 2.166788017857994575e+01 1.966252770172248887e+01 1.787845662543167435e+01 1.628480760275008876e+01 1.485474346287011116e+01 1.356576881471432117e+01 1.239877998409429161e+01 1.133761405384242771e+01 1.036872108400292802e+01 9.480699396206752283e+00 8.663968456689040920e+00 7.910544992979016143e+00 7.214185321331183509e+00 6.569854785339827252e+00 5.973264213866522176e+00 5.421204183928603371e+00 4.911066766463024535e+00 4.440419789502236370e+00 4.007343243884984751e+00 3.610098103844149531e+00 3.246836926661057277e+00 2.915848779172918182e+00 2.615409838703787848e+00 2.343656175989285551e+00 2.098722921429487354e+00
1.598816016029724324e+03 1.710577593358892955e+03 1.829595591014320235e+03 1.956240304507446353e+03 2.090884318485470430e+03 2.233898868497087733e+03 2.385650221586930456e+03 2.546493896425860385e+03 2.716768376622583219e+03 2.896788260394882400e+03 3.086835596224315850e+03 3.287152145227874826e+03 3.497930886874803036e+03 3.719306583214573038e+03 3.951348692234097143e+03 4.194048931216863821e+03 4.447306741476807474e+03 4.710918623270583339e+03 4.984560295291911643e+03 5.267769358226471013e+03 5.559927912966485565e+03 5.860244125387969689e+03 6.167743302741926527e+03 6.481235166916749222e+03 6.799267915093646479e+03 7.120312631290926220e+03 7.442401134585676118e+03 7.762929921450826441e+03 8.079310628447376075e+03 8.388829801312194832e+03 8.688415776561470921e+03 8.974444986451184377e+03 9.242899214821734859e+03 9.489421415648846960e+03 9.709375383174197850e+03 9.897899633121101942e+03 1.004982317944299211e+04 1.015984642738985895e+04 1.022272640852347104e+04 1.023340806904410601e+04 1.018734886083485435e+04 1.008083241722382627e+04 9.911327543358975163e+03 9.677995427128860683e+03 9.382167605955724866e+03 9.027776865892399655e+03 8.621726823672979663e+03 8.174123274455027968e+03 7.698155713403283698e+03 7.209315728910632970e+03 6.724502097666742884e+03 6.261846470785420024e+03 5.834935356721487551e+03 5.453701786059073129e+03 5.131036737000486937e+03 4.858975900275334425e+03 4.620578325134383704e+03 4.398166468887568954e+03 4.168097718554501625e+03 3.899934993734413638e+03 3.573398988103021566e+03 3.198162438619289787e+03 2.811098397590551485e+03 2.456532754234235199e+03 2.173687821297944083e+03 1.979863655093924535e+03 1.848916629066519363e+03 1.722976030896667908e+03 1.555692098104856768e+03 1.350150371428492008e+03 1.155290464566180844e+03 1.021809227097664802e+03 9.374942999925033291e+02 8.504500220785074589e+02 7.375596821224181667e+02 6.363979213662959182e+02 5.695246261022351746e+02 5.088807959103109511e+02 4.410403809637408017e+02 3.871141796966656443e+02 3.429941782301921762e+02 2.988973796061690678e+02 2.627603545470759627e+02 2.304740702089715114e+02 2.019174367423359513e+02 1.772102459488689306e+02 1.554214592511845012e+02 1.364552616327429746e+02 1.198923302662166464e+02 1.054238917519787435e+02 9.282837519670628978e+01 8.184167191267896158e+01 7.226315510541100195e+01 6.391705390388374042e+01 5.664391124361088004e+01 5.030193210718002206e+01 4.476803614840244450e+01 3.993458261210091820e+01 3.570802705258849841e+01 3.200764284311853203e+01 2.876205136663329043e+01 2.590906137410550159e+01 2.339558689543023462e+01 2.117502225714009612e+01 1.920699892106295792e+01 1.745723734569467567e+01 1.589528650046758074e+01 1.449466281389463340e+01 1.323316206931159478e+01 1.209190822685642708e+01 1.105491931035852815e+01 1.010879338366676627e+01 9.242229771191535548e+00 8.445720153891723925e+00 7.711341036712050290e+00 7.032874182139380537e+00 6.405296479463225445e+00 5.824335789883035908e+00 5.286786849236481345e+00 4.790047425829095040e+00 4.331705838123959040e+00 3.909865663236911537e+00 3.522820035626275104e+00 3.168767057444697333e+00 2.846049542734278681e+00 2.553003851788361533e+00 2.287831232120999037e+00 2.048735666649858622e+00
1.578188839404954933e+03 1.688511222521320178e+03 1.805996518331757898e+03 1.931010127765158131e+03 2.063920067450168517e+03 2.205092820242494781e+03 2.354889938091174372e+03 2.513661978404878482e+03 2.681742795336163454e+03 2.859444079461037290e+03 3.047043727484657211e+03 3.244779765204243176e+03 3.452843388934089489e+03 3.671367878474027748e+03 3.900421361333215373e+03 4.139995497195656753e+03 4.389991882532834097e+03 4.650209269594231046e+03 4.920327195262323585e+03 5.199889334433453769e+03 5.488285900920715903e+03 5.784735045716466630e+03 6.088274529853097192e+03 6.397729937219258318e+03 6.711669293956748334e+03 7.028581639892103340e+03 7.346523867289811278e+03 7.662929326137839780e+03 7.975240923090364959e+03 8.280779419576931105e+03 8.576513594523299616e+03 8.858865998480796407e+03 9.123868128773290664e+03 9.367220919648123527e+03 9.584351795789321841e+03 9.770459924381120800e+03 9.920435326603212161e+03 1.002904757448375130e+04 1.009112809503639619e+04 1.010168329705827819e+04 1.005622749883037613e+04 9.951092724633032049e+03 9.783780329331810208e+03 9.553462128010482047e+03 9.261451802151841548e+03 8.911630650751487337e+03 8.510813165180597935e+03 8.068975736798931393e+03 7.599138223233193457e+03 7.116591429268318279e+03 6.638014194909941580e+03 6.181307638679168122e+03 5.759885356749823586e+03 5.383552654767492641e+03 5.065039343252045910e+03 4.796485390127868413e+03 4.561167668713437706e+03 4.341635968290882374e+03 4.114547994469880905e+03 3.849847592783170512e+03 3.527501353483732146e+03 3.157048598697596844e+03 2.774892329964622604e+03 2.424804700504925677e+03 2.145529695606867790e+03 1.954172678691058763e+03 1.824926495853137567e+03 1.700624411585029293e+03 1.535458247363553937e+03 1.332455449676809167e+03 1.139980448769706527e+03 1.008166946159401505e+03 9.249704603478006675e+02 8.390736054716820718e+02 7.275864999685853718e+02 6.276769914467471381e+02 5.616931660415972374e+02 5.018614120807243353e+02 4.348698211562330016e+02 3.816408924808800975e+02 3.381126938543212077e+02 2.945773031175443180e+02 2.589173571871282888e+02 2.270561750049245120e+02 1.988751692554467922e+02 1.744982305316360680e+02 1.530009129757037556e+02 1.342914492059531710e+02 1.179545880541818406e+02 1.036855585673329188e+02 9.126569714252426024e+01 8.043392183864260403e+01 7.099216141757034393e+01 6.276686452998684729e+01 5.560057723846164635e+01 4.935327783749195873e+01 4.390341298197106568e+01 3.914471762836745228e+01 3.498485647788266562e+01 3.134413045775007234e+01 2.815209586240069939e+01 2.534738641489067135e+01 2.287760896895009566e+01 2.069677940313011888e+01 1.876507296031856242e+01 1.704866407617997126e+01 1.551750271472061904e+01 1.414545279556222468e+01 1.291059657424963802e+01 1.179428392442500417e+01 1.078071362573190051e+01 9.856631614126078134e+00 9.010838920373586802e+00 8.233900438360477025e+00 7.517953210681636023e+00 6.856806005012971994e+00 6.245448777576476651e+00 5.679627112285887236e+00 5.156140532479028593e+00 4.672392590813301716e+00 4.225991177032843993e+00 3.815061561072590646e+00 3.437926512002638102e+00 3.092826839433033825e+00 2.778155972281019626e+00 2.492307270022037002e+00 2.233544118863543648e+00 2.000136427519087157e+00
1.557951477667023255e+03 1.666861635851101255e+03 1.782843361336606904e+03 1.906257192190860223e+03 2.037466019586320726e+03 2.176831577880004261e+03 2.324710692881875730e+03 2.481449852632423699e+03 2.647379147739772179e+03 2.822805344822548250e+03 3.008002945623047253e+03 3.203207439521140259e+03 3.408607596445223407e+03 3.624335335069861230e+03 3.850456653879904025e+03 4.086962747149638290e+03 4.333758896747783183e+03 4.590645794848577680e+03 4.857306077392965562e+03 5.133289491651630669e+03 5.417995181472720105e+03 5.710650440105534472e+03 6.010305656691163676e+03 6.315802809848893048e+03 6.625725365747564865e+03 6.938583463797354852e+03 7.252460162461282380e+03 7.564818661871803670e+03 7.873137149392731772e+03 8.174769433873061644e+03 8.466721676765890152e+03 8.745466978179221769e+03 9.007084592410526966e+03 9.247330071900707480e+03 9.461691218067648151e+03 9.645423819558614923e+03 9.793487836905858785e+03 9.900721489845904216e+03 9.962016818811211124e+03 9.972445163302265428e+03 9.927580012513652036e+03 9.823800559237291964e+03 9.658638911561840359e+03 9.431277066195658335e+03 9.143011721669630788e+03 8.797674645599581709e+03 8.401993302660881454e+03 7.965813839958519566e+03 7.501988316487796510e+03 7.025613340447166593e+03 6.553156542617489322e+03 6.102287844618544113e+03 5.686249690134761295e+03 5.314726450730348915e+03 5.000287052546977066e+03 4.735173085361459016e+03 4.502876972342060981e+03 4.286170902167288659e+03 4.062007014737452664e+03 3.800702443274365123e+03 3.482467111210881285e+03 3.116708984161519766e+03 2.739370347207000577e+03 2.393678342725213952e+03 2.117908911169773091e+03 1.928973514523432641e+03 1.801395429320312815e+03 1.678700487235227456e+03 1.515613914483224335e+03 1.315103974225665297e+03 1.124971796298445497e+03 9.947953823640518749e+02 9.126947529973365363e+02 8.279224490189883454e+02 7.178126812961088490e+02 6.191326040501733132e+02 5.540205626628343225e+02 4.949848390648534178e+02 4.288268743790071653e+02 3.762819358310603661e+02 3.333339923316611362e+02 2.903496387196624369e+02 2.551576102175386893e+02 2.237133329375788264e+02 1.959006703556166542e+02 1.718475056623902333e+02 1.506360115949252929e+02 1.321781278087686076e+02 1.160628364838308784e+02 1.019891691380141907e+02 8.974132318103472983e+01 7.906127055019243244e+01 6.975342453162039646e+01 6.164638200287378567e+01 5.458465034570139096e+01 4.842995464343712086e+01 4.306224508013357877e+01 3.837660821520805854e+01 3.428189522976433778e+01 3.069941542372948717e+01 2.755964116843651013e+01 2.480201391141526557e+01 2.237481924369092923e+01 2.023268265053215842e+01 1.833631301817308668e+01 1.665233040897562233e+01 1.515107915748213507e+01 1.380676534931859401e+01 1.259775344742092607e+01 1.150561683278020553e+01 1.051473375338566640e+01 9.611997166672741955e+00 8.786310740146667797e+00 8.028314199516060512e+00 7.330206311704156263e+00 6.685824453802678313e+00 6.090173046821747427e+00 5.539015971530485416e+00 5.029157722164606881e+00 4.558007233942781511e+00 4.123190848536922637e+00 3.722854174017895090e+00 3.355347872401731824e+00 3.018953158566513029e+00 2.712110969621127410e+00 2.433268306265343295e+00 2.180747572859444094e+00 1.952881784818230937e+00
1.538094589728917754e+03 1.645618904913342249e+03 1.760124847251430083e+03 1.881968558648239650e+03 2.011508217313860087e+03 2.149100754717328073e+03 2.295098477170017759e+03 2.449843590875879727e+03 2.613661847636190487e+03 2.786855345138234497e+03 2.969695813969076880e+03 3.162416509505145768e+03 3.365203246447431411e+03 3.578185594291135203e+03 3.801429518260742043e+03 4.034927103463810909e+03 4.278583615692841704e+03 4.532201581135082051e+03 4.795468629666213019e+03 5.067941363253124109e+03 5.349025144149357402e+03 5.637957315601244773e+03 5.933801137390992153e+03 6.235413488834940836e+03 6.541395396780121700e+03 6.850275490059934782e+03 7.160161445836151870e+03 7.468549546165824722e+03 7.772949362196833135e+03 8.070748274294375733e+03 8.358991433594515911e+03 8.634197667318489039e+03 8.892494558735508690e+03 9.129690826103720610e+03 9.341332411343390049e+03 9.522736101344893541e+03 9.668925296760786296e+03 9.774802986376917033e+03 9.835326360477247363e+03 9.845631224834914974e+03 9.801346344422277980e+03 9.698895937651273925e+03 9.535844619084889928e+03 9.311383580637071645e+03 9.026793605686521914e+03 8.685857408292000400e+03 8.295212858796399814e+03 7.864583032394959446e+03 7.406658481299866253e+03 6.936342471367369399e+03 6.469890135810619540e+03 6.024749088956470587e+03 5.613995485011158053e+03 5.247190885240102034e+03 4.936748198886572936e+03 4.675009899359972223e+03 4.445677959493382332e+03 4.231743372089140394e+03 4.010447899044827864e+03 3.752477113962970179e+03 3.438275949965770451e+03 3.077125293414940643e+03 2.704515790664140241e+03 2.363138967676790344e+03 2.090811205017801058e+03 1.904252819919613557e+03 1.778311407312541860e+03 1.657193654879213000e+03 1.496147591301579268e+03 1.298087058821558458e+03 1.110255806341132711e+03 9.816865235113771178e+02 9.006598392960897854e+02 8.169896422476792850e+02 7.082321060188573938e+02 6.107592672953541069e+02 5.465019642631218630e+02 4.882467916403918480e+02 4.229071970190477145e+02 3.710335834678758715e+02 3.286547469373603576e+02 2.862112440535578912e+02 2.514781629962978400e+02 2.204428960987040398e+02 1.929916033639904924e+02 1.692559384204501782e+02 1.483246646094471259e+02 1.301134608379346389e+02 1.142153145830363030e+02 1.003331160354963032e+02 8.825381560324510133e+01 7.772238726033279477e+01 6.854568268633752837e+01 6.055441371424398511e+01 5.359501469492537495e+01 4.753092510145683036e+01 4.224357103037372951e+01 3.762936372839418198e+01 3.359831645545595080e+01 3.007272702583331636e+01 2.698396700247829827e+01 2.427227110164817958e+01 2.188659137549802125e+01 1.978215070860182223e+01 1.792018041793452454e+01 1.626773724684755607e+01 1.479555387742715666e+01 1.347817427698862502e+01 1.229424153903526573e+01 1.122555011101113820e+01 1.025665605939036595e+01 9.374598206598060202e+00 8.568383327657794979e+00 7.828727135541758919e+00 7.147891024930380865e+00 6.519742657708302858e+00 5.939302558816210720e+00 5.402353711618566479e+00 4.905706075825353452e+00 4.446773885305590923e+00 4.023201022325427978e+00 3.633151790690014149e+00 3.275002586375752589e+00 2.947072574005346723e+00 2.647847619936981811e+00 2.375825739607348996e+00 2.129385709704917140e+00 1.906920772992241497e+00
1.518608151173013766e+03 1.624772781108292975e+03 1.737830946534597615e+03 1.858133832035222895e+03 1.986035029986662948e+03 2.121887828277690915e+03 2.266039340996790997e+03 2.418826993086288894e+03 2.580572985964585314e+03 2.751575796304929099e+03 2.932104050112826826e+03 3.122387624649830286e+03 3.322608971300891426e+03 3.532897544440752426e+03 3.753318391423506910e+03 3.983862480639879777e+03 4.224436396356230034e+03 4.474847020150375101e+03 4.734785551992938963e+03 5.003812587254893515e+03 5.281342453442823171e+03 5.566621615364401805e+03 5.858725290173929352e+03 6.156525911179577633e+03 6.458640135749292313e+03 6.763615712784101561e+03 7.069585759058826625e+03 7.374078071361795082e+03 7.674632640980442375e+03 7.968670060158859997e+03 8.253273362744492260e+03 8.525004678914639953e+03 8.780041258831533924e+03 9.014245145052063890e+03 9.223218199024748174e+03 9.402336330600366637e+03 9.546684876659644942e+03 9.651232049801557878e+03 9.711000877257047250e+03 9.721186522406320364e+03 9.677471592719479304e+03 9.576324978203259889e+03 9.415342076035814898e+03 9.193726680125637358e+03 8.912742576544600524e+03 8.576122862854990672e+03 8.190422640442480770e+03 7.765241504988655834e+03 7.313107927996987200e+03 6.848735704281045400e+03 6.388175455798681469e+03 5.948655448137311396e+03 5.543087807540004178e+03 5.180914636509236516e+03 4.874393736590814115e+03 4.615968112517701229e+03 4.389545511645706029e+03 4.178330475625821236e+03 3.959849512547606537e+03 3.705147352590701757e+03 3.394905163539478508e+03 3.038278904937309107e+03 2.670311856151131906e+03 2.333172688164894225e+03 2.064223816989238458e+03 1.879999371151468267e+03 1.755663853179121588e+03 1.636093215688814325e+03 1.477051091452585069e+03 1.281396431208479044e+03 1.095825498801438016e+03 9.688339399665430847e+02 8.888598977522411815e+02 8.062703967161623950e+02 6.988403852306870476e+02 6.025528995359803730e+02 5.391336517042185505e+02 4.816438270485779753e+02 4.171079964621238219e+02 3.658932197951324952e+02 3.240724618596127584e+02 2.821600191046151167e+02 2.478771563743361526e+02 2.172430961266570648e+02 1.901462366687593715e+02 1.667219855752510398e+02 1.460655359920621379e+02 1.280961481761321181e+02 1.124108840537942058e+02 9.871633472325989089e+01 8.680215710557638431e+01 7.641632349168807536e+01 6.736806758279048779e+01 5.949016073431319285e+01 5.263092661081513768e+01 4.665549146877606290e+01 4.144673321593373316e+01 3.690236355032810422e+01 3.293353536537077986e+01 2.946351625360437154e+01 2.642455918249873292e+01 2.375767611899346221e+01 2.141247250722179274e+01 1.934475779990357580e+01 1.751627663556985937e+01 1.589451476065676161e+01 1.445058624365484512e+01 1.315936687525323023e+01 1.199977366401577861e+01 1.095381999128580475e+01 1.000623899492279811e+01 9.144214810873048549e+00 8.356857823456874002e+00 7.634960652811725978e+00 6.970848020520105770e+00 6.358419232445526426e+00 5.792712245754915834e+00 5.269529770741700148e+00 4.785687701250850523e+00 4.338605558205116175e+00 3.925943985576583195e+00 3.545884706196932967e+00 3.196828111141345463e+00 2.877129139871815511e+00 2.585315923022262652e+00 2.319934657703349501e+00 2.079417767315916432e+00 1.862216102713557087e+00
1.499483515410958944e+03 1.604313362915946755e+03 1.715950347897005486e+03 1.834741380039013166e+03 1.961035305044287952e+03 2.095180178086647174e+03 2.237519491576190831e+03 2.388386723324920695e+03 2.548099292375048208e+03 2.716951931796724693e+03 2.895209940095477123e+03 3.083100771663549949e+03 3.280805256315995393e+03 3.488450112794068446e+03 3.706099589707328960e+03 3.933745493545875888e+03 4.171295477128269340e+03 4.418558787720067812e+03 4.675229941944729944e+03 4.940874781746998451e+03 5.214916473872196548e+03 5.496611175518022719e+03 5.785044107873185567e+03 6.079100745859112976e+03 6.377419303837877123e+03 6.678564889355354353e+03 6.980692003977178501e+03 7.281360622942233931e+03 7.578140594166641677e+03 7.868486280560892737e+03 8.149518298291584870e+03 8.417838750080401951e+03 8.669676114535413944e+03 8.900944611419605280e+03 9.107297850125763944e+03 9.284170658638879104e+03 9.426713463354446503e+03 9.529956748893646363e+03 9.588981683123181938e+03 9.599047626248442612e+03 9.555890725233326521e+03 9.456023619007171874e+03 9.297074895852834743e+03 9.078253244979394367e+03 8.800806527008169724e+03 8.468423962214237690e+03 8.087577019498008667e+03 7.667742674376945615e+03 7.221291057080768041e+03 6.762751829626535255e+03 6.307975726714915254e+03 5.873973303664515697e+03 5.473494625211262246e+03 5.115866250908172333e+03 4.813194757226701768e+03 4.558019418910248532e+03 4.334451198665278753e+03 4.125905064756219872e+03 3.910186421326191066e+03 3.658694123926729389e+03 3.352337676857731367e+03 3.000151988409146270e+03 2.636743646565155814e+03 2.303765866596304932e+03 2.038134772255207281e+03 1.856201671983712458e+03 1.733442366373250024e+03 1.615389957512709543e+03 1.458315387442930160e+03 1.265023901884152338e+03 1.081674282821315501e+03 9.562318877703673934e+02 8.772895408377819422e+02 7.957594732541880376e+02 6.896329881741019108e+02 5.945097944361986038e+02 5.319123053725336376e+02 4.751729120505661399e+02 4.114264888947718646e+02 3.608583016311406482e+02 3.195849460960894817e+02 2.781938083152074910e+02 2.443526811166690891e+02 2.141122438110859036e+02 1.873631101577931872e+02 1.642442336894501693e+02 1.438572751013007007e+02 1.261249908555037962e+02 1.106484176061581479e+02 9.713776541026913947e+01 8.538545797353897626e+01 7.514225736086395102e+01 6.621977368344511206e+01 5.845284708180079747e+01 5.169165997415370128e+01 4.580298108020743086e+01 4.067110547038695501e+01 3.619502016081982987e+01 3.228699840284247813e+01 2.887126105451782720e+01 2.588092581618309396e+01 2.325776640826859776e+01 2.095202891938681233e+01 1.892009830895975497e+01 1.712422300821473442e+01 1.553230988064573914e+01 1.411584786254759649e+01 1.285003916913118083e+01 1.171407039540730644e+01 1.069017133047962531e+01 9.763250738202907897e+00 8.920637033581325426e+00 8.151544666274110895e+00 7.446844237282725487e+00 6.798924593797528892e+00 6.201717954658453991e+00 5.650280888640304866e+00 5.140436381676977362e+00 4.669006731090771467e+00 4.233416789181680961e+00 3.831343277682952575e+00 3.460984243589559028e+00 3.120762541951436653e+00 2.809066881431444340e+00 2.524465057228614917e+00 2.265548640252455836e+00 2.030801020355871067e+00 1.818728106305746994e+00
1.480712472281708642e+03 1.584232289248754569e+03 1.694474232417572011e+03 1.811780890527869815e+03 1.936496635879409496e+03 2.068965336593093980e+03 2.209526110076589703e+03 2.358508071342878793e+03 2.516224655791496389e+03 2.682967308141285685e+03 2.858997649517572427e+03 3.044540004077049616e+03 3.239773454887210391e+03 3.444823622489925583e+03 3.659753578180430395e+03 3.884554690843781827e+03 4.119135979343255713e+03 4.363308892802120681e+03 4.616772682022966364e+03 4.879099384161467242e+03 5.149717291895472044e+03 5.427892199506020006e+03 5.712722113825362612e+03 6.003106686176648509e+03 6.297699279202578509e+03 6.595083609490614435e+03 6.893438254055984544e+03 7.190352969429613040e+03 7.483429000871255084e+03 7.770151693331775277e+03 8.047676590374767329e+03 8.312649955452698123e+03 8.561347360480962379e+03 8.789732762462883329e+03 8.993513929229566202e+03 9.168185892291270648e+03 9.308956758790016465e+03 9.410918567787774009e+03 9.469217151487146111e+03 9.479165927863892648e+03 9.436554920524360568e+03 9.337943029913787541e+03 9.180987883942734697e+03 8.964908574875513295e+03 8.690936220652511111e+03 8.362712452954792752e+03 7.986628219357774469e+03 7.572041132135885164e+03 7.131166475845883724e+03 6.678352953595802319e+03 6.229253519788852827e+03 5.800666997812638328e+03 5.405184667525247278e+03 5.052017442136079808e+03 4.753124235255661915e+03 4.501139257879895922e+03 4.280372630658752314e+03 4.074445860252559669e+03 3.861437735764655372e+03 3.613094494413907796e+03 3.310553849278375310e+03 2.962726955754053051e+03 2.603794868384059100e+03 2.274903834503470080e+03 2.012531913638891183e+03 1.832847861017311743e+03 1.711636164861086399e+03 1.595073767940600192e+03 1.439931440801077997e+03 1.248961692212996013e+03 1.067794857723665245e+03 9.438735058410037482e+02 8.659427589231181628e+02 7.854514905614762483e+02 6.806050885129790231e+02 5.866253350086105911e+02 5.248336231733513841e+02 4.688303191284712170e+02 4.058591969275601627e+02 3.559257761442707420e+02 3.151893632885534089e+02 2.743101128257210348e+02 2.409024172496511369e+02 2.110481740596850955e+02 1.846402749139788853e+02 1.618209322240878123e+02 1.416982859845585949e+02 1.241985227467733495e+02 1.089265699799408225e+02 9.559617806503534609e+01 8.400247408280854700e+01 7.389903222263997407e+01 6.509977377999734927e+01 5.744154314117594140e+01 5.077634595895681713e+01 4.497257215475402603e+01 3.991591401504201997e+01 3.550661041584534416e+01 3.165803191642154957e+01 2.829533374748574204e+01 2.535248158497933346e+01 2.277199631046342176e+01 2.050475257108897864e+01 1.850769991900340372e+01 1.674358098370140624e+01 1.518071588879330847e+01 1.379096224584776920e+01 1.254984370920899650e+01 1.143681241227251277e+01 1.043431204924539024e+01 9.527425462976966131e+00 8.703624214383268054e+00 7.952227083229669091e+00 7.264183515930139556e+00 6.631947135508286628e+00 6.049484217132508057e+00 5.511871037924580108e+00 5.014951404322463446e+00 4.555554705850228814e+00 4.131111471478338792e+00 3.739314028473968765e+00 3.378375510066082832e+00 3.046739459810183792e+00 2.742826277512368183e+00 2.465241214312923201e+00 2.212618932847184805e+00 1.983491455265087744e+00 1.776417207596759473e+00
1.462285575631813799e+03 1.564519514913509283e+03 1.673392223720532684e+03 1.789241772421819860e+03 1.912408393349754533e+03 2.043232140201636639e+03 2.182047370103239700e+03 2.329178528765418378e+03 2.484935256837710313e+03 2.649606045295169224e+03 2.823449466921702424e+03 3.006687059803361535e+03 3.199495563124812179e+03 3.401997959583011834e+03 3.614257248841054661e+03 3.836265982407782758e+03 4.067933462602088184e+03 4.309073531951810764e+03 4.559389064611190406e+03 4.818457310021589365e+03 5.085714602626216220e+03 5.360435470054770121e+03 5.641728284773554151e+03 5.928506408176133846e+03 6.219441664601457887e+03 6.513135073925825054e+03 6.807787053867435134e+03 7.101017487616382823e+03 7.390456127157664923e+03 7.673621153889223024e+03 7.947705063913055710e+03 8.209393148376428144e+03 8.455007891127421317e+03 8.680563783887408135e+03 8.881820851607039003e+03 9.054329659366761916e+03 9.193360322900221945e+03 9.294064906511201116e+03 9.351645689332728580e+03 9.361478880923985344e+03 9.319407397047902123e+03 9.222030171525739206e+03 9.067032201450074353e+03 8.853643660528579858e+03 8.583080018143038615e+03 8.258937211206175562e+03 7.887528686819384347e+03 7.478093286921764047e+03 7.042694095060236577e+03 6.595502765995285699e+03 6.151975886895846088e+03 5.728704979007196016e+03 5.338126568535167280e+03 4.989338293281365623e+03 4.694154303109055945e+03 4.445301805521467941e+03 4.227285590321189375e+03 4.023929515949638699e+03 3.813580665686483371e+03 3.568329645362929568e+03 3.269532986041288495e+03 2.925988052827809497e+03 2.571452107538573728e+03 2.246574013246405229e+03 1.987402925836886425e+03 1.809928585683661140e+03 1.690235055835950561e+03 1.575135120852165528e+03 1.421890365376578075e+03 1.233202354194605732e+03 1.054180322398984572e+03 9.317529605156073558e+02 8.548139722957338336e+02 7.753414536541702091e+02 6.717524289741303392e+02 5.788956028704949404e+02 5.178944331649753394e+02 4.626129269089386753e+02 4.004033575651805563e+02 3.510929964024996366e+02 3.108834018304775100e+02 2.705068143607193747e+02 2.375244183050560025e+02 2.080491568752529759e+02 1.819760670873797892e+02 1.594505904011891460e+02 1.395872368284549339e+02 1.223154788718726422e+02 1.072441493469417111e+02 9.409051244337393882e+01 8.265222770972080468e+01 7.268573977138413511e+01 6.400722240820086029e+01 5.645546434145602888e+01 4.988425821355887990e+01 4.416359122608880483e+01 3.918053152917966742e+01 3.483654713341093156e+01 3.104608441122656615e+01 2.773521525968952872e+01 2.483873759148108107e+01 2.229990568159382391e+01 2.007021123356204484e+01 1.810715790120157820e+01 1.637397321601321565e+01 1.483938284601678781e+01 1.347560638126657118e+01 1.225848321527606011e+01 1.116772653113553737e+01 1.018599162465992691e+01 9.298534318927647035e+00 8.492968457518577097e+00 7.758717144924112574e+00 7.086809066129584167e+00 6.469762990892560239e+00 5.901580713194158889e+00 5.377359857398382736e+00 4.892965921314398337e+00 4.445235672800140314e+00 4.031605024868553322e+00 3.649781091643685915e+00 3.297991164596474789e+00 2.974698256070336999e+00 2.678352769156115976e+00 2.407595214151021068e+00 2.161100934169637000e+00 1.937448205991018746e+00 1.735245568758320811e+00
1.444195420197676412e+03 1.545166824820215197e+03 1.652695193419500583e+03 1.767114515116064922e+03 1.888760476989948984e+03 2.017968575910042091e+03 2.155069396435244471e+03 2.300383639779313853e+03 2.454216928091523641e+03 2.616854044484885890e+03 2.788550754877398049e+03 2.969525611842167109e+03 3.159952229585924215e+03 3.359953557970809015e+03 3.569591966178049915e+03 3.788859249166549489e+03 4.017665842094631444e+03 4.255828072746266116e+03 4.503052574606236703e+03 4.758921908094996070e+03 5.022879685113783125e+03 5.294209314697282935e+03 5.572030011979642950e+03 5.855268416764204630e+03 6.142612475686074504e+03 6.432681744049120425e+03 6.723698956734858257e+03 7.013311299150118430e+03 7.299179763065379120e+03 7.578853531607669538e+03 7.849558316575723438e+03 8.108019902775060473e+03 8.350607958449554644e+03 8.573385915954773736e+03 8.772164756811645930e+03 8.942551855859872376e+03 9.079873145271876638e+03 9.179340288319741376e+03 9.236218512897828987e+03 9.245939676142546887e+03 9.204396712957852287e+03 9.108230121638793207e+03 8.955153428119298042e+03 8.744406958560937710e+03 8.477191420721803297e+03 8.157057097528164377e+03 7.790237175253471833e+03 7.385858701237479181e+03 6.955835616712792216e+03 6.514162246666714054e+03 6.076105342420022680e+03 5.658053469862823476e+03 5.272290463066403390e+03 4.927802093442338446e+03 4.636259639230495850e+03 4.390481522504329405e+03 4.175164724187417050e+03 3.974332036327681635e+03 3.766594756911919376e+03 3.524378801798992299e+03 3.229259726620705351e+03 2.889917859001016495e+03 2.539699277131618146e+03 2.218763834540220159e+03 1.962736444078239856e+03 1.787432209211108784e+03 1.669229121240458198e+03 1.555565049604886326e+03 1.404183554424906561e+03 1.217737773769940759e+03 1.040823902485063854e+03 9.198637226952432684e+02 8.438975873226297608e+02 7.654241808285361230e+02 6.630700554123085340e+02 5.713165325883228434e+02 5.110905707873989172e+02 4.565171525549642411e+02 3.950558336019412309e+02 3.463572193631045479e+02 3.066643730528690526e+02 2.667814323522096629e+02 2.342164765287222963e+02 2.051132166005934323e+02 1.793686923823044026e+02 1.571315281662596703e+02 1.375225549830550165e+02 1.204744776970407543e+02 1.055999084411949411e+02 9.261956170277414913e+01 8.133366583846405717e+01 7.150140855271990858e+01 6.294118820806782821e+01 5.549372539179981345e+01 4.901456960582450506e+01 4.337527034339561283e+01 3.846424332833620952e+01 3.418416283099674757e+01 3.045053215843301331e+01 2.719032387297447784e+01 2.433915246578558111e+01 2.184099127821630759e+01 1.964793725742062946e+01 1.771803752509659446e+01 1.601499520065327786e+01 1.450793392651872793e+01 1.316942956500585282e+01 1.197563276780955732e+01 1.090651401795569342e+01 9.944937358997245624e+00 9.076329444367688737e+00 8.288444859115953633e+00 7.570811346643338879e+00 6.914537934533592001e+00 6.312209315960162215e+00 5.757863623759982730e+00 5.246620469713432655e+00 4.774367326200061434e+00 4.337949027648535960e+00 3.934807372132862469e+00 3.562664007382363884e+00 3.219759537274021088e+00 2.904575104970762212e+00 2.615589380368176453e+00 2.351475982323218084e+00 2.110948614277934343e+00 1.892629531415185751e+00 1.695175174215721947e+00
1.426433461685773182e+03 1.526165605925550608e+03 1.632374082962912098e+03 1.745388697060284130e+03 1.865541467839728284e+03 1.993163842170136149e+03 2.128581787137962237e+03 2.272111819852444114e+03 2.424056212448310362e+03 2.584696607249118188e+03 2.754285223196980951e+03 2.933038037006092054e+03 3.121127417847969355e+03 3.318673540296447754e+03 3.525737907027434176e+03 3.742313181250693106e+03 3.968310873007342707e+03 4.203549291391941551e+03 4.447739237188955485e+03 4.700468793405902034e+03 4.961186687316338066e+03 5.229185613030090281e+03 5.503597018367386227e+03 5.783360933251292408e+03 6.067179020618687900e+03 6.353688758295224034e+03 6.641136499993133839e+03 6.927197775289038873e+03 7.209561464161183721e+03 7.485806070499694215e+03 7.753191820380978243e+03 8.008486519703569684e+03 8.248101768582919249e+03 8.468150748890082468e+03 8.664498897559795296e+03 8.832801946326515463e+03 8.968445230958512184e+03 9.066701125288222102e+03 9.122890020706148789e+03 9.132498234469225281e+03 9.091472076407728309e+03 8.996494883435230804e+03 8.845304864292980710e+03 8.637151473714777239e+03 8.373222088112648635e+03 8.057023452827705114e+03 7.694709491292768689e+03 7.295295118104297217e+03 6.870549527561579453e+03 6.434295871093816459e+03 6.001611308729447046e+03 5.588683314864460044e+03 5.207647211725511625e+03 4.867381185213708704e+03 4.579414116038362408e+03 4.336654620782040183e+03 4.123987980471280025e+03 3.925631993760376190e+03 3.720458126098229513e+03 3.481222606419118620e+03 3.189714106646014443e+03 2.854501123871581967e+03 2.508523258277127297e+03 2.191460403741166829e+03 1.938521776667437280e+03 1.765348455450973006e+03 1.648609052591147702e+03 1.536354098232989145e+03 1.386803426211350825e+03 1.202561087186130862e+03 1.027719126386469043e+03 9.082003933565558782e+02 8.331881852067814407e+02 7.556950023872975635e+02 6.545539271737055742e+02 5.638842778555745099e+02 5.044187918133990820e+02 4.505400533565004366e+02 3.898137520197395816e+02 3.417158409452249543e+02 3.025301674241529781e+02 2.631320815759701190e+02 2.309768317209722284e+02 2.022386429963421790e+02 1.768166595125133540e+02 1.548623927292674978e+02 1.355029983156644562e+02 1.186743281539916950e+02 1.039927272105112763e+02 9.118231936028557527e+01 8.004588147734712322e+01 7.034520278156618645e+01 6.190089277024832626e+01 5.455559978664060594e+01 4.816660237097297426e+01 4.260697697729649036e+01 3.776645848047984799e+01 3.354890470776146572e+01 2.987085733022553313e+01 2.666017388871244265e+01 2.385327027499237218e+01 2.139482507990628690e+01 1.923752910860484633e+01 1.733996299114608064e+01 1.566629680465794472e+01 1.418604495287546108e+01 1.287213300181028863e+01 1.170101712015502571e+01 1.065292062893811931e+01 9.710914411912803246e+00 8.860595339598017262e+00 8.089858115577721165e+00 7.388334558545561315e+00 6.747213587430693771e+00 6.159145605370857979e+00 5.618206341125191017e+00 5.119539047723866254e+00 4.659054130263420745e+00 4.233605029371734219e+00 3.840639458670378037e+00 3.477893056005405548e+00 3.143618867846489362e+00 2.836314942896331903e+00 2.554486619148057969e+00 2.296838723606375421e+00 2.062121265954717675e+00 1.848998388785773717e+00 1.656172238385079210e+00
1.408992545939825050e+03 1.507507050405076143e+03 1.612419419286823086e+03 1.724055325662264067e+03 1.842741830530739435e+03 1.968806564234231473e+03 2.102571825406832886e+03 2.244350297676903665e+03 2.394440360366573259e+03 2.553120150912983718e+03 2.720638579821629719e+03 2.897209060103235970e+03 3.083002428941840208e+03 3.278137558442580030e+03 3.482674940282881835e+03 3.696607068203933522e+03 3.919846708844642762e+03 4.152214550888377744e+03 4.393424583106781029e+03 4.643069708896754491e+03 4.900606357456631486e+03 5.165335231802817361e+03 5.436398438771100700e+03 5.712749937587677778e+03 5.993105798493923430e+03 6.276120903718854606e+03 6.560063929951840692e+03 6.842637782339284968e+03 7.121559847574025298e+03 7.394437676332328920e+03 7.658564649171524252e+03 7.910749586810133223e+03 8.147447504137307988e+03 8.364817634480181368e+03 8.558775508940081636e+03 8.725032006641471526e+03 8.859026953292994222e+03 8.956090336091723657e+03 9.011602617611008100e+03 9.021103364323609640e+03 8.980586171580433074e+03 8.886774584266053353e+03 8.737436303442076678e+03 8.531831244083348793e+03 8.271129320337087847e+03 7.958792214750450512e+03 7.600902496916219206e+03 7.206365390097439558e+03 6.786802973045597355e+03 6.355867858904972309e+03 5.928458767113600516e+03 5.520564310767875213e+03 5.144169977272173128e+03 4.808048216555072031e+03 4.523592610844776573e+03 4.283797661876397797e+03 4.073733116709592196e+03 3.877809666294455383e+03 3.675152818742586987e+03 3.438842302287014718e+03 3.150880316398922787e+03 2.819722492279797734e+03 2.477910520091890703e+03 2.164652099468459255e+03 1.914747776516019258e+03 1.743668210404166530e+03 1.628365391577892751e+03 1.517494532524182659e+03 1.369741957283226157e+03 1.187665319977390936e+03 1.014860257489675064e+03 8.967574304337460944e+02 8.226812184563439132e+02 7.461496683895574051e+02 6.462002221578624130e+02 5.565955505499905485e+02 4.978762345001642302e+02 4.446789378538451274e+02 3.846748834781724327e+02 3.371667581388653048e+02 2.984787600583392759e+02 2.595568840823502228e+02 2.278038042470625157e+02 1.994240072820330170e+02 1.743186045437334997e+02 1.526419482851314058e+02 1.335274666599815703e+02 1.169140293007875329e+02 1.024217148550340539e+02 8.977797785005657261e+01 7.878799796704427649e+01 6.921630050390230338e+01 6.088562251239974188e+01 5.364045355703504470e+01 4.733976552931828508e+01 4.185814919166283943e+01 3.708664465831928680e+01 3.293027265715548424e+01 2.930659145507111774e+01 2.614432588866318952e+01 2.338067815381996084e+01 2.096101921040435556e+01 1.883862296725310159e+01 1.697259355369966727e+01 1.532755906692983849e+01 1.387341737191638913e+01 1.258343808156487853e+01 1.143437834256202379e+01 1.040671048748249383e+01 9.483709002541946376e+00 8.651138348785648802e+00 7.897031492702041966e+00 7.211124687378168474e+00 6.584688041969887884e+00 6.010438574609209716e+00 5.482490408803434079e+00 4.996011005714669828e+00 4.546933939423212223e+00 4.132121765211539177e+00 3.749028433599395083e+00 3.395403276196391484e+00 3.069511082778896505e+00 2.769865710053351471e+00 2.494997680731246614e+00 2.243641221967874078e+00 2.014580673283888679e+00 1.806520043579129320e+00 1.618205038107196847e+00
1.391864440652916983e+03 1.489184066545243695e+03 1.592823474842656196e+03 1.703104586095677632e+03 1.820351431440069291e+03 1.944886857190138699e+03 2.077029097635765083e+03 2.217087325066730500e+03 2.365356429816186392e+03 2.522110733576964776e+03 2.687596341708639557e+03 2.862024121364275743e+03 3.045562432508210804e+03 3.238329820654682862e+03 3.440385792868125009e+03 3.651722128002797490e+03 3.872253117090570868e+03 4.101801591890612144e+03 4.340084939890837632e+03 4.586701143354255692e+03 4.841113474530237909e+03 5.102631357955013300e+03 5.370407135619352630e+03 5.643407088593733533e+03 5.920363313444866435e+03 6.199946835779782305e+03 6.480447112562342227e+03 6.759595321286938997e+03 7.035136868305547978e+03 7.304708524986304838e+03 7.565635884535192417e+03 7.814765255929845807e+03 8.048597770317601316e+03 8.263338467490888434e+03 8.454948757297301199e+03 8.619193928714606955e+03 8.751572102916637959e+03 8.847467892719969313e+03 8.902313020913397850e+03 8.911705621872630218e+03 8.871688158173579723e+03 8.779022172575318109e+03 8.631502949954880023e+03 8.428399121910157191e+03 8.170866006185319748e+03 7.862323295371130371e+03 7.508779851454489290e+03 7.119030425893874053e+03 6.704556999501838618e+03 6.278848253290340836e+03 5.856618300051492952e+03 5.453664730122978654e+03 5.081830442423080967e+03 4.749781065230671629e+03 4.468773112620150641e+03 4.231888344882730053e+03 4.024378461117231836e+03 3.830843643707659339e+03 3.630658446890663527e+03 3.397220834445413857e+03 3.112741668868842225e+03 2.785566597997069948e+03 2.447847323226847038e+03 2.138326634603316506e+03 1.891404212435199270e+03 1.722381115476955301e+03 1.608489605836503415e+03 1.498977450598373707e+03 1.352991485140028317e+03 1.173043802746760548e+03 1.002241056022899215e+03 8.855295842184713138e+02 8.123715902523208570e+02 7.367835249799870780e+02 6.380047686670408211e+02 5.494464525508474253e+02 4.914593280056680555e+02 4.389307326639316216e+02 3.796362407610197351e+02 3.327074190531402564e+02 2.945077987109933702e+02 2.560538333057384079e+02 2.246955127272529182e+02 1.966675657830425052e+02 1.718729408272316732e+02 1.504687275772435555e+02 1.315945790783760856e+02 1.151923467746630791e+02 1.008857189987397760e+02 8.840545217490154073e+01 7.755912983489365331e+01 6.811388630335019911e+01 5.989457220444602115e+01 5.274751094439614718e+01 4.653333927594881914e+01 4.112812753744519512e+01 3.642419342210747857e+01 3.232769935654343385e+01 2.875720327500543050e+01 2.564228280965060591e+01 2.292091183612218686e+01 2.053914014252051956e+01 1.845081367449786569e+01 1.661555067518026618e+01 1.499842925895718615e+01 1.356972402585794413e+01 1.230304252419624333e+01 1.117543751580595313e+01 1.016762606298561700e+01 9.263083710019817119e+00 8.447740975651930384e+00 7.709767880643804361e+00 7.039004825966049594e+00 6.426803275612680721e+00 5.865947020882384955e+00 5.350589468432396245e+00 4.875923312563849699e+00 4.437905874358405001e+00 4.033409440100666821e+00 3.659894523785291565e+00 3.315123880836018166e+00 2.997373368553868822e+00 2.705171587633862451e+00 2.437072818999180601e+00 2.191838967022588847e+00 1.968286820013617433e+00 1.765158325802675732e+00 1.581240723870358300e+00
1.375042460047897293e+03 1.471187812976690338e+03 1.573577227569627212e+03 1.682528477380495588e+03 1.798361101350359149e+03 1.921394389883230588e+03 2.051942554434575413e+03 2.190310993417625923e+03 2.336791311262469208e+03 2.491654366677432790e+03 2.655143353509191911e+03 2.827466957474881383e+03 3.008791670078984225e+03 3.199233353634754167e+03 3.398851276116800364e+03 3.607638193193345160e+03 3.825508478961189212e+03 4.052287596705258693e+03 4.287696945150398278e+03 4.531339142669648936e+03 4.782683080961867745e+03 5.041047622195181248e+03 5.305594759648633953e+03 5.575301379159996941e+03 5.848918404598649431e+03 6.125132781056188833e+03 6.402252753420536465e+03 6.678036679024669866e+03 6.950257072694938870e+03 7.216580791901257726e+03 7.474366387135349214e+03 7.720495389549343599e+03 7.951511987780687377e+03 8.163669102416733040e+03 8.352977042731923575e+03 8.515248587512389349e+03 8.646035815699002342e+03 8.740781887448882117e+03 8.794975299450385137e+03 8.804260776363582409e+03 8.764732256809160390e+03 8.673193678585173984e+03 8.527460873993260975e+03 8.326812337614430362e+03 8.072391028835319048e+03 7.767575098194587554e+03 7.418299511703331518e+03 7.033252187705903452e+03 6.623776773294222039e+03 6.203199789309464904e+03 5.786058031630133883e+03 5.387958906633832157e+03 5.020602687174202401e+03 4.692551351422897824e+03 4.414929278406951198e+03 4.180904135565022443e+03 3.975904295841774911e+03 3.784714303067882156e+03 3.586955691807419953e+03 3.356339891841082135e+03 3.075280934999161218e+03 2.752019456674470803e+03 2.418321002853285790e+03 2.112473866837848163e+03 1.868480513823127239e+03 1.701478070258042408e+03 1.588972341998314505e+03 1.480794682136342999e+03 1.336544658805355994e+03 1.158689793826832783e+03 9.898557544412718698e+02 8.745113660329152481e+02 8.022542493399593013e+02 7.275921665657167523e+02 6.299637501377678745e+02 5.424337888132743046e+02 4.851649792598847171e+02 4.332926144861331181e+02 3.746954840172469403e+02 3.283354973517547251e+02 2.906152865024369589e+02 2.526209209420688069e+02 2.216502498536133317e+02 1.939677383666709147e+02 1.694782452284106853e+02 1.483414446193991409e+02 1.297031884582288228e+02 1.135081816608210517e+02 9.938375520890210169e+01 8.706381056424169174e+01 7.635842849131235255e+01 6.703718026908006777e+01 5.892701615614844002e+01 5.187609403663000762e+01 4.574668989151359710e+01 4.041631936817295667e+01 3.577855041504655986e+01 3.174066612707121138e+01 2.822220728298347225e+01 2.515358997689105891e+01 2.247354571529134049e+01 2.012879024685919305e+01 1.807373090059956056e+01 1.626849034358237844e+01 1.467858816458988791e+01 1.327466868376615317e+01 1.203067146778122165e+01 1.092393991488090066e+01 9.935431829599014719e+00 9.048821518281638276e+00 8.250204213008874632e+00 7.527885878666293884e+00 6.871810635492940911e+00 6.273411232042174213e+00 5.725538217413393305e+00 5.222385069606148456e+00 4.759170691437544676e+00 4.331876698296872163e+00 3.937385617161151874e+00 3.573164745988047120e+00 3.236989977750849512e+00 2.927147761624057321e+00 2.642180654022022956e+00 2.380665472608586519e+00 2.141390099375588996e+00 1.923201848389240798e+00 1.724878686219531554e+00 1.545247484460242404e+00
1.358518946199087395e+03 1.453511377230678818e+03 1.554672928569998021e+03 1.662317515472142986e+03 1.776760975355897472e+03 1.898318712948552729e+03 2.027301460361647514e+03 2.164010512586099594e+03 2.308733261705401219e+03 2.461738583802906760e+03 2.623266589012741406e+03 2.793522939359316752e+03 2.972672559639083374e+03 3.160830263837036455e+03 3.358054150797989223e+03 3.564336725732714058e+03 3.779594146519084006e+03 4.003653812299820402e+03 4.236239801320007246e+03 4.476959502206484103e+03 4.725289690686458925e+03 4.980555983281999033e+03 5.241930667172716312e+03 5.508405145613172863e+03 5.778742513474654515e+03 6.051645410628671925e+03 6.325444208789949698e+03 6.597924817108251773e+03 6.866884722925941787e+03 7.130018019199194896e+03 7.384715968195981077e+03 7.627898899717009954e+03 7.856150314398193586e+03 8.065767911183772412e+03 8.252811785603407770e+03 8.413144328471928020e+03 8.542370697562837449e+03 8.635988360770075815e+03 8.689539390577405356e+03 8.698721151265966910e+03 8.659673919533915978e+03 8.569240188938505526e+03 8.425263226930324890e+03 8.227027374202383726e+03 7.975662241615554194e+03 7.674506560245395121e+03 7.329421827632659188e+03 6.948994355865921534e+03 6.544430383488064763e+03 6.128893389623446637e+03 5.716749291357342372e+03 5.323418042269538091e+03 4.960459841923834574e+03 4.636336703303951253e+03 4.362041308926101010e+03 4.130823717054653571e+03 3.928288156949064614e+03 3.739401618344138114e+03 3.544026615652270721e+03 3.316182378700436402e+03 3.038483660506918113e+03 2.719066965148314011e+03 2.389319574144828493e+03 2.087081665251496815e+03 1.845967473741299955e+03 1.680950201226582976e+03 1.569805682218231823e+03 1.462938471899004298e+03 1.320394320807985650e+03 1.144596973317833545e+03 9.776987206379452573e+02 8.636977508516181388e+02 7.923247673569208018e+02 7.185712757421838432e+02 6.220734636968479663e+02 5.355539911829324637e+02 4.789903129226730130e+02 4.277618733783540392e+02 3.698500742268587942e+02 3.240488045274902902e+02 2.867992172374360393e+02 2.492564684564163713e+02 2.186664393638816080e+02 1.913231107482450852e+02 1.671331970825691826e+02 1.462589050533786406e+02 1.278521749886900523e+02 1.118605543957907855e+02 9.791486984654370929e+01 8.575224397539201959e+01 7.518504493383390752e+01 6.598538761250203777e+01 5.798225863173185246e+01 5.102558281249175565e+01 4.497924273450364296e+01 3.972218316695791884e+01 3.514920657637490109e+01 3.116869745229433519e+01 2.770116021964706121e+01 2.467783362260258428e+01 2.203819257929653475e+01 1.972960635583241995e+01 1.770703341365927486e+01 1.593109178342954557e+01 1.436773463327416955e+01 1.298796945542066972e+01 1.176606234725232447e+01 1.067964270883764577e+01 9.709905232946095310e+00 8.840719965518610834e+00 8.058344499439570541e+00 7.351218987623648893e+00 6.709391003203784010e+00 6.124375008304328460e+00 5.589088641579555095e+00 5.097766290094715380e+00 4.645653957254398669e+00 4.228758047064515857e+00 3.843971812050728687e+00 3.488769555606092698e+00 3.160940040265928452e+00 2.858779814897892457e+00 2.580844590038747999e+00 2.325732532904913885e+00 2.092255957955225121e+00 1.879290969919042542e+00 1.685649776106369790e+00 1.510197065260253435e+00
1.342287430318644510e+03 1.436146855700008246e+03 1.536102063473459793e+03 1.642463251031012533e+03 1.755542292436814023e+03 1.875650770468554583e+03 2.003095271942890122e+03 2.138173868339530600e+03 2.281171285206793982e+03 2.432351990390539868e+03 2.591953306216866167e+03 2.760179037588929987e+03 2.937192116531636202e+03 3.123105829396366971e+03 3.317977494491751713e+03 3.521799791999910212e+03 3.734490138456423210e+03 3.955878121107777133e+03 4.185690960377928604e+03 4.423540516442551962e+03 4.668909956229940690e+03 4.921133051950876506e+03 5.179392160977707135e+03 5.442690796195662188e+03 5.709806203172668575e+03 5.979457381802131749e+03 6.249994417256782071e+03 6.519227552430215837e+03 6.784983428959781122e+03 7.044983737621122600e+03 7.296649067967024166e+03 7.536937140397559233e+03 7.762472398414590316e+03 7.969596725862619678e+03 8.154417015947780783e+03 8.312844256024991410e+03 8.440536875980769764e+03 8.533045896879157226e+03 8.585965402763966267e+03 8.595046086162559732e+03 8.556471563944198351e+03 8.467120867082145196e+03 8.324867378672499399e+03 8.129002120951205143e+03 7.880640058506472087e+03 7.583080476739549340e+03 7.242114370762733415e+03 6.866222908376786108e+03 6.466480771341577565e+03 6.055897478308572317e+03 5.648662815056055479e+03 5.260014891238576638e+03 4.901378383736072465e+03 4.581114099367707240e+03 4.310085792695560485e+03 4.081626515311211733e+03 3.881511815544289220e+03 3.694887849749231464e+03 3.501854400016070940e+03 3.276732957532893579e+03 3.002335781847301405e+03 2.686696494551184060e+03 2.360831327386425983e+03 2.062140952818864207e+03 1.823856297091203487e+03 1.660789934732930760e+03 1.550982697962765087e+03 1.445402807484112145e+03 1.304535499897919863e+03 1.130760910488151694e+03 9.657662594020824827e+02 8.530857949868798187e+02 7.825805593321997549e+02 7.097190715538583845e+02 6.143324023088341619e+02 5.288060674214150367e+02 4.729342957237814744e+02 4.223378579080142572e+02 3.650995363743841722e+02 3.198470948270979193e+02 2.830593706240933898e+02 2.459603029057983008e+02 2.157438580630890499e+02 1.887335301652729811e+02 1.648377302544775773e+02 1.442210350448982297e+02 1.260415025509854274e+02 1.102493913047863856e+02 9.647905046052669320e+01 8.447068645937544318e+01 7.403898410405908237e+01 6.495851153104567288e+01 5.706026614669478647e+01 5.019591940347646641e+01 4.423093329875504764e+01 3.904565379179646101e+01 3.453609464609686341e+01 3.061172123882574425e+01 2.719398390791660702e+01 2.421492933739580167e+01 2.161476289216815516e+01 1.934149601275743180e+01 1.735062859619778308e+01 1.560326430668840025e+01 1.406578090916065982e+01 1.270954177498075310e+01 1.150913363462247752e+01 1.044246704479489019e+01 9.490969657881786148e+00 8.638704788279264690e+00 7.872090773663262375e+00 7.179700631368041819e+00 6.551684874266284098e+00 5.979639576726557770e+00 5.456549377879620799e+00 4.976690012427106957e+00 4.535335143352486220e+00 4.128516261518227815e+00 3.753137966037932927e+00 3.406682055206355919e+00 3.086950073448726073e+00 2.792248083068136211e+00 2.521143963320615633e+00 2.272255964999461586e+00 2.044419483543729488e+00 1.836537956213984524e+00 1.647456224747377629e+00 1.476074894427604534e+00
1.326340945128210933e+03 1.419087745019219938e+03 1.517857884004323523e+03 1.622957880935955927e+03 1.734696369464950976e+03 1.853381165122597622e+03 1.979314740749951852e+03 2.112791595347977363e+03 2.254093356994330861e+03 2.403480790153427279e+03 2.561189270919193859e+03 2.727420512770725509e+03 2.902334309838576246e+03 3.086043513467780031e+03 3.278604866525868147e+03 3.480010523718672175e+03 3.690178823990689580e+03 3.908941486300718680e+03 4.136029541306733336e+03 4.371059676826462237e+03 4.613519978739810540e+03 4.862753407456341847e+03 5.117951921417107769e+03 5.378129163545875599e+03 5.642079613365476689e+03 5.908536224632923222e+03 6.175867490839070342e+03 6.441912060748552904e+03 6.704520916109636346e+03 6.961441969967323530e+03 7.210127281402056724e+03 7.447571723853820004e+03 7.670438501095063657e+03 7.875112541936488014e+03 8.057748280396803239e+03 8.214305885619378387e+03 8.340491429311254251e+03 8.431908536833090693e+03 8.484207997659135799e+03 8.493188364332541823e+03 8.455079422338956647e+03 8.366796865495361999e+03 8.226234959665884162e+03 8.032697572415397190e+03 7.787286127661916908e+03 7.493258018776371500e+03 7.156337468164005259e+03 6.784904425588896629e+03 6.389900687560915685e+03 5.984181260386588292e+03 5.581769764682484492e+03 5.197723672193900711e+03 4.843332306592402347e+03 4.526858940483499282e+03 4.259040883131098781e+03 4.033290769955803171e+03 3.835554930590795266e+03 3.651153721966280500e+03 3.460419107950066518e+03 3.237971211452671469e+03 2.966818093225500434e+03 2.654890607979481501e+03 2.332841031575278976e+03 2.037637358632215637e+03 1.802133611657389338e+03 1.640984373616090807e+03 1.532490166386994360e+03 1.428175044501725552e+03 1.288955110804970900e+03 1.117169740851280494e+03 9.540469375741943168e+02 8.426642638591914647e+02 7.730107834671397313e+02 7.010248243182583110e+02 6.067302059152978018e+02 5.221802640044677446e+02 4.669876718200813457e+02 4.170117603516787881e+02 3.604356088029546186e+02 3.157224060976482178e+02 2.793884931894891110e+02 2.427255516943203872e+02 2.128763062492084259e+02 1.861932289230828133e+02 1.625864943122711281e+02 1.422229165298853388e+02 1.242666402312251819e+02 1.086705627646943810e+02 9.507247429675982175e+01 8.321565372520011294e+01 7.291697422152988395e+01 6.395355026776704221e+01 5.615831672514899964e+01 4.938462446037539166e+01 4.349948568440984786e+01 3.838463557146603478e+01 3.393728644567741526e+01 3.006796695164421251e+01 2.669905515300994026e+01 2.376339076938783279e+01 2.120189605889618889e+01 1.896321278381615372e+01 1.700337272404685152e+01 1.528395736492019452e+01 1.377176254062701766e+01 1.243850196713784584e+01 1.125907770683512332e+01 1.021167669057452088e+01 9.277955717190911500e+00 8.442168958928773392e+00 7.690893934376981100e+00 7.012835295103329258e+00 6.398245997504216298e+00 5.838803634961568179e+00 5.327559871088936916e+00 4.858832793083932344e+00 4.427924991343583194e+00 4.030893829979208753e+00 3.664655722391214177e+00 3.326700073814975678e+00 3.014840968043247749e+00 2.727393790591896128e+00 2.462938199260541694e+00 2.220111690006811411e+00 1.997771369778532202e+00 1.794846383017863145e+00 1.610212578558374963e+00 1.442804924275746359e+00
1.310673365516444164e+03 1.402326365759667624e+03 1.499932077724351075e+03 1.603793381088603155e+03 1.714214732014003175e+03 1.831500211731217860e+03 1.955949155183333005e+03 2.087852487102371924e+03 2.227488043069767627e+03 2.375114249232246948e+03 2.530963205503746394e+03 2.695234097235327226e+03 2.868085874206596600e+03 3.049629161522511367e+03 3.239919938829868897e+03 3.438950964962342823e+03 3.646641402974120410e+03 3.862824878422983147e+03 4.087235657419985273e+03 4.319495268197755649e+03 4.559098299397417577e+03 4.805394272497062957e+03 5.057584810684370495e+03 5.314696557723524165e+03 5.575535982402411719e+03 5.838852349089989730e+03 6.103035151937752744e+03 6.365947160372606049e+03 6.625464195275686507e+03 6.879360134463008762e+03 7.125117144204728902e+03 7.359767161258659144e+03 7.580012835277514569e+03 7.782280622429590949e+03 7.962769103800850644e+03 8.117486233900813204e+03 8.242190286982588077e+03 8.332537740224875961e+03 8.384229460652990383e+03 8.393110165307374700e+03 8.355456149627596460e+03 8.268221534344218526e+03 8.129323047141630923e+03 7.938073294354500831e+03 7.695560594425065574e+03 7.405002634623127051e+03 7.072055458400885072e+03 6.705003085034202741e+03 6.314656733377632918e+03 5.913716599994237185e+03 5.516044535877885210e+03 5.136520307920121013e+03 4.786299642684206447e+03 4.473550423124730514e+03 4.208887018809723486e+03 3.985799578510114770e+03 3.790399495324425516e+03 3.608180907253356509e+03 3.419706252304292320e+03 3.199886470722629838e+03 2.931919982707387589e+03 2.623640462045608274e+03 2.305341506019944063e+03 2.013564753527220091e+03 1.780794573158578487e+03 1.621529916013143975e+03 1.514325954751579502e+03 1.411253061327798832e+03 1.273652613348114073e+03 1.103823228214330584e+03 9.425418348669084025e+02 8.324348565168683081e+02 7.636177155930689651e+02 6.924915028014803511e+02 5.992702405808589674e+02 5.156800987692172384e+02 4.611542389695857764e+02 4.117873829938151857e+02 3.558621091597091777e+02 3.116786864554697445e+02 2.757901022504162825e+02 2.395557912989015392e+02 2.100670587630697241e+02 1.837053090967476123e+02 1.603823817381046979e+02 1.402672571066959790e+02 1.225300907811972451e+02 1.071263422943701471e+02 9.369724845003220537e+01 8.198903334768937157e+01 7.182091292244986391e+01 6.297223522240965110e+01 5.527791058136185143e+01 4.859301668179308109e+01 4.278609535254486218e+01 3.774022493538920742e+01 3.335378195218597597e+01 2.953833751229644733e+01 2.621718376830335373e+01 2.332394153741230625e+01 2.080023789819571789e+01 1.859533363778831472e+01 1.666578283282112594e+01 1.497363536152836616e+01 1.348609651173440760e+01 1.217522336065544764e+01 1.101622773526761456e+01 9.987568391521145728e+00 9.071127523923406599e+00 8.251347485281630867e+00 7.514963004614117814e+00 6.850808797616016577e+00 6.249239694582449545e+00 5.702014735952102065e+00 5.202252525657040216e+00 4.744313811849786511e+00 4.323530508740603295e+00 3.935986064598328671e+00 3.578609349421794317e+00 3.248897951817012242e+00 2.944678508940633765e+00 2.664275196149808789e+00 2.406278514903276378e+00 2.169344037750259968e+00 1.952349419216055981e+00 1.754248267111240045e+00 1.573946015554249067e+00 1.410410250217815742e+00
1.295277609351752517e+03 1.385856317293205848e+03 1.482317998296799487e+03 1.584961778747068365e+03 1.694088775573411567e+03 1.809999512481061402e+03 1.932989572993357569e+03 2.063346573260177138e+03 2.201345308667853260e+03 2.347240449712014652e+03 2.501262140116848968e+03 2.663607450704374969e+03 2.834432200806490528e+03 3.013846932811964052e+03 3.201906980730138457e+03 3.398604531260620206e+03 3.603860216708415919e+03 3.817509566276100031e+03 4.039289976017388199e+03 4.268827260160705919e+03 4.505621107106064301e+03 4.749030466670817987e+03 4.998266057068330156e+03 5.252363694206154833e+03 5.510147417773271627e+03 5.770380576997717071e+03 6.031468992414153035e+03 6.291300431608740837e+03 6.547778043392611835e+03 6.798701691401928656e+03 7.041582169820141644e+03 7.273487792661438107e+03 7.491157742084237725e+03 7.691059461133683726e+03 7.869437516416620383e+03 8.022347403229888187e+03 8.145597156518223528e+03 8.234892833424883065e+03 8.285984531337911903e+03 8.294768756083234621e+03 8.257563972864552852e+03 8.171358307461929144e+03 8.034094700650251070e+03 7.845091814876919670e+03 7.605425855757669524e+03 7.318278380139890032e+03 6.989237385884599462e+03 6.626487823636338362e+03 6.240715856761512441e+03 5.844474487510709878e+03 5.451458709288481259e+03 5.076376598724226824e+03 4.730255338232276699e+03 4.421166457994385382e+03 4.159603213959288041e+03 3.939131700278571316e+03 3.746027443613380001e+03 3.565953995084905728e+03 3.379698475788226915e+03 3.162460673251507160e+03 2.897626584714607816e+03 2.592931968569233504e+03 2.278319570776101955e+03 1.989911762396030099e+03 1.759829247798887536e+03 1.602416222621186080e+03 1.496480550531979361e+03 1.394628256674034674e+03 1.258619943784691259e+03 1.090714293318544151e+03 9.312436615005733529e+02 8.223912087653349090e+02 7.543949779365203767e+02 6.841129321704655695e+02 5.919469468338307934e+02 5.093003253981902958e+02 4.554292132385814398e+02 4.066602945184944247e+02 3.513747711215784761e+02 3.077119177868719930e+02 2.722606686007981125e+02 2.364476320071962334e+02 2.073130444327907753e+02 1.812669354639901655e+02 1.582227781590830773e+02 1.383516366493336989e+02 1.208296334520332778e+02 1.056147388889604031e+02 9.235151588801255684e+01 8.078920003014769691e+01 7.074908033632125637e+01 6.201298006112311612e+01 5.441768727942466910e+01 4.781990281940198173e+01 4.208966504259190344e+01 3.711139287919573349e+01 3.278462033559807765e+01 2.902194470595778242e+01 2.574755332038702349e+01 2.289583265289539327e+01 2.040910088080153528e+01 1.823722595689449122e+01 1.633727466034403619e+01 1.467175740902908210e+01 1.320828236299982095e+01 1.191924434113989584e+01 1.078015953364571899e+01 9.769753623578681712e+00 8.870130240335285521e+00 8.065917198101761443e+00 7.344004508496239758e+00 6.693355424702632561e+00 6.104426011065188007e+00 5.569056581999912048e+00 5.080432583056896156e+00 4.632958068507813998e+00 4.221995124072203787e+00 3.843653776092946561e+00 3.494875722674610774e+00 3.173166860204494011e+00 2.876366164964887950e+00 2.602806402248984963e+00 2.351088517523159283e+00 2.119885353601916655e+00 1.908093858461463510e+00 1.714690617334253320e+00 1.538609133126407569e+00 1.378848134517857815e+00
1.280148105497297820e+03 1.369670794194621976e+03 1.465008050022988300e+03 1.566455514883189835e+03 1.674310553321052112e+03 1.788870236325448104e+03 1.910426704423740603e+03 2.039263968854990935e+03 2.175653604755209017e+03 2.319848428746445734e+03 2.472074636361651756e+03 2.632526446902328189e+03 2.801359744805433365e+03 2.978682939506556522e+03 3.164550496626731729e+03 3.358955185897578758e+03 3.561818473593405997e+03 3.772977375255835341e+03 3.992172544592425311e+03 4.219034642513616745e+03 4.453068753225854380e+03 4.693641057344103501e+03 4.939972032055570708e+03 5.191109335011201438e+03 5.445889267417599513e+03 5.703090502734743495e+03 5.961138574500671893e+03 6.217944828091255658e+03 6.471435986688040430e+03 6.719438708183326526e+03 6.959493081418546353e+03 7.188698452212812299e+03 7.403834784401768047e+03 7.601412198383763098e+03 7.777717655026930515e+03 7.928852424120012074e+03 8.050672067852950022e+03 8.138933112753523346e+03 8.189436863914052992e+03 8.198124684465237806e+03 8.161359359208458955e+03 8.076165710667811254e+03 7.940508484963897899e+03 7.753714842392377250e+03 7.516847821233540344e+03 7.233051059499608527e+03 6.907848406962131776e+03 6.549328058135443825e+03 6.168051497752545401e+03 5.776426437596453979e+03 5.387987750072746167e+03 5.017272114655431324e+03 4.675179033989959862e+03 4.369687331687351616e+03 4.111169463654929132e+03 3.893268599731057293e+03 3.702420305736090540e+03 3.524454766360309804e+03 3.340380044595557138e+03 3.125680104822596604e+03 2.863923480997967090e+03 2.562753799287936090e+03 2.251764762631053600e+03 1.966668870232795598e+03 1.739228749503583913e+03 1.583636709446658188e+03 1.478946552038312120e+03 1.378293480766060384e+03 1.243850644986575162e+03 1.077836909356798515e+03 9.201479411061972087e+02 8.125286193859507193e+02 7.453388036665105574e+02 6.758856348326304442e+02 5.847572720344605841e+02 5.030383076315412723e+02 4.498098763419424699e+02 4.016280620775189618e+02 3.469715891519497291e+02 3.038202658107554157e+02 2.687985348072303964e+02 2.333995343462607366e+02 2.046128735871219533e+02 1.788768530933608929e+02 1.561065536763899502e+02 1.364750365273912678e+02 1.191643238680144208e+02 1.041348582359666466e+02 9.103449412873143842e+01 7.961534433949171330e+01 6.970090390908900702e+01 6.107526511831404292e+01 5.357709366243155102e+01 4.706472772382217329e+01 4.140968014079583526e+01 3.649767569587088190e+01 3.222937906784905238e+01 2.851839531803167560e+01 2.528979338153583356e+01 2.247871365332450821e+01 2.002815379841949905e+01 1.788857821936781534e+01 1.601755737916197830e+01 1.437805346287415809e+01 1.293806954087756722e+01 1.167033176349585588e+01 1.055065581058958379e+01 9.558030407946125351e+00 8.674777301491413795e+00 7.885706797344997909e+00 7.177861660092835550e+00 6.540331779029139980e+00 5.963674043601459474e+00 5.439810328472381329e+00 4.961993093689432754e+00 4.524670065215794956e+00 4.123233868739827557e+00 3.753821305078651083e+00 3.413387398123936212e+00 3.099446776402981829e+00 2.809850747540270088e+00 2.542940397520246698e+00 2.297326554244802477e+00 2.071698461648545653e+00 1.864971299081702893e+00 1.676143415039263562e+00 1.504175039737803310e+00 1.348094496879718163e+00
1.265278703714795029e+03 1.353763667508708522e+03 1.447995848331334173e+03 1.548267345106157563e+03 1.654872255338956393e+03 1.768104281014450862e+03 1.888251826814629794e+03 2.015595650584733676e+03 2.150404447745371726e+03 2.292927328473239868e+03 2.443388413636598216e+03 2.601980313919765649e+03 2.768856583504170430e+03 2.944123725442085743e+03 3.127836248109875669e+03 3.319987518317281683e+03 3.520498733846958658e+03 3.729209807230543902e+03 3.945864565002300424e+03 4.170097249563204969e+03 4.401419408096817278e+03 4.639203783687435134e+03 4.882679994607014123e+03 5.130908070524586947e+03 5.382736730190171329e+03 5.636958195588053059e+03 5.892016743194933952e+03 6.145848920884508516e+03 6.396405185165190233e+03 6.641536811681865402e+03 6.878812135054146893e+03 7.105364650286726828e+03 7.318013739789390456e+03 7.513307935540113249e+03 7.687573948406139607e+03 7.836962472938421342e+03 7.957377613568831293e+03 8.044622516480434570e+03 8.094545846785166759e+03 8.103140849724331929e+03 8.066810066463956900e+03 7.982609788470504100e+03 7.848531027740657919e+03 7.663907841784441189e+03 7.429790797407079481e+03 7.149287595747279738e+03 6.827857376676398417e+03 6.473494360005935960e+03 6.096636396893945857e+03 5.709546645828274450e+03 5.325605523014038226e+03 4.959181692956215556e+03 4.621047887252813780e+03 4.319091051814855746e+03 4.063566597855520740e+03 3.848192727933540482e+03 3.659561696215328539e+03 3.483667184589482531e+03 3.301736448788643884e+03 3.089529206139512553e+03 2.830798225111501324e+03 2.533093274295929405e+03 2.225666736886259059e+03 1.943827346079573772e+03 1.718984967368733351e+03 1.565182358249815479e+03 1.461716835112944636e+03 1.362242510612604519e+03 1.229338316607154638e+03 1.065186039077984560e+03 9.092493775593941336e+02 8.028428056051315025e+02 7.364449458432198981e+02 6.678059620926148909e+02 5.776976650167470098e+02 4.968908536413583192e+02 4.442936938680104504e+02 3.966883574843591305e+02 3.426503936266560686e+02 3.000017049524496997e+02 2.654018595758350898e+02 2.304099528976545344e+02 2.019651064717974975e+02 1.765337407465018202e+02 1.540325077285290547e+02 1.346363518302053421e+02 1.175331890138814543e+02 1.026857931794304761e+02 8.974534499020791145e+01 7.846673860345963192e+01 6.867565491919458509e+01 6.015841451313328037e+01 5.275552873973648360e+01 4.632694606328377063e+01 4.074562998910566591e+01 3.589859027590962626e+01 3.168760407419495095e+01 2.802726646718442183e+01 2.484351188010758449e+01 2.207222124325725332e+01 1.965705937936324332e+01 1.754907623618872492e+01 1.570633702858928871e+01 1.409224811888061524e+01 1.267520098737959877e+01 1.142824755101503165e+01 1.032749725972283983e+01 9.352196574173595067e+00 8.484881233062351313e+00 7.710541952349669437e+00 7.016373211297111112e+00 6.391590561730139619e+00 5.826850858535707722e+00 5.314156823389590834e+00 4.846827424932826034e+00 4.419354371531681203e+00 4.027161429222299027e+00 3.666412546067876921e+00 3.334076620137973013e+00 3.027677436351772222e+00 2.745078649652169300e+00 2.484629469734997098e+00 2.244950137216391362e+00 2.024745503985975414e+00 1.822947909111743536e+00 1.638576218661756734e+00 1.470616067156525153e+00 1.318124010426537041e+00
1.250663713499892083e+03 1.338128359499909948e+03 1.431274180678440644e+03 1.530390111340753265e+03 1.635766490018361765e+03 1.747693300835773925e+03 1.866456022999215293e+03 1.992332166545832933e+03 2.125586784582983455e+03 2.266466377831259251e+03 2.415192574219079688e+03 2.571955935696769302e+03 2.736908609055826673e+03 2.910155496757565288e+03 3.091750107493123778e+03 3.281685989865792635e+03 3.479885777197641346e+03 3.686190741767678446e+03 3.900348049272991375e+03 4.121996675447242524e+03 4.350652224946276874e+03 4.585695731333670665e+03 4.826366874568504500e+03 5.071735675246450228e+03 5.320662016915303866e+03 5.571954420661057156e+03 5.824076424466381468e+03 6.074985160425251706e+03 6.322656874992831035e+03 6.564966956925979503e+03 6.799510362366806476e+03 7.023456335468144971e+03 7.233658959316298933e+03 7.426707247122189983e+03 7.598972356603974731e+03 7.746644958380356911e+03 7.865677466142517915e+03 7.951923399587922177e+03 8.001278589203167940e+03 8.009781534727926555e+03 7.973875562546666515e+03 7.890651067943263115e+03 7.758123235156737792e+03 7.575633956102527009e+03 7.344220361816940567e+03 7.066953550434413955e+03 6.749231074603764682e+03 6.398953809514237946e+03 6.026439029467441287e+03 5.643809187554922573e+03 5.264289578056969731e+03 4.902083561440673293e+03 4.567840873594772347e+03 4.269359092994211096e+03 4.016777198293954825e+03 3.803886325762254728e+03 3.617434134562712643e+03 3.443575873743732700e+03 3.263751498936476764e+03 3.053995154479680423e+03 2.798237988559259975e+03 2.503937864646803973e+03 2.200014637799981756e+03 1.921377336211708553e+03 1.699089572487035639e+03 1.547046918931923301e+03 1.444784438391757703e+03 1.346468848555913837e+03 1.215077496851383103e+03 1.052756068868760849e+03 8.985438606528826995e+02 7.933298953362835846e+02 7.277096430103312059e+02 6.598705726518330721e+02 5.707652555728910784e+02 4.908555066333801165e+02 4.388782162544691801e+02 3.918391069342169999e+02 3.384093571951325430e+02 2.962546626773032585e+02 2.620692236912000794e+02 2.274774952038264360e+02 1.993684900326357194e+02 1.742364904473821525e+02 1.519996641904581907e+02 1.328346753545845331e+02 1.159353839889171951e+02 1.012668057533721111e+02 8.848334016807206126e+01 7.734273339970020800e+01 6.767275703633285389e+01 5.926189205242621938e+01 5.195248354082411879e+01 4.560608159322305966e+01 4.009707628156238002e+01 3.531373409632833926e+01 3.115892218208632514e+01 2.754820862798738546e+01 2.440837984263430371e+01 2.167604564267689327e+01 1.929552638770417872e+01 1.721844686531012059e+01 1.540335819000761042e+01 1.381410285081465972e+01 1.241945364505532901e+01 1.119278243699744024e+01 1.011048761097780435e+01 9.152069287393404196e+00 8.300273789383746603e+00 7.540269474909400138e+00 6.859400299614849317e+00 6.247005722609514144e+00 5.693841768522535318e+00 5.191991721263825355e+00 4.734840868273630932e+00 4.316925414085365453e+00 3.933700990534767072e+00 3.581359124851655196e+00 3.256882952110775165e+00 2.957805579691929587e+00 2.682002873804850474e+00 2.427832000561278569e+00 2.193922258019429528e+00 1.978993422487151932e+00 1.781994051790044331e+00 1.601962409120779363e+00 1.437908298426246123e+00 1.288915127682642048e+00
1.236296975170373798e+03 1.322759142118905629e+03 1.414837150472841813e+03 1.512816762395144679e+03 1.616985619498947472e+03 1.727629498141216573e+03 1.845030678194510301e+03 1.969463703573751673e+03 2.101190534111613488e+03 2.240455110558143588e+03 2.387476404103507321e+03 2.542442464922537056e+03 2.705503623303170116e+03 2.876764230406411571e+03 3.056277300601905608e+03 3.244035984030251711e+03 3.439963503630753621e+03 3.643904093500859744e+03 3.855606684582949583e+03 4.074713111017853407e+03 4.300748400271236278e+03 4.533099410395966515e+03 4.771012172689454019e+03 5.013567985506701916e+03 5.259643175136904574e+03 5.508058009447649965e+03 5.757291602290629271e+03 6.005326835383352773e+03 6.250162566783303191e+03 6.489698519783634765e+03 6.721557575670130973e+03 6.942940576353551478e+03 7.150737957282020943e+03 7.341578537734225392e+03 7.511875113779538879e+03 7.657860774546886205e+03 7.775534787726945979e+03 7.860798392339854217e+03 7.909593903120960022e+03 7.918006481391888883e+03 7.882519168775820617e+03 7.800254546286422737e+03 7.669251473447764511e+03 7.488859812135763605e+03 7.260104763614518561e+03 6.986020874932782135e+03 6.671941464358586018e+03 6.325679514641399692e+03 5.957434043314249720e+03 5.579186701735293354e+03 5.204013547228690186e+03 4.845954657447600766e+03 4.515537357317215537e+03 4.220471533165157780e+03 3.970782310537535068e+03 3.760332779323180603e+03 3.576022293182178146e+03 3.404165025352778684e+03 3.226410827515462643e+03 3.019062478931320129e+03 2.766229708534693145e+03 2.475278141191902705e+03 2.174799194155703390e+03 1.899310948145790690e+03 1.679535006193479603e+03 1.529222435362057922e+03 1.428142804824638006e+03 1.330965665570895908e+03 1.201062808943667505e+03 1.040542249666050338e+03 8.880264753987740960e+02 7.839855790884620319e+02 7.191293409608796310e+02 6.520759628178311686e+02 5.639571545633390315e+02 4.849297115610881406e+02 4.335612282842584477e+02 3.870780843305870462e+02 3.342464466915047296e+02 2.925773233166640352e+02 2.587989836688350351e+02 2.246007964499866887e+02 1.968217300317782588e+02 1.719839124405586688e+02 1.500068858111068266e+02 1.310690363213442424e+02 1.143699730144905828e+02 9.987702390642434125e+01 8.724775826681616309e+01 7.624264897371591587e+01 6.669149730632825879e+01 5.838504448197186747e+01 5.116739746644930165e+01 4.490163869229418481e+01 3.946355798830128236e+01 3.474267042420922991e+01 3.064292311429625215e+01 2.708084077524485167e+01 2.398404425817357222e+01 2.128985822117331494e+01 1.894324741479804430e+01 1.689640232259808883e+01 1.510835211283248469e+01 1.354336737219422737e+01 1.217059475578373551e+01 1.096372005070044331e+01 9.899425761365057141e+00 8.957461715027474014e+00 8.120781536829699832e+00 7.374728749111808312e+00 6.706794864273850187e+00 6.106441684471136000e+00 5.564523496310534334e+00 5.073203625866407052e+00 4.625933309537642479e+00 4.217293595199945067e+00 3.842772571399822645e+00 3.498589706168362401e+00 3.181742822271325988e+00 2.889774667186823631e+00 2.620573293596555775e+00 2.372503639796170294e+00 2.144203647907019672e+00 1.934407321423569526e+00 1.742078550105996992e+00 1.566273957427197550e+00 1.406026364224683300e+00 1.260444766338604472e+00
1.222173376421755847e+03 1.307649599411941381e+03 1.398678118550850286e+03 1.495541056943537114e+03 1.598522119284316204e+03 1.707904741138505642e+03 1.823967891901097801e+03 1.946982651294060588e+03 2.077207829536961071e+03 2.214884153806543054e+03 2.360228824691570026e+03 2.513428232927926274e+03 2.674630302752713760e+03 2.843938160770831473e+03 3.021404322820631478e+03 3.207022270055673744e+03 3.400716431778522747e+03 3.602331923698930950e+03 3.811621172968184965e+03 4.028231012872562133e+03 4.251689513782681388e+03 4.481391253675737062e+03 4.716592541918796996e+03 4.956385301601929314e+03 5.199656812903941500e+03 5.445240941128226041e+03 5.691635216696796306e+03 5.936845691570430063e+03 6.178893588529453154e+03 6.415701818783973977e+03 6.644920836340878850e+03 6.863785728847041355e+03 7.069220680579086547e+03 7.257891203477400268e+03 7.426250983049175375e+03 7.570576941303738749e+03 7.686916073437016166e+03 7.771215995182093138e+03 7.819462095555551059e+03 7.827783649824127679e+03 7.792706066863977867e+03 7.711386203571656552e+03 7.581883515977781826e+03 7.403553199428847620e+03 7.177408885817146256e+03 6.906452055534990905e+03 6.595955970589742719e+03 6.253643103207296917e+03 5.889595309601005283e+03 5.515657543653809626e+03 5.144756226019848327e+03 4.790772981328291280e+03 4.464116675358435714e+03 4.172409878455462604e+03 3.925564392692440379e+03 3.717514405931362489e+03 3.535309100314416355e+03 3.365418259934850994e+03 3.189699427163087421e+03 2.984719909134233149e+03 2.734761676475690365e+03 2.447102445676267507e+03 2.150010544123538239e+03 1.877618837289417570e+03 1.660313274110927978e+03 1.511702075361380594e+03 1.411785219611718276e+03 1.315727447532261294e+03 1.187287696804853795e+03 1.028539531792129765e+03 8.776931829671430023e+02 7.748059670358489939e+02 7.107003390516971422e+02 6.444187810514902139e+02 5.572702934462339499e+02 4.791105622715459731e+02 4.283401347702172188e+02 3.824032579684118787e+02 3.301597252092326471e+02 2.889679164721283087e+02 2.555894950806978727e+02 2.217782310547896998e+02 1.943235346794896827e+02 1.697747848032722970e+02 1.480530904594484696e+02 1.293384230126845011e+02 1.128360957831303892e+02 9.851567178372529554e+01 8.603782112374099711e+01 7.516577784653867411e+01 6.573131234553240176e+01 5.752735329909587136e+01 5.039975426957431637e+01 4.421311736943896165e+01 3.884461034263989632e+01 3.418497295675927461e+01 3.013921262865238759e+01 2.662479433978660381e+01 2.357015963960282434e+01 2.091333632722366787e+01 1.859992211244225402e+01 1.658266277776618125e+01 1.482105703641933658e+01 1.327979621622234951e+01 1.192839449698003484e+01 1.074084628390481022e+01 9.694113362442889681e+00 8.768190981450967314e+00 7.946236542075435061e+00 7.213765937769980319e+00 6.558416019677704156e+00 5.969769230336734900e+00 5.438777648287656419e+00 4.957684746363743677e+00 4.520007711194275579e+00 4.120372444392997657e+00 3.754299483472795185e+00 3.418036210523356822e+00 3.108595617914015286e+00 2.823530630167354616e+00 2.560741639606924469e+00 2.318601295128241979e+00 2.095755858655603987e+00 1.890952935144020408e+00 1.703170880155442601e+00 1.531483643700776387e+00 1.374945925568368699e+00 1.232691053898559819e+00
1.208287669165215220e+03 1.292794664422715869e+03 1.382790955218685440e+03 1.478555790673305182e+03 1.580369752193407294e+03 1.688512481473815569e+03 1.803259712068134149e+03 1.924879481778835725e+03 2.053627795498696742e+03 2.189743371096051305e+03 2.333440129849585901e+03 2.484901822623578937e+03 2.644275770633457796e+03 2.811664264398620162e+03 2.987118561402756768e+03 3.170631654888516096e+03 3.362129477244768168e+03 3.561459222856830820e+03 3.768375498415486618e+03 3.982528938486860170e+03 4.203455106763303775e+03 4.430554295339936289e+03 4.663089585077911579e+03 4.900163548197009732e+03 5.140678176146511760e+03 5.383480453817872331e+03 5.627083818752890693e+03 5.869516708266906790e+03 6.108823273380417959e+03 6.342950526044015533e+03 6.569575335674319831e+03 6.785962806855261988e+03 6.989071945088722714e+03 7.175608198844323852e+03 7.342067005360510848e+03 7.484763857010758329e+03 7.599788770112595557e+03 7.683137466230681639e+03 7.730844106294527592e+03 7.739078474296165041e+03 7.704404165136340453e+03 7.624011639494651718e+03 7.495983498879001672e+03 7.319679912073555897e+03 7.096103190082284527e+03 6.828221981433305700e+03 6.521248401192704478e+03 6.182816820471672145e+03 5.822895312115704655e+03 5.453194951902978573e+03 5.086494663020792359e+03 4.736519332371229211e+03 4.413560728427644790e+03 4.125155758282120587e+03 3.881105824970825324e+03 3.675415804724582813e+03 3.495281037981648296e+03 3.327323107853118472e+03 3.153604652907479704e+03 2.950953388726293269e+03 2.703820382692547355e+03 2.419399711391769415e+03 2.125638817125751302e+03 1.856292792858079338e+03 1.641417180909591025e+03 1.494479300678277241e+03 1.395705578750854556e+03 1.300747760964201689e+03 1.173747558122759074e+03 1.016742983208862711e+03 8.675395157631820666e+02 7.657872066406172280e+02 7.024191906568026980e+02 6.368961563467530596e+02 5.507019516077892831e+02 4.733957153877095152e+02 4.232128612655455413e+02 3.778124303126600694e+02 3.261474120494203248e+02 2.854249053772956017e+02 2.524394221607016675e+02 2.190086497884671815e+02 1.918726642495369958e+02 1.676080992185716241e+02 1.461373421759411428e+02 1.276419535167302826e+02 1.113329514816375649e+02 9.718199981035189694e+01 8.485290314831196667e+01 7.411152094667612289e+01 6.479162874662041816e+01 5.668828688353741541e+01 4.964906864604780878e+01 4.354007304021896374e+01 3.823982245233694499e+01 3.364025969321719600e+01 2.964743440037556255e+01 2.617973628631344241e+01 2.316641428129623392e+01 2.054618794799499071e+01 1.826527682121918517e+01 1.627697184517605677e+01 1.454123296538969079e+01 1.302316502844227486e+01 1.169264350359140359e+01 1.052396618329064104e+01 9.494369277603384560e+00 8.584089125575935952e+00 7.776483379446228916e+00 7.057237722445478312e+00 6.414132394918479640e+00 5.836868909690223539e+00 5.316496274823752977e+00 4.845337647884687016e+00 4.416975828457847086e+00 4.026081879408068609e+00 3.668209315366612433e+00 3.339633752602927164e+00 3.037383732955959648e+00 2.759022616779176929e+00 2.502463107179478286e+00 2.266085453519871340e+00 2.048543939212761344e+00 1.848599192667427893e+00 1.665243265356292079e+00 1.497566509693384562e+00 1.344644457773040980e+00 1.205633591112363234e+00
1.194634047095200685e+03 1.278188307668704283e+03 1.367169954993046758e+03 1.461854964004628755e+03 1.562521025839563663e+03 1.669444275960820733e+03 1.782897871561387547e+03 1.903146653926379486e+03 2.030442886800692577e+03 2.165023378026442515e+03 2.307099616202852758e+03 2.456853108435213471e+03 2.614429860546779764e+03 2.779930725405421526e+03 2.953406320805034284e+03 3.134849972530906598e+03 3.324188589642263651e+03 3.521270461044528929e+03 3.725853769060287505e+03 3.937593784897479964e+03 4.156028529784415696e+03 4.380566602094922018e+03 4.610481427819098826e+03 4.844884815501275625e+03 5.082688084423236432e+03 5.322752945450232801e+03 5.563611893860509554e+03 5.803314232212819661e+03 6.039925632676954592e+03 6.271416664119966299e+03 6.495490235895239493e+03 6.709441035223682775e+03 6.910265871695870374e+03 7.094705153408180195e+03 7.259289517816032458e+03 7.400383061065908805e+03 7.514118600501054061e+03 7.596533698810849273e+03 7.643707748944621926e+03 7.651855660715143131e+03 7.617579195910417184e+03 7.538098877831518621e+03 7.411518780673004585e+03 7.237208243565070916e+03 7.016157451451208544e+03 6.751299877550750352e+03 6.447789739502703924e+03 6.113175012334204439e+03 5.757310748142137527e+03 5.391776017978591881e+03 5.029206660156125508e+03 4.683172856023771601e+03 4.363850332162098312e+03 4.078691956343557194e+03 3.837390878545310443e+03 3.634020179286733310e+03 3.455920083940471613e+03 3.289863800609146438e+03 3.118112636681029926e+03 2.917749904114344190e+03 2.673396600568266877e+03 2.392160090212320938e+03 2.101675180536130028e+03 1.835325154030669410e+03 1.622839313602819857e+03 1.477547214216088378e+03 1.379897025476561112e+03 1.286021421348040576e+03 1.160436921032330019e+03 1.005148065734510055e+03 8.575612959938994209e+02 7.569256782840824371e+02 6.942824170371535502e+02 6.295047164026267410e+02 5.442492962390215325e+02 4.677828226979613078e+02 4.181770271162078529e+02 3.733037342196300301e+02 3.222077870962509678e+02 2.819465520912388001e+02 2.493471904607918646e+02 2.162905864135182412e+02 1.894679843524893101e+02 1.654826805751841050e+02 1.442586095272517355e+02 1.259786961183914116e+02 1.098596634993818384e+02 9.587523000242028104e+01 8.369224861858111808e+01 7.307919689226575599e+01 6.387186114437253792e+01 5.586731053513472034e+01 4.891483312970737529e+01 4.288202757436457802e+01 3.764875109692477650e+01 3.310812235964306893e+01 2.916721169971011918e+01 2.574531754608573308e+01 2.277248367898488013e+01 2.018811067637975043e+01 1.793902939689328591e+01 1.597906636483984322e+01 1.426863480654212424e+01 1.277324579392275972e+01 1.146312963323310719e+01 1.031288218581850913e+01 9.300009400253664182e+00 8.404984638625144555e+00 7.611362494993508143e+00 6.904996160658187776e+00 6.273807604761329593e+00 5.707615996414046045e+00 5.197566184064880801e+00 4.736060181194877039e+00 4.316745810842447462e+00 3.934339548659568919e+00 3.584428454045342605e+00 3.263316732643620099e+00 2.968048867067420549e+00 2.696198919198579347e+00 2.445691891946768504e+00 2.214915530373697372e+00 2.002531850753824560e+00 1.807313959817490545e+00 1.628266917133770475e+00 1.464496650880954487e+00 1.315098560820621598e+00 1.179251168961449991e+00
1.181208192055131803e+03 1.263825060057654582e+03 1.351808905127942808e+03 1.445432370862637981e+03 1.544969381909020285e+03 1.650693785393703820e+03 1.762875117423899837e+03 1.881775124146133294e+03 2.007643880601943010e+03 2.140714883916357849e+03 2.281197472967746307e+03 2.429271402511055385e+03 2.585080702197543815e+03 2.748725492854823642e+03 2.920255508930389624e+03 3.099663986556775853e+03 3.286879637120505777e+03 3.481751504281724465e+03 3.684039915593767546e+03 3.893404822262986727e+03 4.109390779112515702e+03 4.331412107693568032e+03 4.558748951049830794e+03 4.790523352669330052e+03 5.025661919632610079e+03 5.263037794008258061e+03 5.501198048098805884e+03 5.738215122144152701e+03 5.972175531246527498e+03 6.201072868929492870e+03 6.422637127335836340e+03 6.634193561787805265e+03 6.832770144463749602e+03 7.015145149761534412e+03 7.177891098991412946e+03 7.317408985365649642e+03 7.429874064813286168e+03 7.511369952147826552e+03 7.558021439400289637e+03 7.566084369928380511e+03 7.532198267297018901e+03 7.453614901833169824e+03 7.328459117914259878e+03 7.156108243288889753e+03 6.937540846674708519e+03 6.675656504798597780e+03 6.375552093544339186e+03 6.044691007818376420e+03 5.692817232544244689e+03 5.331379489420779464e+03 4.972872289748852381e+03 4.630713644023061534e+03 4.314965946173391785e+03 4.033000327590873439e+03 3.794402899102034098e+03 3.593312999732260323e+03 3.417214039229144873e+03 3.253026899644123660e+03 3.083210068382556983e+03 2.885098725143561296e+03 2.643477914615668396e+03 2.365372950609485088e+03 2.078110829648211165e+03 1.814707311059043604e+03 1.604573105810582774e+03 1.460899282951688065e+03 1.364354573704936683e+03 1.271542379529470736e+03 1.147350329443636383e+03 9.937502906339842639e+02 8.477549101550152955e+02 7.482177056759243214e+02 6.862866992259713470e+02 6.222417968301241444e+02 5.379099211798190936e+02 4.622693711384729909e+02 4.132308408749017303e+02 3.688753320110063783e+02 3.183391525144661500e+02 2.785315054335790705e+02 2.463116172808385045e+02 2.136230613574470567e+02 1.871084318721322575e+02 1.633977106900933904e+02 1.424161155536356205e+02 1.243479648714267540e+02 1.084156297287595692e+02 9.459478126398126108e+01 8.255535194567055157e+01 7.206836032043470652e+01 6.297149781825533665e+01 5.506394820214072894e+01 4.819665043110244085e+01 4.223863834298856546e+01 3.707107866508442839e+01 3.258825779649811238e+01 2.869825719471629810e+01 2.532126930576195889e+01 2.238811723231143702e+01 1.983886999857506339e+01 1.762095943031371448e+01 1.568873896172701521e+01 1.400306774450778313e+01 1.252985585095177434e+01 1.123968182815732675e+01 1.010743423435113009e+01 9.110884324595465600e+00 8.230738760683596666e+00 7.450745949071392538e+00 6.756923898958495656e+00 6.137334048159088340e+00 5.581911462774839627e+00 5.081896122133442439e+00 4.629768705839597764e+00 4.219241864965696642e+00 3.845077515946653701e+00 3.502896367182128046e+00 3.189031258944988512e+00 2.900542986162998105e+00 2.635016693420463962e+00 2.390389772943549929e+00 2.165057463378512903e+00 1.957689318550824176e+00 1.767070440969885858e+00 1.592218157541033019e+00 1.432253060937967337e+00 1.286289421295690349e+00 1.153526760146288854e+00
1.168004281080003693e+03 1.249699874073794263e+03 1.336702282557399030e+03 1.429281205850106517e+03 1.527708398252570987e+03 1.632253873759662838e+03 1.743183995285540277e+03 1.860757867948987496e+03 1.985222870288225749e+03 2.116809266405740345e+03 2.255724576444019476e+03 2.402146863577193926e+03 2.556217818862509375e+03 2.718036871918227462e+03 2.887653836946234605e+03 3.065061607416456354e+03 3.250188121955986844e+03 3.442885938425618406e+03 3.642918846797117567e+03 3.849949414713787974e+03 4.063526633210893579e+03 4.283071870448061418e+03 4.507873878187510854e+03 4.737064331343060985e+03 4.969581105537762596e+03 5.204310852414216242e+03 5.439817251029598992e+03 5.674192836618633919e+03 5.905546470039117594e+03 6.131894079241099462e+03 6.350990621869173083e+03 6.560192315849219085e+03 6.756558822317660088e+03 6.936904033510983936e+03 7.097839860533401406e+03 7.235807203855561966e+03 7.347024132594252478e+03 7.427617620499319855e+03 7.473754666773924328e+03 7.481732720750457702e+03 7.448230071673276143e+03 7.370529746487262855e+03 7.246776012978511062e+03 7.076351831991853032e+03 6.860225461881534102e+03 6.601265429230371410e+03 6.304511409612403440e+03 5.977340785041810705e+03 5.629389513672977046e+03 5.271981011611153917e+03 4.917468782825854760e+03 4.579121770446066876e+03 4.266890814419237358e+03 3.988065127768559250e+03 3.752126576758062129e+03 3.553280278097114660e+03 3.379149035532850576e+03 3.216799744662976082e+03 3.048884732808444369e+03 2.852986225744942203e+03 2.614054249684445494e+03 2.339029286721798599e+03 2.054937204618426222e+03 1.794432933706080348e+03 1.586611718875281667e+03 1.444530448676194965e+03 1.349072356010864723e+03 1.257306100591029235e+03 1.134484241862417775e+03 9.825460567964796610e+02 8.381170877215490691e+02 7.396609475320266256e+02 6.784301049650313189e+02 6.151052467206416168e+02 5.316821318124128766e+02 4.568543710323801292e+02 4.083730718168917520e+02 3.645264338789565386e+02 3.145408536323916451e+02 2.751791555744105722e+02 2.433321196167864287e+02 2.110055711681939954e+02 1.847935913936474890e+02 1.613527764603451260e+02 1.406095172902660977e+02 1.227494646606131425e+02 1.070005692396577643e+02 9.334042382897270329e+01 8.144197903903983615e+01 7.107880355440271103e+01 6.209040038756425872e+01 5.427807453602146381e+01 4.749438211835124690e+01 4.160976163275974216e+01 3.650666754728879937e+01 3.208053723475325825e+01 2.824044837949454845e+01 2.490747270745383446e+01 2.201319913551615670e+01 1.949835378756180049e+01 1.731095886402658834e+01 1.540588527979939393e+01 1.374443035855305517e+01 1.229289648130485801e+01 1.102220466268602905e+01 9.907531245469737513e+00 8.926907925932102472e+00 8.061270202723564537e+00 7.294556729250893490e+00 6.612948017915535992e+00 6.004643374572451009e+00 5.459692379223140435e+00 4.969429028121666647e+00 4.526411784423296503e+00 4.124417476769861146e+00 3.758253575138115199e+00 3.423574849398203668e+00 3.116743024344827528e+00 2.834835563785978341e+00 2.575448969707482938e+00 2.336533034142860288e+00 2.116490379265000499e+00 1.913997805744467096e+00 1.727851899408039849e+00 1.557081662646944586e+00 1.400821644105271213e+00 1.258204119695796708e+00 1.128448552989827824e+00
1.155018458919422528e+03 1.235807257503775872e+03 1.321844493895984897e+03 1.413396825610314409e+03 1.510732136798739248e+03 1.614117958472206965e+03 1.723817637292737118e+03 1.840087080758312595e+03 1.963170926952382843e+03 2.093297504618726634e+03 2.230671391005357236e+03 2.375468614918461299e+03 2.527830526559375357e+03 2.687854165105491120e+03 2.855588753393991738e+03 3.031028320834300757e+03 3.214101739948523118e+03 3.404661610510561331e+03 3.602474788956455996e+03 3.807209104434581604e+03 4.018417057431951434e+03 4.235526988911025910e+03 4.457835876154050311e+03 4.684484445903334745e+03 4.914423722626385825e+03 5.146551558344794103e+03 5.379447200182725283e+03 5.611226464508604295e+03 5.840016081092314380e+03 6.063855572793511783e+03 6.280526573400127745e+03 6.487409530956038907e+03 6.681601599362975321e+03 6.859952066384371392e+03 7.019106292651843432e+03 7.155549779232727815e+03 7.265539513153055850e+03 7.345243560234798679e+03 7.390874886198436798e+03 7.398770728909523314e+03 7.365645628155883060e+03 7.288812400289904872e+03 7.166435247248287851e+03 6.997906605873573426e+03 6.784183257088593564e+03 6.528099230610951963e+03 6.234638223967254817e+03 5.911098074471144173e+03 5.567006957002354284e+03 5.213560370283491466e+03 4.862976741652819328e+03 4.528378301695751361e+03 4.219605930225417978e+03 3.943869196295574966e+03 3.710545571912661217e+03 3.513905186275027972e+03 3.341709175068618606e+03 3.181167494859658291e+03 3.015122429517754881e+03 2.821400843821997114e+03 2.585112993375513724e+03 2.313117846490713418e+03 2.032144612237992078e+03 1.774493090425458377e+03 1.568947398184900749e+03 1.428431917366942116e+03 1.334042801460445844e+03 1.243304794831995196e+03 1.121831013616690825e+03 9.715284909265346869e+02 8.286414955511941116e+02 7.312488554602145996e+02 6.707063134587034483e+02 6.080893807749008602e+02 5.255603647343708644e+02 4.515323361126292525e+02 4.035987638782477802e+02 3.602521535980330896e+02 3.108084009680750910e+02 2.718853284988942960e+02 2.404048673778799809e+02 2.084344166795425508e+02 1.825202265669736619e+02 1.593448490248740654e+02 1.388360234695274187e+02 1.211806316608524554e+02 1.056120945822278401e+02 9.210998369054982504e+01 8.035018636844101536e+01 7.010867552408723213e+01 6.122692719093956981e+01 5.350818071589204550e+01 4.680661476204684135e+01 4.099408477487042290e+01 3.595431434545285043e+01 3.158386261429948050e+01 2.779278116737688720e+01 2.450300636640903207e+01 2.164688250836811534e+01 1.916578361691224686e+01 1.700831270675983475e+01 1.512984922964728618e+01 1.349212130259928699e+01 1.206181686611720494e+01 1.081019346161944839e+01 9.712710376967498505e+00 8.747655689130912293e+00 7.896190290146688717e+00 7.142440196758566451e+00 6.472745920462420699e+00 5.875442520566958926e+00 5.340692453569189979e+00 4.859923069059412626e+00 4.425770433173096485e+00 4.032075372329074092e+00 3.673690939098237074e+00 3.346306070993087189e+00 3.046311439050443326e+00 2.770801545263656074e+00 2.517384636685814137e+00 2.284023034210162173e+00 2.069126792515229241e+00 1.871379835294142646e+00 1.689589854802475033e+00 1.522796982539044164e+00 1.370149029917239858e+00 1.230795457189745923e+00 1.103974708714230868e+00
1.142245241555125631e+03 1.222142732570371209e+03 1.307230733558060592e+03 1.397772815674096819e+03 1.494034149757852674e+03 1.596279205887580019e+03 1.704768445741977303e+03 1.819754952060772212e+03 1.941480526073112514e+03 2.070170847248146856e+03 2.206028814601875183e+03 2.349228389464344673e+03 2.499908251816145366e+03 2.658165600180101592e+03 2.824049739887312626e+03 2.997553806124926723e+03 3.178606039882241930e+03 3.367063388968707841e+03 3.562694744767778957e+03 3.765169132709438600e+03 3.974046982034185021e+03 4.188762356702244688e+03 4.408619433648811537e+03 4.632769160493136042e+03 4.860171782845461166e+03 5.089739089191895800e+03 5.320067037626713500e+03 5.549289614387009351e+03 5.775558512305235126e+03 5.996932568595370867e+03 6.211214668106408681e+03 6.415820041141064394e+03 6.607874187906470979e+03 6.784260937920743345e+03 6.941665597704178253e+03 7.076607099393350836e+03 7.185387519759184215e+03 7.264219425116318234e+03 7.309353427949858997e+03 7.317167603189449437e+03 7.284413417671055868e+03 7.208433397893360961e+03 7.087411777600339519e+03 6.920747253333722256e+03 6.709385751099024674e+03 6.456130174255626116e+03 6.165909661025212699e+03 5.845940646709919747e+03 5.505645511134914159e+03 5.156096396396582350e+03 4.809377544679559833e+03 4.478466524361374468e+03 4.173095902167488930e+03 3.900396680800247850e+03 3.669644698614798017e+03 3.475174406515396640e+03 3.304882438670217198e+03 3.146118327567268352e+03 2.981912714266466992e+03 2.790332558657441041e+03 2.556645342048243492e+03 2.287631219615044756e+03 2.009726255553106284e+03 1.754880995741804099e+03 1.551574642645820404e+03 1.412600326087640269e+03 1.319262039424915429e+03 1.229535816222773974e+03 1.109388274671681984e+03 9.606957560437838310e+02 8.193267989981793562e+02 7.229808634491639623e+02 6.631150595865035484e+02 6.011940343096815695e+02 5.195449330604601528e+02 4.463039583600576634e+02 3.989086412481618709e+02 3.560534690894983783e+02 3.071427509993785065e+02 2.686510578951052821e+02 2.375308629244446479e+02 2.059107959975193296e+02 1.802892551500071647e+02 1.573748679616120683e+02 1.370965180907781757e+02 1.196422606033045213e+02 1.042510337310285280e+02 9.090420164445623641e+01 7.928056488418306458e+01 6.915861209448212321e+01 6.038162647841829056e+01 5.275477172181205532e+01 4.613382787861599610e+01 4.039205169135767193e+01 3.541441716278873031e+01 3.109858652637731424e+01 2.735556923653192030e+01 2.410815138034516281e+01 2.128941941798110804e+01 1.884138429416496407e+01 1.671321999817388004e+01 1.486080591514769189e+01 1.324629378385455247e+01 1.183675057426405175e+01 1.060376457879539025e+01 9.523073195491447152e+00 8.573216351719024075e+00 7.735576277549336410e+00 6.994463072575663354e+00 6.336374954440082696e+00 5.749781041845412943e+00 5.224955223813375405e+00 4.753417056301450394e+00 4.327879307101347273e+00 3.942246137626730818e+00 3.591416296637127914e+00 3.271113308618244009e+00 2.977757035416526143e+00 2.708459235250205932e+00 2.460840011449223486e+00 2.232874158687220945e+00 2.022979232801247473e+00 1.829846258571156792e+00 1.652293714182841100e+00 1.489372220906310718e+00 1.340242022052072102e+00 1.204068867283713207e+00 1.080109315923559743e+00
1.129680547132581978e+03 1.208700769906129835e+03 1.292854849016850949e+03 1.382403424804937231e+03 1.477608398422912387e+03 1.578731430175577088e+03 1.686029989583911401e+03 1.799754345716211219e+03 1.920143761004678936e+03 2.047421287546528447e+03 2.181787641878756403e+03 2.323415314674575711e+03 2.472441902870708418e+03 2.628962571245608615e+03 2.793025484522245279e+03 2.964624387905319054e+03 3.143689529708133250e+03 3.330078439882879593e+03 3.523562552367809076e+03 3.723815311476821080e+03 3.930400843414898645e+03 4.142759816053621762e+03 4.360204147461216962e+03 4.581893781517540447e+03 4.806802539564179824e+03 5.033853108959716337e+03 5.261655293711702143e+03 5.488364406546252212e+03 5.712152528570139111e+03 5.931099516525088802e+03 6.143032721889801905e+03 6.345396989628107804e+03 6.535347754779155366e+03 6.709802769536478081e+03 6.865484807027463830e+03 6.998950005824284744e+03 7.106541960231830672e+03 7.184515083484636307e+03 7.229159704353470261e+03 7.236893414673308143e+03 7.204503983465204328e+03 7.129363745978853331e+03 7.009676491320695277e+03 6.844845406009302678e+03 6.635806350815304540e+03 6.385333163208049882e+03 6.098300764460435857e+03 5.781843710071108035e+03 5.445281936061261149e+03 5.099568233411603615e+03 4.756650973893310038e+03 4.429366888739968090e+03 4.127343298900226728e+03 3.857632528351855399e+03 3.629410277882764149e+03 3.437075137207943044e+03 3.268655145776367135e+03 3.111639988138827903e+03 2.949244055132356607e+03 2.759769592233004005e+03 2.528640633608497410e+03 2.262559210572028860e+03 1.987673293748629021e+03 1.735590105102756297e+03 1.534487196390031613e+03 1.397028909763489537e+03 1.304724318644949790e+03 1.215993582394036821e+03 1.097150895939459588e+03 9.500433539053932464e+02 8.101690012975543596e+02 7.148533079419510159e+02 6.556527771029398082e+02 5.944160083248738147e+02 5.136328377079029224e+02 4.411663224980332529e+02 3.943001457359102915e+02 3.519280206001212150e+02 3.035418107330494308e+02 2.654743443470154034e+02 2.347083345296564119e+02 2.034329524503040147e+02 1.780992448711949692e+02 1.554414744207314811e+02 1.353897809232661871e+02 1.181332586659534627e+02 1.029162983508752944e+02 8.972210197737040005e+01 7.823230285055265654e+01 6.822783550140579223e+01 5.955371640007864187e+01 5.201712299650739624e+01 4.547538124836275841e+01 3.980309159957698029e+01 3.488645448214510481e+01 3.062422625947064603e+01 2.692836459279554262e+01 2.372249226423803847e+01 2.094042455707754158e+01 1.852479833721185543e+01 1.642534904381935590e+01 1.459844780643602569e+01 1.300666308690402495e+01 1.161743425259169449e+01 1.040267435850484823e+01 9.338394025653371955e+00 8.403380915436407861e+00 7.579235094999166478e+00 6.850447816254421340e+00 6.203672528783650719e+00 5.627510341010341754e+00 5.112344917641745923e+00 4.649787083126354581e+00 4.232625768169005376e+00 3.854828034546315951e+00 3.511338311313513483e+00 3.197914864290045234e+00 2.911006830792644440e+00 2.647743556418122868e+00 2.405757330572920960e+00 2.183035500943600216e+00 1.978003019967919940e+00 1.789357727277916421e+00 1.615928445430236504e+00 1.456775908249581697e+00 1.311072344433201975e+00 1.177999143287703054e+00 1.056830036823719565e+00
1.117319920888473916e+03 1.195477278971259011e+03 1.278712417334307020e+03 1.367283319968250680e+03 1.461449139778773542e+03 1.561468277733164314e+03 1.667595396359343113e+03 1.780078229808582364e+03 1.899153480985214628e+03 2.025041465030129530e+03 2.157940798210633602e+03 2.298021901231789343e+03 2.445420453180101504e+03 2.600232125308146806e+03 2.762504223374136927e+03 2.932229591702393463e+03 3.109339998579333496e+03 3.293693627790346000e+03 3.485064809078025064e+03 3.683131891494950196e+03 3.887462982095256848e+03 4.097504111912626286e+03 4.312575104325952452e+03 4.531845832179484205e+03 4.754299802169326540e+03 4.978872415679190453e+03 5.204190204193109821e+03 5.428427918537223377e+03 5.649775167248826619e+03 5.866334399871345340e+03 6.075958027296582259e+03 6.276114697127428371e+03 6.463996044652206365e+03 6.636553306551447349e+03 6.790540203242311691e+03 6.922554416085255980e+03 7.028977499883572818e+03 7.106103646901626234e+03 7.150266643794902848e+03 7.157922623222521906e+03 7.125892376173527737e+03 7.051576521987846718e+03 6.933200457412098331e+03 6.770173296985942216e+03 6.563420385535407149e+03 6.315684928221387963e+03 6.031787299633212569e+03 5.718785435417268673e+03 5.385897267769618338e+03 5.043955019135007205e+03 4.704778470648719122e+03 4.381063579394085536e+03 4.082332178454970744e+03 3.815561098216271603e+03 3.589827948991762241e+03 3.399592357048228678e+03 3.233014856458555641e+03 3.077720008344178495e+03 2.917102914727470761e+03 2.729701278077070128e+03 2.501089519433374790e+03 2.237893411705124890e+03 1.965978578969354430e+03 1.716612963712916553e+03 1.517678413235754533e+03 1.381711964568383110e+03 1.290424557081033981e+03 1.202672525845287055e+03 1.085114326624340947e+03 9.395669757061543805e+02 8.011641882506643242e+02 7.068625988732362657e+02 6.483162556964214218e+02 5.877525466570663184e+02 5.078215649247996453e+02 4.361173744159180501e+02 3.897713894943362902e+02 3.478739804693049109e+02 3.000040181246519069e+02 2.623538143236950191e+02 2.319359504580514511e+02 2.009997587589700458e+02 1.759490749313725075e+02 1.535436977897141446e+02 1.337148965104064473e+02 1.166527942138595080e+02 1.016071988072025931e+02 8.856304813009538179e+01 7.720480646825095050e+01 6.731576090535440926e+01 5.874278099191212732e+01 5.129486012195896194e+01 4.483088149293397606e+01 3.922681052089184561e+01 3.437005869834305827e+01 3.016044793012057568e+01 2.651086220769350987e+01 2.334574660415531966e+01 2.059963494052473720e+01 1.821578097514566963e+01 1.614447231177385689e+01 1.434256318559824628e+01 1.277303167466132905e+01 1.140368323754680979e+01 1.020675020608076267e+01 9.158511880485029621e+00 8.237999657985906055e+00 7.427027953222115286e+00 6.710266241440398183e+00 6.074520628208684769e+00 5.508522013605957390e+00 5.002762118226365295e+00 4.548942242484540266e+00 4.139927152774086849e+00 3.769746493517420305e+00 3.433390173620728625e+00 3.126651066336791018e+00 2.846007487073329401e+00 2.588606726467284513e+00 2.352093710076621935e+00 2.134468528010094346e+00 1.934163608449593230e+00 1.749883507904332447e+00 1.580467053120165888e+00 1.424984512310438989e+00 1.282619368500860002e+00 1.152567856014101277e+00 1.034120116027593461e+00
1.105158473720679012e+03 1.182466881534890490e+03 1.264798131087724414e+03 1.352407295961651698e+03 1.445550639035528548e+03 1.544483767307738162e+03 1.649458660818440649e+03 1.760720077818873960e+03 1.878501823686695843e+03 2.003022561578076647e+03 2.134478456515427297e+03 2.273037839640714083e+03 2.418835502334999092e+03 2.571965687167513806e+03 2.732475323239321369e+03 2.900357571794935211e+03 3.075544521981188154e+03 3.257896561896758158e+03 3.447189847983489472e+03 3.643105378545124495e+03 3.845217934276665801e+03 4.052978482181200889e+03 4.265714066555490717e+03 4.482605233037695143e+03 4.702644696249896697e+03 4.924779423340772155e+03 5.147652018427827898e+03 5.369457359114985593e+03 5.588403837053303505e+03 5.802613624746913047e+03 6.009963447064512366e+03 6.207952273226484067e+03 6.393797955188671040e+03 6.564484277108334936e+03 6.716803731331118797e+03 6.847389598738600398e+03 6.952662949202122945e+03 7.028957946845353035e+03 7.072646687958879738e+03 7.080224479181235438e+03 7.048547569711086908e+03 6.975044288613453318e+03 6.857957720750233420e+03 6.696705257683403033e+03 6.492201948821805672e+03 6.247159605392020239e+03 5.966346396256913977e+03 5.656744445566106151e+03 5.327470839347638503e+03 4.989239233605524532e+03 4.653742813395832854e+03 4.333539212041633618e+03 4.038046737880343244e+03 3.774168111153409427e+03 3.550884438142663384e+03 3.362715294608822660e+03 3.197949550154219196e+03 3.044347276535461333e+03 2.885482051530566878e+03 2.700117728748119589e+03 2.473982485416739109e+03 2.213626568570774452e+03 1.944635376522161323e+03 1.697944516550662001e+03 1.501144001212972626e+03 1.366645766084726347e+03 1.276359119070925090e+03 1.189570096586803629e+03 1.073276095162382717e+03 9.292651256130642423e+02 7.923113819990444426e+02 6.990079810623877847e+02 6.411052556184977220e+02 5.812033967513559674e+02 5.021113624316375308e+02 4.311575172651171783e+02 3.853229136398976493e+02 3.438921943361680178e+02 2.965300779564061600e+02 2.592902511688459981e+02 2.292146640083161628e+02 1.986120147309511594e+02 1.738396428372959690e+02 1.516823682031241560e+02 1.320727103711732866e+02 1.152016680840396390e+02 1.003244441607899660e+02 8.742767485159149032e+01 7.619864888443294149e+01 6.642297399429888571e+01 5.794923699376375481e+01 5.058835585746115271e+01 4.420071549457347260e+01 3.866358966097371308e+01 3.386557748097300191e+01 2.970755775208986194e+01 2.610333141474809437e+01 2.297815332648321274e+01 2.026726303687915731e+01 1.791452048302579314e+01 1.587075570678747738e+01 1.409329750783251001e+01 1.254552651639134808e+01 1.119560812901380764e+01 1.001608861460719346e+01 8.983511385906773228e+00 8.077146932090707665e+00 7.279019712492591054e+00 6.573974007600114078e+00 5.948966405152011916e+00 5.392856103865584672e+00 4.896241541707260225e+00 4.450913220625618116e+00 4.049810619128533240e+00 3.687025125029475880e+00 3.357592113304733950e+00 3.057339389774304639e+00 2.782774614855885176e+00 2.531063135970122335e+00 2.299862529846799397e+00 2.087185518821616181e+00 1.891471995943336815e+00 1.711433154117717015e+00 1.545917523422333240e+00 1.394004489749683273e+00 1.254888243638521361e+00 1.127779171305002048e+00 1.011982958298822677e+00
1.093192439084216176e+03 1.169665672150804085e+03 1.251107614964339064e+03 1.337770454663823784e+03 1.429907607039893946e+03 1.527772183575961890e+03 1.631613104116823706e+03 1.741672580084156607e+03 1.858182213276771790e+03 1.981357154855945510e+03 2.111392295300914157e+03 2.248455013240260087e+03 2.392677809303328559e+03 2.544153589857602583e+03 2.702928806307232207e+03 2.868996988120103651e+03 3.042291379203689303e+03 3.222673726946449278e+03 3.409922191314823976e+03 3.603721153703452728e+03 3.803650792683725285e+03 4.009167931382802180e+03 4.219606441742312199e+03 4.434155466626400994e+03 4.651818693280805746e+03 4.871555499233748378e+03 5.092023083809151103e+03 5.311434019165175414e+03 5.528017295879583799e+03 5.739916655958012598e+03 5.945031057955076903e+03 6.140884015495988024e+03 6.324725542250945182e+03 6.493573230176506513e+03 6.644252830671307493e+03 6.773432673975172293e+03 6.877573406022597737e+03 6.953049636750157333e+03 6.996271967303477140e+03 7.003772493339425637e+03 6.972442756378352897e+03 6.899739263336295153e+03 6.783921933173849538e+03 6.624416186907710653e+03 6.422125666946943966e+03 6.179731839739263705e+03 5.901955348622220299e+03 5.595698624364081297e+03 5.269980477721070201e+03 4.935402056896713475e+03 4.603526129200502510e+03 4.286776094560857928e+03 3.994471054064649252e+03 3.733439408400458433e+03 3.512564685549421938e+03 3.326428642101033802e+03 3.163445808591300192e+03 3.011507815438596026e+03 2.854365008355880491e+03 2.671006597653621156e+03 2.447307920802526496e+03 2.189746733763155135e+03 1.923632630422309603e+03 1.679574303602802502e+03 1.484874197874112497e+03 1.351820731508396420e+03 1.262518008265927847e+03 1.176676174546635366e+03 1.061626310988464411e+03 9.191278234990005558e+02 7.836009550531381365e+02 6.912802352007651052e+02 6.340101325613192103e+02 5.747591733286294584e+02 4.964929886258433953e+02 4.262777607083683620e+02 3.809460015908966284e+02 3.399741498648523930e+02 2.931120471201658688e+02 2.562761590376216532e+02 2.265372666714755781e+02 1.962631648174782697e+02 1.717646793314951879e+02 1.498517145390169105e+02 1.304577970251840213e+02 1.137748855162565036e+02 9.906345735100018146e+01 8.631180310328061012e+01 7.520999044036008740e+01 6.554591840402204639e+01 5.716990581135805627e+01 4.989470509875143733e+01 4.358219241213021888e+01 3.811094475518496694e+01 3.337073344389316532e+01 2.926347569373749025e+01 2.570387400957085333e+01 2.261797963821692292e+01 1.994172644908217507e+01 1.761957119992792897e+01 1.560287835178725224e+01 1.384944441691873607e+01 1.232304678253277075e+01 1.099220498685852654e+01 9.829773942443271295e+00 8.812556946563061544e+00 7.920060175796099777e+00 7.134515320619581935e+00 6.440939110485500052e+00 5.826436509263912988e+00 5.279993203579651073e+00 4.792312935974834431e+00 4.355274680952831545e+00 3.961892267841127246e+00 3.606318542816104422e+00 3.283634378734587411e+00 2.989702679391509133e+00 2.721060572094942565e+00 2.474891800800253616e+00 2.248866944921561917e+00 2.041011527425994565e+00 1.849773080691446969e+00 1.673869492866264963e+00 1.512158825465355516e+00 1.363729213906177629e+00 1.227785041380163644e+00 1.103550236260685713e+00 9.903453812306273196e-01
1.081417838952978627e+03 1.157069079361366676e+03 1.237635638201258644e+03 1.323367245463784684e+03 1.414514641031086740e+03 1.511327731747929192e+03 1.614052775034827619e+03 1.722929518138272670e+03 1.838187150169143024e+03 1.960038669759750292e+03 2.088676110570796482e+03 2.224265034909379210e+03 2.366937806078180074e+03 2.516785566849923271e+03 2.673854351950631553e+03 2.838138153876574052e+03 3.009570103740014929e+03 3.188013169118064980e+03 3.373249323955128602e+03 3.564967213027631260e+03 3.762748380627943789e+03 3.966056639908728357e+03 4.174234581714510568e+03 4.386479497367650765e+03 4.601805406737826161e+03 4.819182517180843206e+03 5.037282381340619395e+03 5.254337254512796790e+03 5.468595927404025133e+03 5.678221566281236846e+03 5.881134704133383821e+03 6.074885901633453614e+03 6.256756897613376168e+03 6.423795846046104998e+03 6.572859746014839402e+03 6.700656036015350765e+03 6.803683052511006281e+03 6.878353240311405898e+03 6.921116289772739947e+03 6.928541848877304801e+03 6.897553841639174607e+03 6.825636245271227381e+03 6.711069187019424135e+03 6.553280397933984204e+03 6.353166617154754931e+03 6.113382898790287982e+03 5.838592154764396582e+03 5.535626644830686928e+03 5.213408874496229146e+03 4.882422795347401006e+03 4.554109579511375159e+03 4.240759782315282791e+03 3.951591511665866619e+03 3.693360023318923140e+03 3.474857185459000448e+03 3.290721879223938231e+03 3.129492787729757310e+03 2.979192583782663405e+03 2.823744762501512923e+03 2.642359669841606774e+03 2.421060111041626897e+03 2.166248630702234550e+03 1.902966564371985669e+03 1.661499175178651285e+03 1.468867097109009137e+03 1.337235403517897566e+03 1.248901422692521464e+03 1.163991667701967799e+03 1.050166462507861752e+03 9.091573512076671477e+02 7.750359257851774828e+02 6.836826263374110795e+02 6.270350109304596344e+02 5.684244368272835572e+02 4.909710992755907455e+02 4.214831472141113409e+02 3.766457891348792373e+02 3.361251187803309222e+02 2.897551511253916487e+02 2.533165042288945870e+02 2.239086069592750619e+02 1.939577180942191887e+02 1.697285736120013269e+02 1.480558256872214429e+02 1.288740156741563965e+02 1.123759993511692130e+02 9.782753451040321124e+01 8.521848030176566624e+01 7.424163876368353954e+01 6.468718152793425702e+01 5.640714103580870642e+01 4.921605599297419786e+01 4.297727893829651435e+01 3.757067651969380506e+01 3.288717264509188709e+01 2.882970264195911980e+01 2.531385418721026070e+01 2.226646237538524531e+01 1.962414528699033411e+01 1.733194758556289372e+01 1.534175901788425733e+01 1.361183532622899151e+01 1.210634366257490768e+01 1.079415150289623959e+01 9.648417004946223230e+00 8.646198871070529535e+00 7.767235052788202587e+00 6.993961060322881451e+00 6.311563186314566032e+00 5.707292253269593552e+00 5.170258279013606462e+00 4.691268554102163257e+00 4.262289336890559888e+00 3.876407972050818884e+00 3.527838104493123961e+00 3.211705965520589512e+00 2.923909643262164071e+00 2.661015755630696145e+00 2.420226652308357540e+00 2.199226123726199855e+00 1.996052515463996091e+00 1.809160934541924837e+00 1.637275770143094222e+00 1.479264266189345811e+00 1.334222953767460140e+00 1.201365972821792472e+00 1.079930199968113458e+00 9.692503205459462867e-01
1.069830461086247851e+03 1.144672657787016760e+03 1.224377964280681454e+03 1.309193210915835380e+03 1.399366048623756114e+03 1.495144301728971868e+03 1.596771470394778817e+03 1.704484349530244117e+03 1.818509580027038282e+03 1.939058285380089274e+03 2.066320477549325915e+03 2.200459664799530856e+03 2.341606680597442391e+03 2.489852461925360330e+03 2.645242260025856922e+03 2.807769503561421061e+03 2.977368527433219697e+03 3.153904177758113292e+03 3.337160398595173774e+03 3.526828528490634653e+03 3.722495065568333303e+03 3.923631084370306780e+03 4.129585349693959870e+03 4.339561156978091276e+03 4.552585468142116952e+03 4.767640893159350526e+03 4.983412300084313756e+03 5.198148937140681483e+03 5.410118969689459846e+03 5.617505956533257631e+03 5.818253274803714703e+03 6.009938245524568629e+03 6.189868802902281459e+03 6.355125180968864697e+03 6.502600773408834357e+03 6.629035895111152968e+03 6.730966171386649876e+03 6.804843150953655822e+03 6.847154459358694112e+03 6.854505933512784395e+03 6.823854345309991913e+03 6.752710675289231403e+03 6.639373349707951093e+03 6.483276274960208866e+03 6.285304936509531217e+03 6.048085593542859897e+03 5.776234471158603810e+03 5.476508570540060646e+03 5.157734308508431241e+03 4.830284831873114854e+03 4.505477959678545631e+03 4.195473255658831476e+03 3.909391831097993418e+03 3.653917870571729054e+03 3.437748252002871141e+03 3.255580776721797974e+03 3.096078334939628803e+03 2.947390627518687324e+03 2.793610630281441445e+03 2.614167808378936570e+03 2.395227716449211584e+03 2.143123443216928081e+03 1.882629178844047146e+03 1.643712899222917713e+03 1.453115763239770786e+03 1.322883753113017292e+03 1.235502853594481394e+03 1.151510314389043515e+03 1.038890400641873839e+03 8.993483196438612595e+02 7.666109635747151287e+02 6.762102299704858979e+02 6.201749130483134422e+02 5.621942331913263615e+02 4.855413232536457713e+02 4.167693761013836706e+02 3.724182228680471098e+02 3.323411709265637910e+02 2.864556091861203413e+02 2.504078592341186038e+02 2.213255238212102256e+02 1.916927438875725045e+02 1.677285805130736094e+02 1.462921139438365685e+02 1.273190229211894859e+02 1.110028712016082011e+02 9.661469243634589077e+01 8.414585782481670151e+01 7.329191815145836131e+01 6.384522674186259650e+01 5.565950699922078826e+01 4.855109605992100796e+01 4.238478707568746984e+01 3.704170211938367885e+01 3.241389926082175066e+01 2.840532090150750832e+01 2.493242913369474323e+01 2.192283032597041981e+01 1.931381453986829300e+01 1.705100431603838018e+01 1.508680602913642588e+01 1.337992724974238179e+01 1.189491874915170122e+01 1.060099052368471106e+01 9.471599247638616603e+00 8.484054981968929710e+00 7.618323231201513224e+00 6.857039384453237574e+00 6.185556197292219061e+00 5.591268351418572813e+00 5.063408810217067568e+00 4.592887212298596644e+00 4.171756155585469195e+00 3.793175746843902463e+00 3.451419819061726901e+00 3.141659709311615423e+00 2.859828614731785290e+00 2.602522580992753021e+00 2.366962827454215379e+00 2.150846683021201855e+00 1.952225447862306451e+00 1.769561855877000989e+00 1.601586715920567672e+00 1.447176193467649696e+00 1.305434843920356469e+00 1.175586083200379051e+00 1.056879154252024611e+00 9.486622250835403669e-01
1.058426197051189547e+03 1.132472483750476158e+03 1.211330209184439354e+03 1.295243413105818490e+03 1.384457316767962084e+03 1.479217238766853370e+03 1.579763760602630555e+03 1.686331050576443204e+03 1.799143524670183979e+03 1.918409820415605282e+03 2.044318392555415357e+03 2.177031279875814562e+03 2.316677281021358340e+03 2.463345881047917374e+03 2.617082623517418142e+03 2.777881598851301078e+03 2.945676789174498481e+03 3.120335125188464644e+03 3.301642444077489472e+03 3.489292840627481837e+03 3.682879538677018900e+03 3.881877003998053624e+03 4.085640482674437862e+03 4.293384652670421929e+03 4.504145060543014552e+03 4.716914271107439163e+03 4.930392170399772112e+03 5.142848196450263458e+03 5.352567774728048789e+03 5.557752072828457131e+03 5.756366323489110073e+03 5.946016038816242144e+03 6.124037300156285710e+03 6.287540618145510962e+03 6.433452609372162442e+03 6.558548581067800114e+03 6.659399999352099258e+03 6.732496187585877124e+03 6.774363306309784093e+03 6.781641893565169994e+03 6.751321289593968686e+03 6.680939093347972630e+03 6.568810682188720421e+03 6.414377496124654499e+03 6.218515310491201490e+03 5.983821234002009987e+03 5.714862853668265416e+03 5.418325536152866334e+03 5.102940607388050921e+03 4.778970237152798290e+03 4.457614612620703156e+03 4.150903614843960895e+03 3.867860231868639403e+03 3.615098283119237749e+03 3.401225527077033348e+03 3.220996094220129635e+03 3.063192406277120426e+03 2.916090282049475263e+03 2.763952385799384956e+03 2.586420771988051001e+03 2.369803742214027807e+03 2.120363683241560011e+03 1.862613618709621505e+03 1.626208594867060128e+03 1.437615073832697362e+03 1.308760938355089138e+03 1.222317853745622870e+03 1.139228186206921691e+03 1.027794999530607583e+03 8.896971285221144399e+02 7.583231246023590302e+02 6.688605577476774897e+02 6.134276136368481502e+02 5.560667432433382373e+02 4.802020116531900840e+02 4.121349030481666205e+02 3.682620280152016790e+02 3.286212529018447412e+02 2.832125256971090153e+02 2.475493979528659167e+02 2.187872593311207083e+02 1.894675762598340327e+02 1.657640868051944381e+02 1.445601383193887841e+02 1.257923562093367593e+02 1.096550896577022201e+02 9.542455296930741326e+01 8.309362548168829221e+01 7.236050853287044049e+01 6.301978752110399995e+01 5.492677622171154184e+01 4.789961716245540657e+01 4.180451754198811187e+01 3.652383405021406304e+01 3.195074097906739752e+01 2.799017232914607689e+01 2.455945132471639170e+01 2.158694358613885811e+01 1.901060058142627440e+01 1.677661376671054327e+01 1.483789789882167121e+01 1.315360506053114165e+01 1.168866348996126092e+01 1.041261985629377484e+01 9.299224105504720228e+00 8.326033365563324296e+00 7.473236974989761805e+00 6.723666992576156076e+00 6.062839974946069965e+00 5.478292296263794547e+00 4.959378076980242689e+00 4.497107822168315394e+00 4.083619396901704057e+00 3.712144870637412275e+00 3.377017632196053221e+00 3.073453941509479481e+00 2.797422127489837429e+00 2.545547652150009998e+00 2.315070755964876881e+00 2.103702469941069353e+00 1.909507086804219878e+00 1.730955085254804571e+00 1.566783740923735735e+00 1.415877975394816080e+00 1.277350037914548153e+00 1.150432153830841520e+00 1.034385358595243387e+00 9.285706386804224444e-01
1.047201526175104163e+03 1.120464175452575319e+03 1.198487585914600913e+03 1.281513213868000321e+03 1.369783499545361565e+03 1.463540625609488188e+03 1.563023372431579901e+03 1.668463504184323710e+03 1.780082276012315560e+03 1.898086801596930627e+03 2.022663157831546187e+03 2.153971325988402441e+03 2.292139412399669709e+03 2.437256045867050489e+03 2.589366225337410469e+03 2.748463957656234925e+03 2.914483673796883068e+03 3.087293819210868605e+03 3.266683079260521936e+03 3.452348984724775619e+03 3.643887794578072771e+03 3.840779926496819826e+03 4.042388052466887075e+03 4.247935193123434146e+03 4.456467614598054752e+03 4.666987720069741954e+03 4.878208498720204261e+03 5.088418441791947771e+03 5.295921230987391027e+03 5.498938078666388719e+03 5.695455451740077478e+03 5.883101032638690413e+03 6.059242639138375125e+03 6.221021016643830080e+03 6.365391946517616816e+03 6.489168756371391282e+03 6.588958689746341406e+03 6.661286723376456393e+03 6.702715996329832706e+03 6.709922194270499858e+03 6.679927059001679481e+03 6.610294467916642134e+03 6.499356624506654043e+03 6.346560840669597383e+03 6.152774651115075358e+03 5.920567545924360275e+03 5.654456112551776641e+03 5.361055513622324725e+03 5.049006607238314245e+03 4.728463245654214006e+03 4.410504011058187643e+03 4.107033341629538882e+03 3.826980486617504994e+03 3.576889001809890487e+03 3.365277012966507755e+03 3.186954231347447148e+03 3.030823167945260138e+03 2.885283073591857828e+03 2.734759560642218275e+03 2.559109113296100077e+03 2.344778592835730251e+03 2.097961846686546323e+03 1.842913149055305894e+03 1.608980497634013318e+03 1.422359749256744408e+03 1.294861841580008104e+03 1.209341869888567089e+03 1.127140523164551496e+03 1.016875836989503568e+03 8.802008040419124200e+02 7.501695372875790326e+02 6.616306165659664202e+02 6.067906132738186216e+02 5.500394208565541021e+02 4.749509174765453281e+02 4.075780162113817369e+02 3.641754695819246876e+02 3.249637504465652569e+02 2.800244652153029392e+02 2.447399006128182748e+02 2.162925905097268355e+02 1.872811726185455541e+02 1.638341662169579820e+02 1.428589785232060194e+02 1.242932351534781787e+02 1.083319750979527782e+02 9.425648325907960157e+01 8.206119121011730044e+01 7.144689356886179610e+01 6.221035582611593640e+01 5.420849630035488076e+01 4.726120537066167770e+01 4.123608574532914872e+01 3.601671491074733922e+01 3.149736703111688740e+01 2.758395152017586582e+01 2.419463899683639241e+01 2.125854215361596999e+01 1.871426329765986907e+01 1.650855390455132010e+01 1.459482901902164187e+01 1.293267810237435356e+01 1.148740087188560999e+01 1.022887498860158395e+01 9.131138582962583072e+00 8.171991711379586576e+00 7.331844160376133068e+00 6.593721805913441258e+00 5.943302534558091210e+00 5.368261895739805389e+00 4.858072859060665216e+00 4.403845014259484714e+00 3.997800605724405543e+00 3.633243235224269618e+00 3.304565473912721707e+00 3.007028424567763647e+00 2.736635590590495770e+00 2.490041840539620743e+00 2.264506527296462401e+00 2.057754469561768218e+00 1.867862935294263504e+00 1.693310207288459601e+00 1.532840029581413965e+00 1.385345901229010579e+00 1.249947479630233893e+00 1.125885401422069387e+00 1.012431982458506408e+00 9.089604315645627430e-01
1.036152911003248846e+03 1.108644174405035301e+03 1.185846225585099774e+03 1.267997960705139576e+03 1.355339129419848177e+03 1.448109921589627447e+03 1.546545910690430674e+03 1.650875986737925814e+03 1.761319566778101944e+03 1.878081957415266515e+03 2.001347057795400133e+03 2.131272736543464362e+03 2.267985768735352394e+03 2.411574852587979422e+03 2.562083969998961948e+03 2.719506610465021822e+03 2.883779190396921422e+03 3.054770334094268037e+03 3.232270744991502397e+03 3.415982344690714399e+03 3.605505817781262976e+03 3.800326706765333256e+03 3.999813609902224925e+03 4.203197224988970447e+03 4.409535206369900152e+03 4.617841420620265126e+03 4.826841563896585285e+03 5.034840315938972708e+03 5.240161583236495972e+03 5.441044716285474351e+03 5.635495882670911669e+03 5.821169924631859431e+03 5.995461166340268392e+03 6.155540903729098318e+03 6.298398192169654067e+03 6.420876494694638495e+03 6.519620025982537300e+03 6.591191543718109642e+03 6.632189414903295074e+03 6.639326026566742257e+03 6.609652288014922306e+03 6.540756330317402899e+03 6.430990670329093518e+03 6.279807298065958094e+03 6.088063794689391216e+03 5.858302904690802279e+03 5.594993987312124773e+03 5.304682516247453350e+03 4.995917583004224070e+03 4.678745780212509089e+03 4.364130581436047578e+03 4.063850376923897329e+03 3.786740737255736803e+03 3.539278125408656706e+03 3.329890612026666531e+03 3.153444821163133383e+03 2.998959930165775859e+03 2.854956227486974512e+03 2.706022987401923274e+03 2.532224790010437573e+03 2.320144628074157481e+03 2.075910113659174840e+03 1.823521505092886855e+03 1.592023101100248141e+03 1.407344605115979220e+03 1.281182118638333122e+03 1.196570534480066044e+03 1.115243710339383597e+03 1.006129393120675786e+03 8.708556389586647128e+02 7.421472349348094895e+02 6.545180581951083241e+02 6.002613294833514601e+02 5.441102920887518621e+02 4.697860972285054117e+02 4.030967869751596027e+02 3.601569671274796178e+02 3.213672600880788650e+02 2.768902094716463012e+02 2.419781214555248710e+02 2.138406035551461457e+02 1.851326039384544515e+02 1.619379530166910683e+02 1.411878730630396035e+02 1.228209731708937227e+02 1.070328280278631894e+02 9.310989161436695838e+01 8.104802710512636565e+01 7.055060200668908976e+01 6.141651767549748797e+01 5.350427918414823125e+01 4.663549957462429063e+01 4.067916129583857554e+01 3.552004196830686311e+01 3.105349829241167825e+01 2.718640033232891184e+01 2.383775330231473433e+01 2.093740499015842005e+01 1.842459788790255359e+01 1.624663459078554339e+01 1.435742242809297942e+01 1.271698124143641095e+01 1.129097640085135623e+01 1.004961131969511356e+01 8.967207711386999236e+00 8.021804685542143432e+00 7.194028689211086736e+00 6.467095966087300418e+00 5.826842962601961773e+00 5.261082419515160424e+00 4.759404650592989228e+00 4.313017048884642435e+00 3.914225243776588314e+00 3.556403581157009608e+00 3.234003166917623240e+00 2.942329581867024313e+00 2.677421299540942545e+00 2.435962451950543617e+00 2.215231777734380625e+00 2.012968264733154822e+00 1.827262333998313171e+00 1.656600082485374825e+00 1.499731583728494577e+00 1.355558658520856774e+00 1.223208149016116630e+00 1.101928819597596254e+00 9.910038359578539069e-01 8.898180401211914781e-01
1.025276251148789697e+03 1.097008450774339281e+03 1.173401963075272533e+03 1.254693303979073789e+03 1.341120196102861883e+03 1.432919561353997778e+03 1.530324680804260652e+03 1.633562277915895038e+03 1.742849295995368948e+03 1.858388868425688088e+03 1.980362886900567901e+03 2.108927714724571615e+03 2.244209102537518447e+03 2.386294222392168649e+03 2.535226870126916310e+03 2.691001034248483847e+03 2.853553173465710188e+03 3.022753499339507471e+03 3.198395323424877006e+03 3.380183538744029192e+03 3.567722004898814248e+03 3.760502295170569141e+03 3.957901185100511611e+03 4.159157756401460574e+03 4.363336050367008284e+03 4.569461170527337345e+03 4.776274445395703879e+03 4.982097833246198206e+03 5.185271592396716187e+03 5.384052768078880945e+03 5.576469418869130095e+03 5.760203488403842130e+03 5.932673930595313323e+03 6.091080795524890164e+03 6.232446520356834299e+03 6.353647327035735543e+03 6.451362418523411179e+03 6.522189998532717254e+03 6.562763087429701045e+03 6.569828713735440033e+03 6.540470177412642443e+03 6.472301173402128370e+03 6.363689506345269365e+03 6.214092686253749889e+03 6.024359512029869620e+03 5.797006563477040800e+03 5.536457106553381891e+03 5.249186786996832780e+03 4.943654465622619682e+03 4.629802055395281968e+03 4.318478851612143444e+03 4.021339522480232972e+03 3.747127366402251937e+03 3.502252421198047159e+03 3.295055745284460500e+03 3.120457595884894090e+03 2.967592758571514878e+03 2.825101986221514380e+03 2.677733817059944613e+03 2.505757127638993097e+03 2.295894028608606277e+03 2.054201545750572677e+03 1.804431914842441074e+03 1.575330338901063669e+03 1.392564694153234996e+03 1.267717068653695378e+03 1.183999920898527080e+03 1.103533181422606049e+03 9.955520456315006186e+02 8.616587432056008993e+02 7.342536654744716316e+02 6.475205854565155050e+02 5.938377396347246986e+02 5.382772828390278619e+02 4.647058595021139809e+02 3.986898444862114275e+02 3.562051988984192121e+02 3.178306618014884748e+02 2.738087297821079460e+02 2.392632324426563173e+02 2.114304858339282021e+02 1.830212184893455571e+02 1.600748979861527914e+02 1.395463478365589651e+02 1.213751161327649726e+02 1.057572779981301068e+02 9.198445134177761418e+01 8.005379888073258599e+01 6.967131724511406787e+01 6.063797888885559217e+01 5.281386021514015994e+01 4.602226262253253708e+01 4.013352540410588887e+01 3.503361395517626420e+01 3.061895075077023876e+01 2.679734938916238463e+01 2.348863572928040355e+01 2.062338193212421444e+01 1.814146197101597124e+01 1.599072178497966057e+01 1.412555274421787388e+01 1.250639735522628015e+01 1.109928039311481207e+01 9.874725789463740355e+00 8.807334422667286944e+00 7.875380737812231580e+00 7.059704316785234468e+00 6.343708587157482093e+00 5.713385940099183102e+00 5.156684233734777578e+00 4.663309439308299886e+00 4.224565337504506246e+00 3.832839782785090854e+00 3.481576923679335245e+00 3.165285684371563324e+00 2.879316007981701731e+00 2.619741482439257307e+00 2.383275562521871560e+00 2.167216435321190016e+00 1.969317282594490015e+00 1.787681637865350170e+00 1.620803540202013560e+00 1.467439498924228536e+00 1.326499556249841172e+00 1.197117434496316690e+00 1.078549580889355042e+00 9.700894926899790160e-01 8.711331186676901650e-01
1.014568366921939969e+03 1.085552986700861311e+03 1.161150681029521593e+03 1.241595204768200801e+03 1.327121510798770942e+03 1.417964664410554406e+03 1.514355036250283320e+03 1.616517036471516576e+03 1.724665891120598872e+03 1.839001346183576970e+03 1.959703885180373845e+03 2.086928957804306719e+03 2.220800583956122864e+03 2.361405481402167879e+03 2.508786502589364318e+03 2.662937265723014661e+03 2.823795906438178008e+03 2.991233617126179524e+03 3.165045329017090808e+03 3.344939187259185928e+03 3.530524116393253280e+03 3.721297019622557855e+03 3.916640126777668229e+03 4.115799695560406690e+03 4.317851665230680737e+03 4.521830801521263311e+03 4.726490707128175018e+03 4.930171904863694181e+03 5.131231177359682988e+03 5.327944537657788715e+03 5.518360955864638527e+03 5.700183781044762327e+03 5.870860768029097017e+03 6.027621594867543536e+03 6.167518286694602466e+03 6.287460922125678735e+03 6.384162108402932063e+03 6.454255787149108983e+03 6.494412052978539577e+03 6.501408620901050199e+03 6.472359437056391471e+03 6.404905015821170309e+03 6.297430081786810661e+03 6.149395729108987325e+03 5.961642582784276783e+03 5.736661719304808685e+03 5.478827678325416855e+03 5.194550322884572779e+03 4.892201267267110779e+03 4.581617530118289324e+03 4.273534305390829104e+03 3.979486561607948261e+03 3.708127456464688748e+03 3.465799893187049747e+03 3.260759950185950402e+03 3.087981356390057954e+03 2.936711425067872369e+03 2.795709273040090466e+03 2.649881933695646694e+03 2.479700052662245980e+03 2.272018191623528310e+03 2.032829170501917815e+03 1.785638368617365131e+03 1.558897614430681415e+03 1.378015451252496177e+03 1.254462186852913646e+03 1.171625361596389439e+03 1.092006156093629215e+03 9.851404199663155623e+02 8.526068026088048555e+02 7.264856769394644971e+02 6.406351869703130433e+02 5.875174260803054267e+02 5.325381924128153059e+02 4.597082637043317845e+02 3.943553784824656532e+02 3.523186481034188660e+02 3.143524462944107540e+02 2.707786902059802969e+02 2.365940048735082826e+02 2.090610610964798752e+02 1.809459552683215122e+02 1.582440278836476750e+02 1.379334944996410286e+02 1.199548173094628254e+02 1.045046006896849917e+02 9.087945677214929674e+01 7.907791645860811514e+01 6.880849785279833952e+01 5.987425654803595165e+01 5.213678413126557132e+01 4.542107605337711362e+01 3.959880078145098281e+01 3.455708602211431923e+01 3.019340399126845043e+01 2.641650048795635541e+01 2.314701136823205374e+01 2.031622138655203003e+01 1.786462481738895391e+01 1.574060187863757498e+01 1.389902067866102442e+01 1.230074032882112078e+01 1.091213977099702603e+01 9.704058166851270428e+00 8.651370687430290474e+00 7.732583126254032102e+00 6.928744647839905291e+00 6.223442767111108331e+00 5.602823298069681712e+00 5.054967300326967283e+00 4.569694881641710893e+00 4.138404913696942522e+00 3.753566394896574288e+00 3.408692383995733710e+00 3.098348921209621576e+00 2.817930042427196025e+00 2.563544390678936136e+00 2.331934685460330670e+00 2.120418745476664757e+00 1.926764178511695347e+00 1.749087719317020007e+00 1.585891378495799531e+00 1.435938032771057804e+00 1.298145752843331335e+00 1.171654939145569507e+00 1.055729448553620831e+00 9.496727082409386345e-01 8.528912439569054094e-01
1.004025721833471835e+03 1.074274319104331198e+03 1.149088371887348558e+03 1.228699124954896661e+03 1.313338964595170410e+03 1.403240582371349319e+03 1.498631871254944144e+03 1.599734884708047730e+03 1.706762630488863351e+03 1.819912549134900019e+03 1.939363652605093648e+03 2.065270037224621319e+03 2.197753947665204578e+03 2.336900858755539502e+03 2.482753825619237887e+03 2.635306761756783544e+03 2.794497155988684881e+03 2.960199002571715937e+03 3.132209680479296367e+03 3.310239139607718243e+03 3.493900346905580136e+03 3.682695861288311335e+03 3.876014781232508540e+03 4.073111069133920410e+03 4.273069029160503305e+03 4.474935080989024755e+03 4.677476430919326958e+03 4.879048059739733617e+03 5.078024547158954192e+03 5.272701125570451950e+03 5.461147050331749597e+03 5.641088101937302781e+03 5.809999303805253476e+03 5.965139359681999849e+03 6.103590189612385984e+03 6.222294060589269066e+03 6.317997836502398059e+03 6.387370036233841347e+03 6.427114777602052527e+03 6.434043750992494097e+03 6.405300931474453137e+03 6.338549945808354096e+03 6.232190882146432159e+03 6.085694827324183279e+03 5.899892354612973577e+03 5.677245671256002424e+03 5.422086647140044079e+03 5.140756890793057210e+03 4.841540582403264125e+03 4.534174081384011515e+03 4.229281348308591078e+03 3.938278681277040505e+03 3.669729156029963178e+03 3.429909197563046291e+03 3.226992808011789293e+03 3.056005478719554048e+03 2.906305609405794257e+03 2.766769547709189737e+03 2.622459048422520482e+03 2.454043945410090600e+03 2.248509727418107104e+03 2.011785658056840930e+03 1.767134973637705571e+03 1.542718766790822428e+03 1.363691464087536360e+03 1.241412973823182710e+03 1.159442957306437847e+03 1.080657894041189593e+03 9.748908374276826407e+02 8.436967849299280715e+02 7.188407707505799635e+02 6.338597782653847617e+02 5.812980749426368448e+02 5.268910739307225413e+02 4.547914105214858296e+02 3.900917708593925681e+02 3.484957813278717822e+02 3.109312934063106582e+02 2.677988396971313136e+02 2.339694318825475818e+02 2.067314556398869740e+02 1.789059487716490651e+02 1.564445736481079052e+02 1.363486599654635540e+02 1.185595120916392347e+02 1.032742399870349459e+02 8.979442963147623402e+01 7.811991907293436554e+01 6.796173227595856758e+01 5.912496933424059620e+01 5.147270749357026176e+01 4.483162624278872244e+01 3.907470034067949882e+01 3.409019525332433176e+01 2.977661676859334605e+01 2.604363110188786834e+01 2.281267339303944652e+01 2.001573018850670138e+01 1.759390609428771768e+01 1.549610722543268615e+01 1.367767079322439727e+01 1.209986580591142058e+01 1.072941980589456534e+01 9.537482178938418542e+00 8.499198004935129447e+00 7.593300779593995742e+00 6.801045958201330066e+00 6.106202233134896851e+00 5.495066395908107637e+00 4.955850437814691922e+00 4.478486606355951416e+00 4.054467300182137635e+00 3.676341831044457553e+00 3.337691710576591309e+00 3.033139672125095387e+00 2.758123526782191526e+00 2.508786729560269713e+00 2.281901076455369992e+00 2.074804145906093300e+00 1.885278190928274977e+00 1.711453235304356113e+00 1.551839307830142678e+00 1.405205611049581416e+00 1.270478078526351862e+00 1.146803610385634942e+00 1.033453222770707836e+00 9.297398963160111718e-01 8.350802377366768336e-01
9.936452380327798437e+02 1.063169079826604957e+03 1.137211192416841413e+03 1.216000830602714586e+03 1.299768099067965750e+03 1.388742624142860677e+03 1.483150094706106074e+03 1.583210453360542942e+03 1.689134390320270541e+03 1.801117414563116427e+03 1.919336192271661275e+03 2.043943266747289272e+03 2.175060599505298796e+03 2.312772332751275371e+03 2.457120637796615028e+03 2.608099781681312834e+03 2.765648682342055508e+03 2.929641713850640826e+03 3.099878054285920371e+03 3.276071411515889849e+03 3.457839077695140986e+03 3.644687821041178722e+03 3.836012875895804427e+03 4.031077090535188745e+03 4.228974609284885446e+03 4.428760653116069989e+03 4.629214649770967299e+03 4.828709572455389207e+03 5.025636034969454158e+03 5.218307260581505034e+03 5.404812903777871725e+03 5.582900860678800200e+03 5.750073301292249198e+03 5.903617643788084933e+03 6.040644810700546259e+03 6.158127927875171736e+03 6.252849164096938694e+03 6.321511410278910262e+03 6.360850500349191861e+03 6.367712231626403991e+03 6.339270331782158792e+03 6.273212339901200721e+03 6.167955006737050098e+03 6.022973391543123398e+03 5.839089406053612947e+03 5.618740812088564780e+03 5.366215051269504329e+03 5.087787766784757878e+03 4.791657084618099361e+03 4.487458927667240459e+03 4.185708386543393317e+03 3.897703168012445076e+03 3.631918804326782720e+03 3.394569303571709042e+03 3.193743894268116946e+03 3.024519994217871499e+03 2.876366708075084262e+03 2.738273808945232304e+03 2.595456043909888194e+03 2.428780513474883719e+03 2.225362254119152567e+03 1.991065320245028488e+03 1.748915538347812799e+03 1.526788995532650233e+03 1.349588725582769030e+03 1.228565580513861505e+03 1.147448992715906570e+03 1.069485050039421822e+03 9.647999816986684891e+02 8.349259136593957464e+02 7.113165075014214835e+02 6.271918914629122810e+02 5.751776199996177183e+02 5.213338950612532017e+02 4.499536741380030094e+02 3.858976599749772163e+02 3.447352499968152415e+02 3.075660853063966442e+02 2.648683075519082308e+02 2.313885713052173969e+02 2.044408580200387746e+02 1.769005483690112612e+02 1.546759412252211803e+02 1.347912747688238539e+02 1.171886800478166606e+02 1.020657702189991625e+02 8.872897162784705927e+01 7.717943937866060367e+01 6.713069932649678151e+01 5.838979558123568836e+01 5.082137820400083683e+01 4.425368140558565955e+01 3.856098831889038792e+01 3.363271173957689797e+01 2.936837724639249814e+01 2.567854975501508719e+01 2.248544697572980411e+01 1.972174606526187191e+01 1.732915383401655518e+01 1.525709514092323005e+01 1.346136922774375400e+01 1.190364850698704835e+01 1.055100366011454405e+01 9.374889126569001974e+00 8.350715276821281563e+00 7.457439537677798214e+00 6.676520382571223600e+00 5.991904854356735477e+00 5.390038368881476138e+00 4.859261843442968853e+00 4.389617963810048984e+00 3.972691254625326351e+00 3.601110296425343638e+00 3.268524251606403475e+00 2.969611909538281580e+00 2.699854642337488730e+00 2.455430698071763285e+00 2.233140896381614393e+00 2.030342585712483494e+00 1.844832676465631094e+00 1.674754447990110418e+00 1.518626087874580532e+00 1.375223257028335144e+00 1.243479700017989575e+00 1.122548595919395931e+00 1.011707773655653897e+00 9.102793420330622665e-01 8.176895452521387719e-01
9.834231636769171701e+02 1.052233532375198138e+03 1.125515754329838728e+03 1.203496649593462962e+03 1.286404395372130921e+03 1.374466054423587593e+03 1.467904902595793374e+03 1.566938514438816128e+03 1.671775285202394343e+03 1.782608858388065528e+03 1.899614370719645876e+03 2.022942784533978283e+03 2.152714388492646776e+03 2.289012484355463585e+03 2.431879242224809332e+03 2.581309192401864038e+03 2.737241334261062548e+03 2.899551188913626447e+03 3.068040558923822118e+03 3.242426414811714494e+03 3.422328786932640924e+03 3.607260269864710153e+03 3.796622750117868236e+03 3.989685950635780955e+03 4.185553853404013353e+03 4.383290635220536387e+03 4.581688145107225864e+03 4.779137860694958363e+03 4.974046729555794627e+03 5.164743514596783825e+03 5.349337013143096556e+03 5.525601055949661713e+03 5.691062262024870506e+03 5.843034596209953634e+03 5.978659294979795050e+03 6.094942019286590039e+03 6.188695825138298460e+03 6.256657287625936988e+03 6.295598274695989858e+03 6.302394086286117272e+03 6.274247479732955981e+03 6.208871288158433345e+03 6.104698550365366827e+03 5.961208852055351599e+03 5.779215237951942072e+03 5.561130238308450316e+03 5.311196861132270897e+03 5.035627109739806656e+03 4.742535046857899943e+03 4.441456989616685860e+03 4.142799981853922873e+03 3.857746773859086716e+03 3.594686495378392010e+03 3.359769336921943250e+03 3.161002405844886198e+03 2.993514958539932195e+03 2.846884265313003652e+03 2.710212783949479672e+03 2.568865331564186363e+03 2.403902546431063911e+03 2.202567073362394694e+03 1.970661108109886300e+03 1.730974769220430517e+03 1.511103309360582443e+03 1.335702469923686976e+03 1.215916193034584694e+03 1.135639374557944848e+03 1.058483833365532519e+03 9.548650536599466250e+02 8.262910659594689378e+02 7.039103038852574628e+02 6.206294975318210163e+02 5.691540737457177102e+02 5.158648483662517492e+02 4.451935087665826813e+02 3.817714506891981614e+02 3.410358636510472934e+02 3.042557158164505040e+02 2.619860083060025886e+02 2.288505194904119833e+02 2.021884427660405095e+02 1.749290100514422761e+02 1.529374562822530947e+02 1.332607337089696671e+02 1.158417987943472980e+02 1.008786407891231534e+02 8.768259346101882556e+01 7.625605707111743925e+01 6.631498730138986275e+01 5.766842931057495036e+01 5.018242746671968746e+01 4.368690137394099793e+01 3.805739287902649437e+01 3.318440967652379214e+01 2.896847853301537157e+01 2.532105890077290056e+01 2.216514520356296813e+01 1.943409553126750922e+01 1.707020847593475921e+01 1.502341900981788569e+01 1.324998077863591028e+01 1.171196302865790706e+01 1.037677417843744365e+01 9.216169005273124881e+00 8.205819098130655576e+00 7.324902395162505186e+00 6.555077160400472280e+00 5.880465879452182243e+00 5.287660197132292517e+00 4.765127995260761473e+00 4.303020770189303512e+00 3.893013819651417240e+00 3.527813948741728822e+00 3.201137146716923176e+00 2.907717597364961382e+00 2.643079936369645555e+00 2.403437089220997969e+00 2.185618791314515086e+00 1.987002236609105577e+00 1.805399113348429285e+00 1.638965990501363601e+00 1.486229309462775205e+00 1.345971238088993660e+00 1.217133232367330731e+00 1.098874545303828443e+00 9.904795158484247519e-01 8.912789931088374029e-01 8.007084319733603905e-01
